normalized_name,n_papers_total,years_active,annual_counts,annual_norm,mean_norm_freq,trend_slope,top_source,top_identifier,variant_count
triton x-100,414,"2017,2018,2019,2020,2021,2022,2023,2024,2025,2026","{""2017"": 3, ""2018"": 15, ""2019"": 35, ""2020"": 54, ""2021"": 67, ""2022"": 57, ""2023"": 54, ""2024"": 50, ""2025"": 70, ""2026"": 9}","{""2017"": 0.018519, ""2018"": 0.039578, ""2019"": 0.059423, ""2020"": 0.082695, ""2021"": 0.089692, ""2022"": 0.088924, ""2023"": 0.094077, ""2024"": 0.114943, ""2025"": 0.127971, ""2026"": 0.111111}",0.082693,0.0106852,Sigma-Aldrich,Cat# T8787,107
dapi,373,"2017,2018,2019,2020,2021,2022,2023,2024,2025,2026","{""2017"": 11, ""2018"": 20, ""2019"": 40, ""2020"": 42, ""2021"": 60, ""2022"": 43, ""2023"": 48, ""2024"": 34, ""2025"": 64, ""2026"": 11}","{""2017"": 0.067901, ""2018"": 0.05277, ""2019"": 0.067912, ""2020"": 0.064319, ""2021"": 0.080321, ""2022"": 0.067083, ""2023"": 0.083624, ""2024"": 0.078161, ""2025"": 0.117002, ""2026"": 0.135802}",0.081489,0.00701002,Sigma-Aldrich,Cat# D9542,80
fetal bovine serum,370,"2017,2018,2019,2020,2021,2022,2023,2024,2025,2026","{""2017"": 2, ""2018"": 16, ""2019"": 31, ""2020"": 42, ""2021"": 62, ""2022"": 57, ""2023"": 51, ""2024"": 46, ""2025"": 55, ""2026"": 8}","{""2017"": 0.012346, ""2018"": 0.042216, ""2019"": 0.052632, ""2020"": 0.064319, ""2021"": 0.082999, ""2022"": 0.088924, ""2023"": 0.08885, ""2024"": 0.105747, ""2025"": 0.100548, ""2026"": 0.098765}",0.073735,0.00928,Gibco,Cat#12676029,170
hepes,294,"2017,2018,2019,2020,2021,2022,2023,2024,2025,2026","{""2017"": 2, ""2018"": 14, ""2019"": 28, ""2020"": 37, ""2021"": 48, ""2022"": 40, ""2023"": 38, ""2024"": 34, ""2025"": 46, ""2026"": 7}","{""2017"": 0.012346, ""2018"": 0.036939, ""2019"": 0.047538, ""2020"": 0.056662, ""2021"": 0.064257, ""2022"": 0.062402, ""2023"": 0.066202, ""2024"": 0.078161, ""2025"": 0.084095, ""2026"": 0.08642}",0.059502,0.00713114,Sigma-Aldrich,Cat# 15630080,82
puromycin,281,"2017,2018,2019,2020,2021,2022,2023,2024,2025,2026","{""2017"": 7, ""2018"": 18, ""2019"": 32, ""2020"": 21, ""2021"": 43, ""2022"": 42, ""2023"": 41, ""2024"": 23, ""2025"": 49, ""2026"": 5}","{""2017"": 0.04321, ""2018"": 0.047493, ""2019"": 0.054329, ""2020"": 0.032159, ""2021"": 0.057564, ""2022"": 0.065523, ""2023"": 0.071429, ""2024"": 0.052874, ""2025"": 0.08958, ""2026"": 0.061728}",0.057589,0.00351368,Sigma-Aldrich,Cat#P8833,70
dnase i,263,"2017,2018,2019,2020,2021,2022,2023,2024,2025,2026","{""2017"": 2, ""2018"": 10, ""2019"": 30, ""2020"": 33, ""2021"": 48, ""2022"": 27, ""2023"": 32, ""2024"": 27, ""2025"": 46, ""2026"": 8}","{""2017"": 0.012346, ""2018"": 0.026385, ""2019"": 0.050934, ""2020"": 0.050536, ""2021"": 0.064257, ""2022"": 0.042122, ""2023"": 0.055749, ""2024"": 0.062069, ""2025"": 0.084095, ""2026"": 0.098765}",0.054726,0.00746016,Roche,Cat# 10104159001,82
bovine serum albumin,231,"2017,2018,2019,2020,2021,2022,2023,2024,2025,2026","{""2017"": 4, ""2018"": 10, ""2019"": 19, ""2020"": 18, ""2021"": 37, ""2022"": 28, ""2023"": 32, ""2024"": 33, ""2025"": 39, ""2026"": 11}","{""2017"": 0.024691, ""2018"": 0.026385, ""2019"": 0.032258, ""2020"": 0.027565, ""2021"": 0.049531, ""2022"": 0.043682, ""2023"": 0.055749, ""2024"": 0.075862, ""2025"": 0.071298, ""2026"": 0.135802}",0.054282,0.00976431,Sigma-Aldrich,Cat# A2153,93
dmem,248,"2017,2018,2019,2020,2021,2022,2023,2024,2025,2026","{""2017"": 4, ""2018"": 13, ""2019"": 23, ""2020"": 28, ""2021"": 37, ""2022"": 35, ""2023"": 31, ""2024"": 32, ""2025"": 38, ""2026"": 7}","{""2017"": 0.024691, ""2018"": 0.034301, ""2019"": 0.039049, ""2020"": 0.042879, ""2021"": 0.049531, ""2022"": 0.054602, ""2023"": 0.054007, ""2024"": 0.073563, ""2025"": 0.06947, ""2026"": 0.08642}",0.052851,0.00613796,Gibco,Cat#11965092,125
penicillin-streptomycin,262,"2017,2018,2019,2020,2021,2022,2023,2024,2025,2026","{""2017"": 1, ""2018"": 7, ""2019"": 26, ""2020"": 33, ""2021"": 38, ""2022"": 33, ""2023"": 37, ""2024"": 29, ""2025"": 53, ""2026"": 5}","{""2017"": 0.006173, ""2018"": 0.01847, ""2019"": 0.044143, ""2020"": 0.050536, ""2021"": 0.05087, ""2022"": 0.051482, ""2023"": 0.06446, ""2024"": 0.066667, ""2025"": 0.096892, ""2026"": 0.061728}",0.051142,0.00729674,Gibco,Cat# 15140122,51
paraformaldehyde,239,"2017,2018,2019,2020,2021,2022,2023,2024,2025,2026","{""2017"": 8, ""2018"": 16, ""2019"": 20, ""2020"": 24, ""2021"": 33, ""2022"": 37, ""2023"": 38, ""2024"": 28, ""2025"": 30, ""2026"": 5}","{""2017"": 0.049383, ""2018"": 0.042216, ""2019"": 0.033956, ""2020"": 0.036753, ""2021"": 0.044177, ""2022"": 0.057722, ""2023"": 0.066202, ""2024"": 0.064368, ""2025"": 0.054845, ""2026"": 0.061728}",0.051135,0.00274824,Electron Microscopy Sciences,Cat# P6148,100
proteinase k,235,"2017,2018,2019,2020,2021,2022,2023,2024,2025,2026","{""2017"": 9, ""2018"": 12, ""2019"": 35, ""2020"": 23, ""2021"": 30, ""2022"": 34, ""2023"": 36, ""2024"": 21, ""2025"": 30, ""2026"": 5}","{""2017"": 0.055556, ""2018"": 0.031662, ""2019"": 0.059423, ""2020"": 0.035222, ""2021"": 0.040161, ""2022"": 0.053042, ""2023"": 0.062718, ""2024"": 0.048276, ""2025"": 0.054845, ""2026"": 0.061728}",0.050263,0.0015604,Roche,P8107S,102
tamoxifen,206,"2017,2018,2019,2020,2021,2022,2023,2024,2025,2026","{""2017"": 12, ""2018"": 13, ""2019"": 19, ""2020"": 22, ""2021"": 32, ""2022"": 23, ""2023"": 23, ""2024"": 25, ""2025"": 31, ""2026"": 6}","{""2017"": 0.074074, ""2018"": 0.034301, ""2019"": 0.032258, ""2020"": 0.033691, ""2021"": 0.042838, ""2022"": 0.035881, ""2023"": 0.04007, ""2024"": 0.057471, ""2025"": 0.056673, ""2026"": 0.074074}",0.048133,0.00178697,Sigma-Aldrich,Cat# T5648,23
l-glutamine,217,"2017,2018,2019,2020,2021,2022,2023,2024,2025,2026","{""2017"": 5, ""2018"": 15, ""2019"": 19, ""2020"": 23, ""2021"": 32, ""2022"": 32, ""2023"": 18, ""2024"": 33, ""2025"": 35, ""2026"": 5}","{""2017"": 0.030864, ""2018"": 0.039578, ""2019"": 0.032258, ""2020"": 0.035222, ""2021"": 0.042838, ""2022"": 0.049922, ""2023"": 0.031359, ""2024"": 0.075862, ""2025"": 0.063985, ""2026"": 0.061728}",0.046362,0.004013,Thermo Fisher Scientific,Cat# 25030081,54
trizol,220,"2017,2018,2019,2020,2021,2022,2023,2024,2025,2026","{""2017"": 6, ""2018"": 18, ""2019"": 23, ""2020"": 25, ""2021"": 34, ""2022"": 23, ""2023"": 24, ""2024"": 19, ""2025"": 45, ""2026"": 3}","{""2017"": 0.037037, ""2018"": 0.047493, ""2019"": 0.039049, ""2020"": 0.038285, ""2021"": 0.045515, ""2022"": 0.035881, ""2023"": 0.041812, ""2024"": 0.043678, ""2025"": 0.082267, ""2026"": 0.037037}",0.044806,0.00162125,Invitrogen,15596026,31
polybrene,173,"2018,2019,2020,2021,2022,2023,2024,2025,2026","{""2018"": 15, ""2019"": 17, ""2020"": 12, ""2021"": 26, ""2022"": 21, ""2023"": 25, ""2024"": 14, ""2025"": 35, ""2026"": 8}","{""2018"": 0.039578, ""2019"": 0.028862, ""2020"": 0.018377, ""2021"": 0.034806, ""2022"": 0.032761, ""2023"": 0.043554, ""2024"": 0.032184, ""2025"": 0.063985, ""2026"": 0.098765}",0.043653,0.00630803,Sigma-Aldrich,Cat# TR-1003-G,25
tween 20,184,"2018,2019,2020,2021,2022,2023,2024,2025,2026","{""2018"": 5, ""2019"": 10, ""2020"": 17, ""2021"": 15, ""2022"": 33, ""2023"": 30, ""2024"": 30, ""2025"": 38, ""2026"": 6}","{""2018"": 0.013193, ""2019"": 0.016978, ""2020"": 0.026034, ""2021"": 0.02008, ""2022"": 0.051482, ""2023"": 0.052265, ""2024"": 0.068966, ""2025"": 0.06947, ""2026"": 0.074074}",0.043616,0.00865083,Sigma-Aldrich,P1379,54
dmso,199,"2017,2018,2019,2020,2021,2022,2023,2024,2025,2026","{""2017"": 2, ""2018"": 12, ""2019"": 16, ""2020"": 14, ""2021"": 30, ""2022"": 28, ""2023"": 28, ""2024"": 27, ""2025"": 36, ""2026"": 6}","{""2017"": 0.012346, ""2018"": 0.031662, ""2019"": 0.027165, ""2020"": 0.02144, ""2021"": 0.040161, ""2022"": 0.043682, ""2023"": 0.04878, ""2024"": 0.062069, ""2025"": 0.065814, ""2026"": 0.074074}",0.042719,0.006392,Sigma-Aldrich,Cat# D8418,54
lipofectamine 2000,197,"2017,2018,2019,2020,2021,2022,2023,2024,2025,2026","{""2017"": 9, ""2018"": 15, ""2019"": 28, ""2020"": 20, ""2021"": 37, ""2022"": 21, ""2023"": 29, ""2024"": 7, ""2025"": 29, ""2026"": 2}","{""2017"": 0.055556, ""2018"": 0.039578, ""2019"": 0.047538, ""2020"": 0.030628, ""2021"": 0.049531, ""2022"": 0.032761, ""2023"": 0.050523, ""2024"": 0.016092, ""2025"": 0.053016, ""2026"": 0.024691}",0.039991,-0.00180621,Invitrogen,Cat# 11668019,21
sodium pyruvate,184,"2017,2018,2019,2020,2021,2022,2023,2024,2025,2026","{""2017"": 4, ""2018"": 11, ""2019"": 21, ""2020"": 11, ""2021"": 23, ""2022"": 29, ""2023"": 30, ""2024"": 23, ""2025"": 27, ""2026"": 5}","{""2017"": 0.024691, ""2018"": 0.029024, ""2019"": 0.035654, ""2020"": 0.016845, ""2021"": 0.03079, ""2022"": 0.045242, ""2023"": 0.052265, ""2024"": 0.052874, ""2025"": 0.04936, ""2026"": 0.061728}",0.039847,0.00413635,Gibco,11360070,39
glutamax,172,"2017,2018,2019,2020,2021,2022,2023,2024,2025,2026","{""2017"": 3, ""2018"": 5, ""2019"": 16, ""2020"": 16, ""2021"": 26, ""2022"": 24, ""2023"": 23, ""2024"": 18, ""2025"": 33, ""2026"": 8}","{""2017"": 0.018519, ""2018"": 0.013193, ""2019"": 0.027165, ""2020"": 0.024502, ""2021"": 0.034806, ""2022"": 0.037441, ""2023"": 0.04007, ""2024"": 0.041379, ""2025"": 0.060329, ""2026"": 0.098765}",0.039617,0.0071066,Gibco,Cat# 35050061,19
protease inhibitor cocktail,162,"2017,2018,2019,2020,2021,2022,2023,2024,2025,2026","{""2017"": 9, ""2018"": 7, ""2019"": 19, ""2020"": 19, ""2021"": 25, ""2022"": 20, ""2023"": 13, ""2024"": 17, ""2025"": 27, ""2026"": 6}","{""2017"": 0.055556, ""2018"": 0.01847, ""2019"": 0.032258, ""2020"": 0.029096, ""2021"": 0.033467, ""2022"": 0.031201, ""2023"": 0.022648, ""2024"": 0.03908, ""2025"": 0.04936, ""2026"": 0.074074}",0.038521,0.00239637,Sigma-Aldrich,Cat# P8340,64
doxycycline,172,"2017,2018,2019,2020,2021,2022,2023,2024,2025,2026","{""2017"": 7, ""2018"": 10, ""2019"": 22, ""2020"": 21, ""2021"": 31, ""2022"": 31, ""2023"": 18, ""2024"": 11, ""2025"": 17, ""2026"": 4}","{""2017"": 0.04321, ""2018"": 0.026385, ""2019"": 0.037351, ""2020"": 0.032159, ""2021"": 0.041499, ""2022"": 0.048362, ""2023"": 0.031359, ""2024"": 0.025287, ""2025"": 0.031079, ""2026"": 0.049383}",0.036607,0.00019727,Sigma-Aldrich,Cat# D9891,46
trizol reagent,162,"2017,2018,2019,2020,2021,2022,2023,2024,2025,2026","{""2017"": 4, ""2018"": 9, ""2019"": 19, ""2020"": 29, ""2021"": 22, ""2022"": 23, ""2023"": 17, ""2024"": 11, ""2025"": 23, ""2026"": 5}","{""2017"": 0.024691, ""2018"": 0.023747, ""2019"": 0.032258, ""2020"": 0.04441, ""2021"": 0.029451, ""2022"": 0.035881, ""2023"": 0.029617, ""2024"": 0.025287, ""2025"": 0.042048, ""2026"": 0.061728}",0.034912,0.00235536,Invitrogen,Cat#15596026,18
2-mercaptoethanol,157,"2017,2018,2019,2020,2021,2022,2023,2024,2025,2026","{""2017"": 2, ""2018"": 8, ""2019"": 23, ""2020"": 13, ""2021"": 13, ""2022"": 22, ""2023"": 20, ""2024"": 24, ""2025"": 27, ""2026"": 5}","{""2017"": 0.012346, ""2018"": 0.021108, ""2019"": 0.039049, ""2020"": 0.019908, ""2021"": 0.017403, ""2022"": 0.034321, ""2023"": 0.034843, ""2024"": 0.055172, ""2025"": 0.04936, ""2026"": 0.061728}",0.034524,0.00475484,Sigma-Aldrich,21985023,31
fetal bovine serum (fbs),165,"2017,2018,2019,2020,2021,2022,2023,2024,2025,2026","{""2017"": 4, ""2018"": 7, ""2019"": 14, ""2020"": 22, ""2021"": 31, ""2022"": 25, ""2023"": 19, ""2024"": 14, ""2025"": 25, ""2026"": 4}","{""2017"": 0.024691, ""2018"": 0.01847, ""2019"": 0.023769, ""2020"": 0.033691, ""2021"": 0.041499, ""2022"": 0.039002, ""2023"": 0.033101, ""2024"": 0.032184, ""2025"": 0.045704, ""2026"": 0.049383}",0.034149,0.00273133,Sigma-Aldrich,Cat# 97068-085,94
edta,168,"2017,2018,2019,2020,2021,2022,2023,2024,2025,2026","{""2017"": 2, ""2018"": 9, ""2019"": 14, ""2020"": 20, ""2021"": 29, ""2022"": 14, ""2023"": 28, ""2024"": 21, ""2025"": 28, ""2026"": 3}","{""2017"": 0.012346, ""2018"": 0.023747, ""2019"": 0.023769, ""2020"": 0.030628, ""2021"": 0.038822, ""2022"": 0.021841, ""2023"": 0.04878, ""2024"": 0.048276, ""2025"": 0.051188, ""2026"": 0.037037}",0.033643,0.00348075,Sigma-Aldrich,EDS,89
sucrose,145,"2017,2018,2019,2020,2021,2022,2023,2024,2025,2026","{""2017"": 1, ""2018"": 9, ""2019"": 15, ""2020"": 14, ""2021"": 24, ""2022"": 13, ""2023"": 21, ""2024"": 12, ""2025"": 30, ""2026"": 6}","{""2017"": 0.006173, ""2018"": 0.023747, ""2019"": 0.025467, ""2020"": 0.02144, ""2021"": 0.032129, ""2022"": 0.020281, ""2023"": 0.036585, ""2024"": 0.027586, ""2025"": 0.054845, ""2026"": 0.074074}",0.032233,0.00529081,Sigma-Aldrich,Cat# S0389,51
hoechst 33342,143,"2017,2018,2019,2020,2021,2022,2023,2024,2025,2026","{""2017"": 5, ""2018"": 7, ""2019"": 13, ""2020"": 10, ""2021"": 27, ""2022"": 27, ""2023"": 20, ""2024"": 13, ""2025"": 16, ""2026"": 5}","{""2017"": 0.030864, ""2018"": 0.01847, ""2019"": 0.022071, ""2020"": 0.015314, ""2021"": 0.036145, ""2022"": 0.042122, ""2023"": 0.034843, ""2024"": 0.029885, ""2025"": 0.02925, ""2026"": 0.061728}",0.032069,0.00276895,Thermo Fisher Scientific,Cat# H3570,28
penicillin/streptomycin,165,"2017,2018,2019,2020,2021,2022,2023,2024,2025,2026","{""2017"": 4, ""2018"": 11, ""2019"": 18, ""2020"": 15, ""2021"": 24, ""2022"": 32, ""2023"": 15, ""2024"": 21, ""2025"": 24, ""2026"": 1}","{""2017"": 0.024691, ""2018"": 0.029024, ""2019"": 0.03056, ""2020"": 0.022971, ""2021"": 0.032129, ""2022"": 0.049922, ""2023"": 0.026132, ""2024"": 0.048276, ""2025"": 0.043876, ""2026"": 0.012346}",0.031993,0.00065884,Gibco,Cat# 15140122,43
cycloheximide,145,"2017,2018,2019,2020,2021,2022,2023,2024,2025,2026","{""2017"": 6, ""2018"": 12, ""2019"": 21, ""2020"": 22, ""2021"": 13, ""2022"": 17, ""2023"": 13, ""2024"": 10, ""2025"": 28, ""2026"": 3}","{""2017"": 0.037037, ""2018"": 0.031662, ""2019"": 0.035654, ""2020"": 0.033691, ""2021"": 0.017403, ""2022"": 0.026521, ""2023"": 0.022648, ""2024"": 0.022989, ""2025"": 0.051188, ""2026"": 0.037037}",0.031583,0.00029907,Sigma-Aldrich,C7698,32
propidium iodide,127,"2017,2018,2019,2020,2021,2022,2023,2024,2025,2026","{""2017"": 2, ""2018"": 12, ""2019"": 15, ""2020"": 17, ""2021"": 16, ""2022"": 15, ""2023"": 15, ""2024"": 10, ""2025"": 18, ""2026"": 7}","{""2017"": 0.012346, ""2018"": 0.031662, ""2019"": 0.025467, ""2020"": 0.026034, ""2021"": 0.021419, ""2022"": 0.023401, ""2023"": 0.026132, ""2024"": 0.022989, ""2025"": 0.032907, ""2026"": 0.08642}",0.030878,0.0040319,Sigma-Aldrich,Cat# P4170,24
sodium chloride,130,"2018,2019,2020,2021,2022,2023,2024,2025,2026","{""2018"": 4, ""2019"": 15, ""2020"": 13, ""2021"": 17, ""2022"": 18, ""2023"": 17, ""2024"": 24, ""2025"": 18, ""2026"": 4}","{""2018"": 0.010554, ""2019"": 0.025467, ""2020"": 0.019908, ""2021"": 0.022758, ""2022"": 0.028081, ""2023"": 0.029617, ""2024"": 0.055172, ""2025"": 0.032907, ""2026"": 0.049383}",0.030427,0.00425036,Sigma-Aldrich,Cat#SZBF3340H,67
bovine serum albumin (bsa),134,"2018,2019,2020,2021,2022,2023,2024,2025,2026","{""2018"": 5, ""2019"": 11, ""2020"": 24, ""2021"": 22, ""2022"": 16, ""2023"": 13, ""2024"": 14, ""2025"": 25, ""2026"": 4}","{""2018"": 0.013193, ""2019"": 0.018676, ""2020"": 0.036753, ""2021"": 0.029451, ""2022"": 0.024961, ""2023"": 0.022648, ""2024"": 0.032184, ""2025"": 0.045704, ""2026"": 0.049383}",0.030328,0.00349838,Sigma-Aldrich,Cat# A9418,57
rnase a,125,"2017,2018,2019,2020,2021,2022,2023,2024,2025,2026","{""2017"": 6, ""2018"": 9, ""2019"": 17, ""2020"": 12, ""2021"": 22, ""2022"": 17, ""2023"": 13, ""2024"": 12, ""2025"": 13, ""2026"": 4}","{""2017"": 0.037037, ""2018"": 0.023747, ""2019"": 0.028862, ""2020"": 0.018377, ""2021"": 0.029451, ""2022"": 0.026521, ""2023"": 0.022648, ""2024"": 0.027586, ""2025"": 0.023766, ""2026"": 0.049383}",0.028738,0.00069545,Thermo Fisher Scientific,Cat# EN0531,41
t4 dna ligase,113,"2017,2018,2019,2020,2021,2022,2023,2024,2025,2026","{""2017"": 5, ""2018"": 8, ""2019"": 15, ""2020"": 8, ""2021"": 15, ""2022"": 19, ""2023"": 10, ""2024"": 11, ""2025"": 16, ""2026"": 6}","{""2017"": 0.030864, ""2018"": 0.021108, ""2019"": 0.025467, ""2020"": 0.012251, ""2021"": 0.02008, ""2022"": 0.029641, ""2023"": 0.017422, ""2024"": 0.025287, ""2025"": 0.02925, ""2026"": 0.074074}",0.028545,0.00284884,New England Biolabs,Cat# M0202S,26
fbs,145,"2017,2018,2019,2020,2021,2022,2023,2024,2025,2026","{""2017"": 1, ""2018"": 10, ""2019"": 16, ""2020"": 16, ""2021"": 22, ""2022"": 15, ""2023"": 17, ""2024"": 20, ""2025"": 26, ""2026"": 2}","{""2017"": 0.006173, ""2018"": 0.026385, ""2019"": 0.027165, ""2020"": 0.024502, ""2021"": 0.029451, ""2022"": 0.023401, ""2023"": 0.029617, ""2024"": 0.045977, ""2025"": 0.047532, ""2026"": 0.024691}",0.028489,0.00253363,GIBCO,Cat# F7524,97
chir99021,117,"2017,2018,2019,2020,2021,2022,2023,2024,2025,2026","{""2017"": 5, ""2018"": 8, ""2019"": 12, ""2020"": 17, ""2021"": 11, ""2022"": 19, ""2023"": 16, ""2024"": 11, ""2025"": 14, ""2026"": 4}","{""2017"": 0.030864, ""2018"": 0.021108, ""2019"": 0.020374, ""2020"": 0.026034, ""2021"": 0.014726, ""2022"": 0.029641, ""2023"": 0.027875, ""2024"": 0.025287, ""2025"": 0.025594, ""2026"": 0.049383}",0.027089,0.00147319,Tocris,Cat# 4423,46
lipofectamine 3000,109,"2017,2018,2019,2020,2021,2022,2023,2024,2025,2026","{""2017"": 2, ""2018"": 5, ""2019"": 11, ""2020"": 7, ""2021"": 10, ""2022"": 13, ""2023"": 22, ""2024"": 13, ""2025"": 20, ""2026"": 6}","{""2017"": 0.012346, ""2018"": 0.013193, ""2019"": 0.018676, ""2020"": 0.01072, ""2021"": 0.013387, ""2022"": 0.020281, ""2023"": 0.038328, ""2024"": 0.029885, ""2025"": 0.036563, ""2026"": 0.074074}",0.026745,0.0052419,Invitrogen,Cat# L3000015,15
bsa,137,"2017,2018,2019,2020,2021,2022,2023,2024,2025,2026","{""2017"": 2, ""2018"": 5, ""2019"": 10, ""2020"": 13, ""2021"": 16, ""2022"": 26, ""2023"": 17, ""2024"": 15, ""2025"": 32, ""2026"": 1}","{""2017"": 0.012346, ""2018"": 0.013193, ""2019"": 0.016978, ""2020"": 0.019908, ""2021"": 0.021419, ""2022"": 0.040562, ""2023"": 0.029617, ""2024"": 0.034483, ""2025"": 0.058501, ""2026"": 0.012346}",0.025935,0.00274516,Sigma-Aldrich,Cat# A7906,71
methanol,117,"2017,2018,2019,2020,2021,2022,2023,2024,2025,2026","{""2017"": 3, ""2018"": 5, ""2019"": 6, ""2020"": 11, ""2021"": 21, ""2022"": 14, ""2023"": 23, ""2024"": 15, ""2025"": 16, ""2026"": 3}","{""2017"": 0.018519, ""2018"": 0.013193, ""2019"": 0.010187, ""2020"": 0.016845, ""2021"": 0.028112, ""2022"": 0.021841, ""2023"": 0.04007, ""2024"": 0.034483, ""2025"": 0.02925, ""2026"": 0.037037}",0.024954,0.00281184,Sigma-Aldrich,Cat# 34860,77
accutase,104,"2018,2019,2020,2021,2022,2023,2024,2025,2026","{""2018"": 2, ""2019"": 11, ""2020"": 16, ""2021"": 12, ""2022"": 10, ""2023"": 18, ""2024"": 9, ""2025"": 22, ""2026"": 4}","{""2018"": 0.005277, ""2019"": 0.018676, ""2020"": 0.024502, ""2021"": 0.016064, ""2022"": 0.015601, ""2023"": 0.031359, ""2024"": 0.02069, ""2025"": 0.040219, ""2026"": 0.049383}",0.024641,0.00414538,Sigma-Aldrich,Cat#A6964,29
glycine,104,"2017,2018,2019,2020,2021,2022,2023,2024,2025,2026","{""2017"": 1, ""2018"": 9, ""2019"": 11, ""2020"": 9, ""2021"": 14, ""2022"": 10, ""2023"": 13, ""2024"": 13, ""2025"": 20, ""2026"": 4}","{""2017"": 0.006173, ""2018"": 0.023747, ""2019"": 0.018676, ""2020"": 0.013783, ""2021"": 0.018742, ""2022"": 0.015601, ""2023"": 0.022648, ""2024"": 0.029885, ""2025"": 0.036563, ""2026"": 0.049383}",0.02352,0.00338246,Sigma-Aldrich,G8898,44
nacl,126,"2017,2018,2019,2020,2021,2022,2023,2024,2025,2026","{""2017"": 1, ""2018"": 7, ""2019"": 10, ""2020"": 14, ""2021"": 27, ""2022"": 13, ""2023"": 20, ""2024"": 13, ""2025"": 20, ""2026"": 1}","{""2017"": 0.006173, ""2018"": 0.01847, ""2019"": 0.016978, ""2020"": 0.02144, ""2021"": 0.036145, ""2022"": 0.020281, ""2023"": 0.034843, ""2024"": 0.029885, ""2025"": 0.036563, ""2026"": 0.012346}",0.023312,0.00164298,Sigma-Aldrich,Cat#S9888,53
glycerol,99,"2017,2018,2019,2020,2021,2022,2023,2024,2025,2026","{""2017"": 1, ""2018"": 7, ""2019"": 6, ""2020"": 9, ""2021"": 15, ""2022"": 13, ""2023"": 18, ""2024"": 10, ""2025"": 15, ""2026"": 5}","{""2017"": 0.006173, ""2018"": 0.01847, ""2019"": 0.010187, ""2020"": 0.013783, ""2021"": 0.02008, ""2022"": 0.020281, ""2023"": 0.031359, ""2024"": 0.022989, ""2025"": 0.027422, ""2026"": 0.061728}",0.023247,0.00411883,Sigma-Aldrich,Cat#G5516,53
trypsin,110,"2017,2018,2019,2020,2021,2022,2023,2024,2025","{""2017"": 4, ""2018"": 5, ""2019"": 16, ""2020"": 19, ""2021"": 21, ""2022"": 8, ""2023"": 14, ""2024"": 11, ""2025"": 12}","{""2017"": 0.024691, ""2018"": 0.013193, ""2019"": 0.027165, ""2020"": 0.029096, ""2021"": 0.028112, ""2022"": 0.01248, ""2023"": 0.02439, ""2024"": 0.025287, ""2025"": 0.021938}",0.022928,5.176e-05,Promega,Cat#V5113,54
rotenone,96,"2017,2018,2019,2020,2021,2022,2023,2024,2025,2026","{""2017"": 5, ""2018"": 10, ""2019"": 14, ""2020"": 9, ""2021"": 16, ""2022"": 8, ""2023"": 11, ""2024"": 8, ""2025"": 12, ""2026"": 3}","{""2017"": 0.030864, ""2018"": 0.026385, ""2019"": 0.023769, ""2020"": 0.013783, ""2021"": 0.021419, ""2022"": 0.01248, ""2023"": 0.019164, ""2024"": 0.018391, ""2025"": 0.021938, ""2026"": 0.037037}",0.022523,2.871e-05,Sigma-Aldrich,Cat# R8875,19
sb431542,73,"2019,2020,2021,2022,2023,2024,2025,2026","{""2019"": 7, ""2020"": 14, ""2021"": 5, ""2022"": 9, ""2023"": 14, ""2024"": 7, ""2025"": 12, ""2026"": 5}","{""2019"": 0.011885, ""2020"": 0.02144, ""2021"": 0.006693, ""2022"": 0.014041, ""2023"": 0.02439, ""2024"": 0.016092, ""2025"": 0.021938, ""2026"": 0.061728}",0.022276,0.00464219,Tocris,1614,40
insulin,116,"2017,2018,2019,2020,2021,2022,2023,2024,2025,2026","{""2017"": 1, ""2018"": 8, ""2019"": 10, ""2020"": 17, ""2021"": 16, ""2022"": 14, ""2023"": 14, ""2024"": 12, ""2025"": 23, ""2026"": 1}","{""2017"": 0.006173, ""2018"": 0.021108, ""2019"": 0.016978, ""2020"": 0.026034, ""2021"": 0.021419, ""2022"": 0.021841, ""2023"": 0.02439, ""2024"": 0.027586, ""2025"": 0.042048, ""2026"": 0.012346}",0.021992,0.00151918,Sigma-Aldrich,Cat# I9278,39
dtt,88,"2017,2018,2019,2020,2021,2022,2023,2024,2025,2026","{""2017"": 4, ""2018"": 6, ""2019"": 9, ""2020"": 13, ""2021"": 7, ""2022"": 9, ""2023"": 14, ""2024"": 13, ""2025"": 9, ""2026"": 4}","{""2017"": 0.024691, ""2018"": 0.015831, ""2019"": 0.01528, ""2020"": 0.019908, ""2021"": 0.009371, ""2022"": 0.014041, ""2023"": 0.02439, ""2024"": 0.029885, ""2025"": 0.016453, ""2026"": 0.049383}",0.021923,0.00192557,Sigma-Aldrich,Cat# 10708984001,44
dimethyl sulfoxide (dmso),96,"2017,2018,2019,2020,2021,2022,2023,2024,2025,2026","{""2017"": 1, ""2018"": 9, ""2019"": 6, ""2020"": 10, ""2021"": 15, ""2022"": 17, ""2023"": 11, ""2024"": 13, ""2025"": 10, ""2026"": 4}","{""2017"": 0.006173, ""2018"": 0.023747, ""2019"": 0.010187, ""2020"": 0.015314, ""2021"": 0.02008, ""2022"": 0.026521, ""2023"": 0.019164, ""2024"": 0.029885, ""2025"": 0.018282, ""2026"": 0.049383}",0.021873,0.002831,Sigma-Aldrich,Cat# D2650,33
blasticidin,94,"2018,2019,2020,2021,2022,2023,2024,2025,2026","{""2018"": 6, ""2019"": 13, ""2020"": 12, ""2021"": 15, ""2022"": 13, ""2023"": 14, ""2024"": 5, ""2025"": 13, ""2026"": 3}","{""2018"": 0.015831, ""2019"": 0.022071, ""2020"": 0.018377, ""2021"": 0.02008, ""2022"": 0.020281, ""2023"": 0.02439, ""2024"": 0.011494, ""2025"": 0.023766, ""2026"": 0.037037}",0.021481,0.00134088,InvivoGen,Cat# ant-bl-1,26
matrigel,94,"2018,2019,2020,2021,2022,2023,2024,2025,2026","{""2018"": 5, ""2019"": 5, ""2020"": 11, ""2021"": 19, ""2022"": 17, ""2023"": 17, ""2024"": 9, ""2025"": 8, ""2026"": 3}","{""2018"": 0.013193, ""2019"": 0.008489, ""2020"": 0.016845, ""2021"": 0.025435, ""2022"": 0.026521, ""2023"": 0.029617, ""2024"": 0.02069, ""2025"": 0.014625, ""2026"": 0.037037}",0.021384,0.00209428,Corning,Cat# 354234,32
nocodazole,91,"2017,2018,2019,2020,2021,2022,2023,2024,2025","{""2017"": 6, ""2018"": 14, ""2019"": 18, ""2020"": 8, ""2021"": 13, ""2022"": 13, ""2023"": 8, ""2024"": 6, ""2025"": 5}","{""2017"": 0.037037, ""2018"": 0.036939, ""2019"": 0.03056, ""2020"": 0.012251, ""2021"": 0.017403, ""2022"": 0.020281, ""2023"": 0.013937, ""2024"": 0.013793, ""2025"": 0.009141}",0.02126,-0.00343733,Sigma-Aldrich,Cat# M1404,21
chloroform,97,"2017,2018,2019,2020,2021,2022,2023,2024,2025,2026","{""2017"": 1, ""2018"": 5, ""2019"": 8, ""2020"": 7, ""2021"": 11, ""2022"": 11, ""2023"": 15, ""2024"": 11, ""2025"": 25, ""2026"": 3}","{""2017"": 0.006173, ""2018"": 0.013193, ""2019"": 0.013582, ""2020"": 0.01072, ""2021"": 0.014726, ""2022"": 0.017161, ""2023"": 0.026132, ""2024"": 0.025287, ""2025"": 0.045704, ""2026"": 0.037037}",0.020971,0.00371245,Sigma-Aldrich,Cat# 650498,61
lipofectamine rnaimax,96,"2017,2018,2019,2020,2021,2022,2023,2024,2025,2026","{""2017"": 2, ""2018"": 5, ""2019"": 14, ""2020"": 9, ""2021"": 14, ""2022"": 10, ""2023"": 14, ""2024"": 9, ""2025"": 16, ""2026"": 3}","{""2017"": 0.012346, ""2018"": 0.013193, ""2019"": 0.023769, ""2020"": 0.013783, ""2021"": 0.018742, ""2022"": 0.015601, ""2023"": 0.02439, ""2024"": 0.02069, ""2025"": 0.02925, ""2026"": 0.037037}",0.02088,0.00210856,Invitrogen,Cat# 13778150,16
atp,91,"2017,2018,2019,2020,2021,2022,2023,2024,2025,2026","{""2017"": 6, ""2018"": 6, ""2019"": 17, ""2020"": 13, ""2021"": 9, ""2022"": 15, ""2023"": 6, ""2024"": 10, ""2025"": 7, ""2026"": 2}","{""2017"": 0.037037, ""2018"": 0.015831, ""2019"": 0.028862, ""2020"": 0.019908, ""2021"": 0.012048, ""2022"": 0.023401, ""2023"": 0.010453, ""2024"": 0.022989, ""2025"": 0.012797, ""2026"": 0.024691}",0.020802,-0.00108322,Sigma-Aldrich,A2383,38
ripa buffer,96,"2017,2018,2019,2020,2021,2022,2023,2024,2025,2026","{""2017"": 1, ""2018"": 3, ""2019"": 8, ""2020"": 9, ""2021"": 14, ""2022"": 6, ""2023"": 10, ""2024"": 14, ""2025"": 28, ""2026"": 3}","{""2017"": 0.006173, ""2018"": 0.007916, ""2019"": 0.013582, ""2020"": 0.013783, ""2021"": 0.018742, ""2022"": 0.00936, ""2023"": 0.017422, ""2024"": 0.032184, ""2025"": 0.051188, ""2026"": 0.037037}",0.020739,0.00409231,Thermo Fisher Scientific,Cat# R0278,25
percoll,93,"2017,2018,2019,2020,2021,2022,2023,2024,2025,2026","{""2017"": 1, ""2018"": 9, ""2019"": 7, ""2020"": 10, ""2021"": 13, ""2022"": 8, ""2023"": 14, ""2024"": 13, ""2025"": 15, ""2026"": 3}","{""2017"": 0.006173, ""2018"": 0.023747, ""2019"": 0.011885, ""2020"": 0.015314, ""2021"": 0.017403, ""2022"": 0.01248, ""2023"": 0.02439, ""2024"": 0.029885, ""2025"": 0.027422, ""2026"": 0.037037}",0.020574,0.0025201,GE Healthcare,Cat# 17-0891-01,25
mg132,94,"2017,2018,2019,2020,2021,2022,2023,2024,2025,2026","{""2017"": 6, ""2018"": 9, ""2019"": 15, ""2020"": 10, ""2021"": 11, ""2022"": 11, ""2023"": 10, ""2024"": 8, ""2025"": 13, ""2026"": 1}","{""2017"": 0.037037, ""2018"": 0.023747, ""2019"": 0.025467, ""2020"": 0.015314, ""2021"": 0.014726, ""2022"": 0.017161, ""2023"": 0.017422, ""2024"": 0.018391, ""2025"": 0.023766, ""2026"": 0.012346}",0.020537,-0.00150733,Sigma-Aldrich,Cat# M7449,30
antimycin a,82,"2017,2018,2019,2020,2021,2022,2023,2024,2025,2026","{""2017"": 1, ""2018"": 8, ""2019"": 11, ""2020"": 8, ""2021"": 15, ""2022"": 5, ""2023"": 9, ""2024"": 9, ""2025"": 11, ""2026"": 5}","{""2017"": 0.006173, ""2018"": 0.021108, ""2019"": 0.018676, ""2020"": 0.012251, ""2021"": 0.02008, ""2022"": 0.0078, ""2023"": 0.015679, ""2024"": 0.02069, ""2025"": 0.02011, ""2026"": 0.061728}",0.02043,0.00303688,Sigma-Aldrich,Cat# A8674,12
pbs,105,"2017,2018,2019,2020,2021,2022,2023,2024,2025,2026","{""2017"": 1, ""2018"": 2, ""2019"": 3, ""2020"": 13, ""2021"": 20, ""2022"": 18, ""2023"": 10, ""2024"": 17, ""2025"": 20, ""2026"": 1}","{""2017"": 0.006173, ""2018"": 0.005277, ""2019"": 0.005093, ""2020"": 0.019908, ""2021"": 0.026774, ""2022"": 0.028081, ""2023"": 0.017422, ""2024"": 0.03908, ""2025"": 0.036563, ""2026"": 0.012346}",0.019672,0.00265661,Gibco,Cat# 10010023,58
dexamethasone,88,"2017,2018,2019,2020,2021,2022,2023,2024,2025,2026","{""2017"": 2, ""2018"": 5, ""2019"": 7, ""2020"": 13, ""2021"": 13, ""2022"": 16, ""2023"": 8, ""2024"": 13, ""2025"": 8, ""2026"": 3}","{""2017"": 0.012346, ""2018"": 0.013193, ""2019"": 0.011885, ""2020"": 0.019908, ""2021"": 0.017403, ""2022"": 0.024961, ""2023"": 0.013937, ""2024"": 0.029885, ""2025"": 0.014625, ""2026"": 0.037037}",0.019518,0.00189029,Sigma-Aldrich,Cat# D4902,18
normal donkey serum,69,"2017,2018,2019,2020,2021,2022,2023,2024,2025,2026","{""2017"": 1, ""2018"": 2, ""2019"": 3, ""2020"": 6, ""2021"": 8, ""2022"": 9, ""2023"": 12, ""2024"": 15, ""2025"": 7, ""2026"": 6}","{""2017"": 0.006173, ""2018"": 0.005277, ""2019"": 0.005093, ""2020"": 0.009188, ""2021"": 0.01071, ""2022"": 0.014041, ""2023"": 0.020906, ""2024"": 0.034483, ""2025"": 0.012797, ""2026"": 0.074074}",0.019274,0.00514656,Jackson ImmunoResearch,Cat#017-000-121,34
heparin,80,"2017,2018,2019,2020,2021,2022,2023,2024,2025,2026","{""2017"": 1, ""2018"": 3, ""2019"": 8, ""2020"": 11, ""2021"": 16, ""2022"": 11, ""2023"": 11, ""2024"": 5, ""2025"": 9, ""2026"": 5}","{""2017"": 0.006173, ""2018"": 0.007916, ""2019"": 0.013582, ""2020"": 0.016845, ""2021"": 0.021419, ""2022"": 0.017161, ""2023"": 0.019164, ""2024"": 0.011494, ""2025"": 0.016453, ""2026"": 0.061728}",0.019194,0.00334558,Sigma-Aldrich,Cat#H3149,38
ionomycin,93,"2017,2018,2019,2020,2021,2022,2023,2024,2025","{""2017"": 2, ""2018"": 12, ""2019"": 13, ""2020"": 10, ""2021"": 17, ""2022"": 18, ""2023"": 9, ""2024"": 3, ""2025"": 9}","{""2017"": 0.012346, ""2018"": 0.031662, ""2019"": 0.022071, ""2020"": 0.015314, ""2021"": 0.022758, ""2022"": 0.028081, ""2023"": 0.015679, ""2024"": 0.006897, ""2025"": 0.016453}",0.019029,-0.00096471,Sigma-Aldrich,Cat# I0634,21
doxycycline hyclate,77,"2017,2018,2019,2020,2021,2022,2023,2024,2025,2026","{""2017"": 4, ""2018"": 11, ""2019"": 8, ""2020"": 14, ""2021"": 8, ""2022"": 4, ""2023"": 12, ""2024"": 4, ""2025"": 9, ""2026"": 3}","{""2017"": 0.024691, ""2018"": 0.029024, ""2019"": 0.013582, ""2020"": 0.02144, ""2021"": 0.01071, ""2022"": 0.00624, ""2023"": 0.020906, ""2024"": 0.009195, ""2025"": 0.016453, ""2026"": 0.037037}",0.018928,-2.961e-05,Sigma-Aldrich,Cat# D9891,9
triton x-,8,"2022,2025,2026","{""2022"": 1, ""2025"": 3, ""2026"": 4}","{""2022"": 0.00156, ""2025"": 0.005484, ""2026"": 0.049383}",0.018809,0.00949854,MP Biomedicals,9002-93-1,6
formaldehyde,100,"2017,2018,2019,2020,2021,2022,2023,2024,2025,2026","{""2017"": 1, ""2018"": 4, ""2019"": 9, ""2020"": 11, ""2021"": 17, ""2022"": 12, ""2023"": 22, ""2024"": 8, ""2025"": 15, ""2026"": 1}","{""2017"": 0.006173, ""2018"": 0.010554, ""2019"": 0.01528, ""2020"": 0.016845, ""2021"": 0.022758, ""2022"": 0.018721, ""2023"": 0.038328, ""2024"": 0.018391, ""2025"": 0.027422, ""2026"": 0.012346}",0.018682,0.0015127,Sigma-Aldrich,F8775,45
rapamycin,86,"2017,2018,2019,2020,2021,2022,2023,2024,2025,2026","{""2017"": 6, ""2018"": 9, ""2019"": 13, ""2020"": 12, ""2021"": 15, ""2022"": 12, ""2023"": 12, ""2024"": 3, ""2025"": 3, ""2026"": 1}","{""2017"": 0.037037, ""2018"": 0.023747, ""2019"": 0.022071, ""2020"": 0.018377, ""2021"": 0.02008, ""2022"": 0.018721, ""2023"": 0.020906, ""2024"": 0.006897, ""2025"": 0.005484, ""2026"": 0.012346}",0.018567,-0.00254366,LC Laboratories,Cat# R-5000,42
brefeldin a,94,"2017,2018,2019,2020,2021,2022,2023,2024,2025","{""2017"": 1, ""2018"": 7, ""2019"": 12, ""2020"": 21, ""2021"": 13, ""2022"": 11, ""2023"": 14, ""2024"": 3, ""2025"": 12}","{""2017"": 0.006173, ""2018"": 0.01847, ""2019"": 0.020374, ""2020"": 0.032159, ""2021"": 0.017403, ""2022"": 0.017161, ""2023"": 0.02439, ""2024"": 0.006897, ""2025"": 0.021938}",0.018329,0.00035626,Sigma-Aldrich,Cat#420601,22
glucose,87,"2017,2018,2019,2020,2021,2022,2023,2024,2025,2026","{""2017"": 1, ""2018"": 5, ""2019"": 11, ""2020"": 9, ""2021"": 13, ""2022"": 10, ""2023"": 9, ""2024"": 14, ""2025"": 13, ""2026"": 2}","{""2017"": 0.006173, ""2018"": 0.013193, ""2019"": 0.018676, ""2020"": 0.013783, ""2021"": 0.017403, ""2022"": 0.015601, ""2023"": 0.015679, ""2024"": 0.032184, ""2025"": 0.023766, ""2026"": 0.024691}",0.018115,0.00189157,Sigma,Cat# G7021,30
complete protease inhibitor cocktail,72,"2017,2018,2019,2020,2021,2022,2023,2024,2025,2026","{""2017"": 10, ""2018"": 6, ""2019"": 5, ""2020"": 10, ""2021"": 13, ""2022"": 9, ""2023"": 7, ""2024"": 5, ""2025"": 6, ""2026"": 1}","{""2017"": 0.061728, ""2018"": 0.015831, ""2019"": 0.008489, ""2020"": 0.015314, ""2021"": 0.017403, ""2022"": 0.014041, ""2023"": 0.012195, ""2024"": 0.011494, ""2025"": 0.010969, ""2026"": 0.012346}",0.017981,-0.00288589,Roche,11697498001,29
β-mercaptoethanol,81,"2018,2019,2020,2021,2022,2023,2024,2025,2026","{""2018"": 1, ""2019"": 8, ""2020"": 9, ""2021"": 9, ""2022"": 13, ""2023"": 17, ""2024"": 6, ""2025"": 16, ""2026"": 2}","{""2018"": 0.002639, ""2019"": 0.013582, ""2020"": 0.013783, ""2021"": 0.012048, ""2022"": 0.020281, ""2023"": 0.029617, ""2024"": 0.013793, ""2025"": 0.02925, ""2026"": 0.024691}",0.017743,0.00254676,Sigma-Aldrich,Cat# M3148,23
ethanol,74,"2018,2019,2020,2021,2022,2023,2024,2025,2026","{""2018"": 4, ""2019"": 1, ""2020"": 8, ""2021"": 11, ""2022"": 11, ""2023"": 17, ""2024"": 4, ""2025"": 15, ""2026"": 3}","{""2018"": 0.010554, ""2019"": 0.001698, ""2020"": 0.012251, ""2021"": 0.014726, ""2022"": 0.017161, ""2023"": 0.029617, ""2024"": 0.009195, ""2025"": 0.027422, ""2026"": 0.037037}",0.01774,0.00319808,Sigma-Aldrich,E7023,54
opti-mem,85,"2018,2019,2020,2021,2022,2023,2024,2025,2026","{""2018"": 4, ""2019"": 11, ""2020"": 9, ""2021"": 13, ""2022"": 13, ""2023"": 10, ""2024"": 11, ""2025"": 13, ""2026"": 1}","{""2018"": 0.010554, ""2019"": 0.018676, ""2020"": 0.013783, ""2021"": 0.017403, ""2022"": 0.020281, ""2023"": 0.017422, ""2024"": 0.025287, ""2025"": 0.023766, ""2026"": 0.012346}",0.017724,0.00075776,Gibco,Cat#31985070,17
puromycin dihydrochloride,84,"2017,2018,2019,2020,2021,2022,2023,2024,2025,2026","{""2017"": 2, ""2018"": 4, ""2019"": 6, ""2020"": 11, ""2021"": 11, ""2022"": 12, ""2023"": 14, ""2024"": 9, ""2025"": 13, ""2026"": 2}","{""2017"": 0.012346, ""2018"": 0.010554, ""2019"": 0.010187, ""2020"": 0.016845, ""2021"": 0.014726, ""2022"": 0.018721, ""2023"": 0.02439, ""2024"": 0.02069, ""2025"": 0.023766, ""2026"": 0.024691}",0.017692,0.00171357,Sigma-Aldrich,Cat# P8833,16
t4 polynucleotide kinase,74,"2017,2018,2019,2020,2021,2022,2023,2024,2025,2026","{""2017"": 2, ""2018"": 7, ""2019"": 7, ""2020"": 4, ""2021"": 6, ""2022"": 12, ""2023"": 8, ""2024"": 6, ""2025"": 19, ""2026"": 3}","{""2017"": 0.012346, ""2018"": 0.01847, ""2019"": 0.011885, ""2020"": 0.006126, ""2021"": 0.008032, ""2022"": 0.018721, ""2023"": 0.013937, ""2024"": 0.013793, ""2025"": 0.034735, ""2026"": 0.037037}",0.017508,0.00230149,NEB,Cat# M0201S,12
oligomycin,76,"2017,2018,2019,2020,2021,2022,2023,2024,2025,2026","{""2017"": 1, ""2018"": 8, ""2019"": 10, ""2020"": 5, ""2021"": 12, ""2022"": 8, ""2023"": 11, ""2024"": 9, ""2025"": 9, ""2026"": 3}","{""2017"": 0.006173, ""2018"": 0.021108, ""2019"": 0.016978, ""2020"": 0.007657, ""2021"": 0.016064, ""2022"": 0.01248, ""2023"": 0.019164, ""2024"": 0.02069, ""2025"": 0.016453, ""2026"": 0.037037}",0.01738,0.001786,Sigma,Cat# O4876,24
rpmi 1640,83,"2018,2019,2020,2021,2022,2023,2024,2025,2026","{""2018"": 4, ""2019"": 8, ""2020"": 7, ""2021"": 17, ""2022"": 10, ""2023"": 9, ""2024"": 11, ""2025"": 16, ""2026"": 1}","{""2018"": 0.010554, ""2019"": 0.013582, ""2020"": 0.01072, ""2021"": 0.022758, ""2022"": 0.015601, ""2023"": 0.015679, ""2024"": 0.025287, ""2025"": 0.02925, ""2026"": 0.012346}",0.017309,0.00127046,Corning,Cat#11875093,43
tween-20,69,"2018,2019,2020,2021,2022,2023,2024,2025,2026","{""2018"": 5, ""2019"": 7, ""2020"": 8, ""2021"": 17, ""2022"": 10, ""2023"": 6, ""2024"": 8, ""2025"": 5, ""2026"": 3}","{""2018"": 0.013193, ""2019"": 0.011885, ""2020"": 0.012251, ""2021"": 0.022758, ""2022"": 0.015601, ""2023"": 0.010453, ""2024"": 0.018391, ""2025"": 0.009141, ""2026"": 0.037037}",0.016745,0.00145202,Sigma-Aldrich,P9416,31
acetonitrile,68,"2017,2018,2019,2020,2021,2022,2023,2024,2025,2026","{""2017"": 2, ""2018"": 6, ""2019"": 7, ""2020"": 6, ""2021"": 8, ""2022"": 5, ""2023"": 10, ""2024"": 10, ""2025"": 11, ""2026"": 3}","{""2017"": 0.012346, ""2018"": 0.015831, ""2019"": 0.011885, ""2020"": 0.009188, ""2021"": 0.01071, ""2022"": 0.0078, ""2023"": 0.017422, ""2024"": 0.022989, ""2025"": 0.02011, ""2026"": 0.037037}",0.016532,0.00199686,Fisher Scientific,Cat# 10489553,39
pmsf,66,"2017,2018,2019,2020,2021,2022,2023,2024,2025,2026","{""2017"": 3, ""2018"": 6, ""2019"": 11, ""2020"": 9, ""2021"": 6, ""2022"": 4, ""2023"": 10, ""2024"": 7, ""2025"": 7, ""2026"": 3}","{""2017"": 0.018519, ""2018"": 0.015831, ""2019"": 0.018676, ""2020"": 0.013783, ""2021"": 0.008032, ""2022"": 0.00624, ""2023"": 0.017422, ""2024"": 0.016092, ""2025"": 0.012797, ""2026"": 0.037037}",0.016443,0.00085839,Sigma-Aldrich,Cat# P7626,22
hygromycin b,83,"2017,2018,2019,2020,2021,2022,2023,2024,2025,2026","{""2017"": 3, ""2018"": 7, ""2019"": 9, ""2020"": 16, ""2021"": 17, ""2022"": 10, ""2023"": 12, ""2024"": 3, ""2025"": 5, ""2026"": 1}","{""2017"": 0.018519, ""2018"": 0.01847, ""2019"": 0.01528, ""2020"": 0.024502, ""2021"": 0.022758, ""2022"": 0.015601, ""2023"": 0.020906, ""2024"": 0.006897, ""2025"": 0.009141, ""2026"": 0.012346}",0.016442,-0.00109528,Thermo Fisher Scientific,Cat#10687010,27
laminin,76,"2018,2019,2020,2021,2022,2023,2024,2025","{""2018"": 4, ""2019"": 12, ""2020"": 12, ""2021"": 11, ""2022"": 9, ""2023"": 13, ""2024"": 5, ""2025"": 10}","{""2018"": 0.010554, ""2019"": 0.020374, ""2020"": 0.018377, ""2021"": 0.014726, ""2022"": 0.014041, ""2023"": 0.022648, ""2024"": 0.011494, ""2025"": 0.018282}",0.016312,0.00025982,Sigma-Aldrich,Cat#L2020,22
digitonin,73,"2017,2018,2019,2020,2021,2022,2023,2024,2025,2026","{""2017"": 2, ""2018"": 4, ""2019"": 6, ""2020"": 11, ""2021"": 11, ""2022"": 8, ""2023"": 5, ""2024"": 14, ""2025"": 10, ""2026"": 2}","{""2017"": 0.012346, ""2018"": 0.010554, ""2019"": 0.010187, ""2020"": 0.016845, ""2021"": 0.014726, ""2022"": 0.01248, ""2023"": 0.008711, ""2024"": 0.032184, ""2025"": 0.018282, ""2026"": 0.024691}",0.016101,0.00150631,Sigma-Aldrich,Cat# D141,25
rpmi 1640 medium,67,"2017,2018,2019,2020,2021,2022,2023,2024,2025,2026","{""2017"": 1, ""2018"": 2, ""2019"": 4, ""2020"": 10, ""2021"": 11, ""2022"": 8, ""2023"": 10, ""2024"": 5, ""2025"": 12, ""2026"": 4}","{""2017"": 0.006173, ""2018"": 0.005277, ""2019"": 0.006791, ""2020"": 0.015314, ""2021"": 0.014726, ""2022"": 0.01248, ""2023"": 0.017422, ""2024"": 0.011494, ""2025"": 0.021938, ""2026"": 0.049383}",0.0161,0.00323096,Gibco,Cat# 11875093,36
benzonase,81,"2017,2018,2019,2020,2021,2022,2023,2024,2025,2026","{""2017"": 2, ""2018"": 5, ""2019"": 8, ""2020"": 15, ""2021"": 13, ""2022"": 12, ""2023"": 12, ""2024"": 9, ""2025"": 4, ""2026"": 1}","{""2017"": 0.012346, ""2018"": 0.013193, ""2019"": 0.013582, ""2020"": 0.022971, ""2021"": 0.017403, ""2022"": 0.018721, ""2023"": 0.020906, ""2024"": 0.02069, ""2025"": 0.007313, ""2026"": 0.012346}",0.015947,-6.364e-05,Sigma,Cat# E1014,29
y-27632,66,"2017,2018,2019,2020,2021,2022,2023,2024,2025,2026","{""2017"": 1, ""2018"": 2, ""2019"": 4, ""2020"": 12, ""2021"": 11, ""2022"": 12, ""2023"": 6, ""2024"": 4, ""2025"": 10, ""2026"": 4}","{""2017"": 0.006173, ""2018"": 0.005277, ""2019"": 0.006791, ""2020"": 0.018377, ""2021"": 0.014726, ""2022"": 0.018721, ""2023"": 0.010453, ""2024"": 0.009195, ""2025"": 0.018282, ""2026"": 0.049383}",0.015738,0.00286161,Sigma-Aldrich,Cat# 72304,29
prolong gold antifade mountant,53,"2017,2018,2019,2020,2021,2022,2023,2024,2025,2026","{""2017"": 1, ""2018"": 1, ""2019"": 6, ""2020"": 5, ""2021"": 9, ""2022"": 9, ""2023"": 6, ""2024"": 2, ""2025"": 8, ""2026"": 6}","{""2017"": 0.006173, ""2018"": 0.002639, ""2019"": 0.010187, ""2020"": 0.007657, ""2021"": 0.012048, ""2022"": 0.014041, ""2023"": 0.010453, ""2024"": 0.004598, ""2025"": 0.014625, ""2026"": 0.074074}",0.015649,0.00410578,Thermo Fisher Scientific,Cat# P36930,10
poly-l-lysine,67,"2017,2018,2019,2020,2021,2022,2023,2024,2025,2026","{""2017"": 1, ""2018"": 7, ""2019"": 12, ""2020"": 5, ""2021"": 7, ""2022"": 11, ""2023"": 6, ""2024"": 5, ""2025"": 10, ""2026"": 3}","{""2017"": 0.006173, ""2018"": 0.01847, ""2019"": 0.020374, ""2020"": 0.007657, ""2021"": 0.009371, ""2022"": 0.017161, ""2023"": 0.010453, ""2024"": 0.011494, ""2025"": 0.018282, ""2026"": 0.037037}",0.015647,0.0015045,Sigma-Aldrich,Cat#P1274,24
egf,74,"2017,2018,2019,2020,2021,2022,2023,2024,2025,2026","{""2017"": 1, ""2018"": 6, ""2019"": 6, ""2020"": 14, ""2021"": 14, ""2022"": 7, ""2023"": 7, ""2024"": 4, ""2025"": 13, ""2026"": 2}","{""2017"": 0.006173, ""2018"": 0.015831, ""2019"": 0.010187, ""2020"": 0.02144, ""2021"": 0.018742, ""2022"": 0.01092, ""2023"": 0.012195, ""2024"": 0.009195, ""2025"": 0.023766, ""2026"": 0.024691}",0.015314,0.00110121,PeproTech,Cat# AF-100-15,34
iptg,72,"2017,2018,2019,2020,2021,2022,2023,2024,2025,2026","{""2017"": 1, ""2018"": 4, ""2019"": 10, ""2020"": 10, ""2021"": 9, ""2022"": 11, ""2023"": 11, ""2024"": 7, ""2025"": 7, ""2026"": 2}","{""2017"": 0.006173, ""2018"": 0.010554, ""2019"": 0.016978, ""2020"": 0.015314, ""2021"": 0.012048, ""2022"": 0.017161, ""2023"": 0.019164, ""2024"": 0.016092, ""2025"": 0.012797, ""2026"": 0.024691}",0.015097,0.00117939,Sigma,Cat# AB00841-00050,52
collagenase d,63,"2018,2019,2020,2021,2022,2023,2024,2025,2026","{""2018"": 2, ""2019"": 6, ""2020"": 11, ""2021"": 12, ""2022"": 10, ""2023"": 12, ""2024"": 1, ""2025"": 6, ""2026"": 3}","{""2018"": 0.005277, ""2019"": 0.010187, ""2020"": 0.016845, ""2021"": 0.016064, ""2022"": 0.015601, ""2023"": 0.020906, ""2024"": 0.002299, ""2025"": 0.010969, ""2026"": 0.037037}",0.015021,0.00175225,Roche,Cat# 11088882001,15
normal goat serum,66,"2018,2019,2020,2021,2022,2023,2024,2025,2026","{""2018"": 3, ""2019"": 9, ""2020"": 7, ""2021"": 11, ""2022"": 10, ""2023"": 7, ""2024"": 6, ""2025"": 11, ""2026"": 2}","{""2018"": 0.007916, ""2019"": 0.01528, ""2020"": 0.01072, ""2021"": 0.014726, ""2022"": 0.015601, ""2023"": 0.012195, ""2024"": 0.013793, ""2025"": 0.02011, ""2026"": 0.024691}",0.015003,0.00142013,Vector Laboratories,Cat# ab7481,38
donkey serum,57,"2018,2019,2020,2021,2022,2023,2024,2025,2026","{""2018"": 5, ""2019"": 7, ""2020"": 4, ""2021"": 6, ""2022"": 11, ""2023"": 5, ""2024"": 6, ""2025"": 10, ""2026"": 3}","{""2018"": 0.013193, ""2019"": 0.011885, ""2020"": 0.006126, ""2021"": 0.008032, ""2022"": 0.017161, ""2023"": 0.008711, ""2024"": 0.013793, ""2025"": 0.018282, ""2026"": 0.037037}",0.014913,0.00217637,Sigma Aldrich,Cat#D9663,16
rpmi-1640,39,"2017,2018,2019,2020,2021,2022,2024,2025,2026","{""2017"": 2, ""2018"": 3, ""2019"": 3, ""2020"": 7, ""2021"": 4, ""2022"": 2, ""2024"": 8, ""2025"": 5, ""2026"": 5}","{""2017"": 0.012346, ""2018"": 0.007916, ""2019"": 0.005093, ""2020"": 0.01072, ""2021"": 0.005355, ""2022"": 0.00312, ""2024"": 0.018391, ""2025"": 0.009141, ""2026"": 0.061728}",0.014868,0.00331073,Gibco,Cat# 11875093,22
dynabeads protein g,60,"2017,2018,2019,2020,2021,2022,2023,2024,2025","{""2017"": 6, ""2018"": 8, ""2019"": 6, ""2020"": 7, ""2021"": 11, ""2022"": 7, ""2023"": 8, ""2024"": 2, ""2025"": 5}","{""2017"": 0.037037, ""2018"": 0.021108, ""2019"": 0.010187, ""2020"": 0.01072, ""2021"": 0.014726, ""2022"": 0.01092, ""2023"": 0.013937, ""2024"": 0.004598, ""2025"": 0.009141}",0.014708,-0.00255691,Thermo Fisher Scientific,10004D,9
ampicillin,67,"2017,2018,2019,2020,2021,2022,2023,2024,2025,2026","{""2017"": 1, ""2018"": 5, ""2019"": 6, ""2020"": 4, ""2021"": 10, ""2022"": 9, ""2023"": 11, ""2024"": 9, ""2025"": 10, ""2026"": 2}","{""2017"": 0.006173, ""2018"": 0.013193, ""2019"": 0.010187, ""2020"": 0.006126, ""2021"": 0.013387, ""2022"": 0.014041, ""2023"": 0.019164, ""2024"": 0.02069, ""2025"": 0.018282, ""2026"": 0.024691}",0.014593,0.00178528,Sigma-Aldrich,Cat#A9393,30
neurobasal medium,72,"2017,2018,2019,2020,2021,2022,2023,2024,2025","{""2017"": 1, ""2018"": 3, ""2019"": 6, ""2020"": 14, ""2021"": 6, ""2022"": 12, ""2023"": 9, ""2024"": 7, ""2025"": 14}","{""2017"": 0.006173, ""2018"": 0.007916, ""2019"": 0.010187, ""2020"": 0.02144, ""2021"": 0.008032, ""2022"": 0.018721, ""2023"": 0.015679, ""2024"": 0.016092, ""2025"": 0.025594}",0.014426,0.00184135,Gibco,Cat#21103049,13
papain,64,"2018,2019,2020,2021,2022,2023,2024,2025","{""2018"": 7, ""2019"": 8, ""2020"": 10, ""2021"": 7, ""2022"": 8, ""2023"": 11, ""2024"": 6, ""2025"": 7}","{""2018"": 0.01847, ""2019"": 0.013582, ""2020"": 0.015314, ""2021"": 0.009371, ""2022"": 0.01248, ""2023"": 0.019164, ""2024"": 0.013793, ""2025"": 0.012797}",0.014371,-0.00028566,Worthington Biochemical,LS003126,32
imidazole,76,"2017,2018,2019,2020,2021,2022,2023,2024,2025,2026","{""2017"": 1, ""2018"": 3, ""2019"": 9, ""2020"": 14, ""2021"": 11, ""2022"": 13, ""2023"": 14, ""2024"": 6, ""2025"": 4, ""2026"": 1}","{""2017"": 0.006173, ""2018"": 0.007916, ""2019"": 0.01528, ""2020"": 0.02144, ""2021"": 0.014726, ""2022"": 0.020281, ""2023"": 0.02439, ""2024"": 0.013793, ""2025"": 0.007313, ""2026"": 0.012346}",0.014366,0.00035338,Sigma-Aldrich,Cat#56750,26
dnase,71,"2017,2018,2019,2020,2021,2022,2023,2024,2025,2026","{""2017"": 2, ""2018"": 3, ""2019"": 7, ""2020"": 9, ""2021"": 7, ""2022"": 9, ""2023"": 15, ""2024"": 6, ""2025"": 12, ""2026"": 1}","{""2017"": 0.012346, ""2018"": 0.007916, ""2019"": 0.011885, ""2020"": 0.013783, ""2021"": 0.009371, ""2022"": 0.014041, ""2023"": 0.026132, ""2024"": 0.013793, ""2025"": 0.021938, ""2026"": 0.012346}",0.014355,0.00090556,Sigma-Aldrich,Cat#79254,36
ni-nta agarose,68,"2017,2018,2019,2020,2021,2022,2023,2024,2025,2026","{""2017"": 2, ""2018"": 10, ""2019"": 8, ""2020"": 8, ""2021"": 11, ""2022"": 8, ""2023"": 6, ""2024"": 7, ""2025"": 7, ""2026"": 1}","{""2017"": 0.012346, ""2018"": 0.026385, ""2019"": 0.013582, ""2020"": 0.012251, ""2021"": 0.014726, ""2022"": 0.01248, ""2023"": 0.010453, ""2024"": 0.016092, ""2025"": 0.012797, ""2026"": 0.012346}",0.014346,-0.00054672,QIAGEN,30210,10
dmem/f12,53,"2017,2018,2019,2020,2021,2022,2023,2024,2025,2026","{""2017"": 1, ""2018"": 3, ""2019"": 4, ""2020"": 4, ""2021"": 5, ""2022"": 6, ""2023"": 7, ""2024"": 8, ""2025"": 11, ""2026"": 4}","{""2017"": 0.006173, ""2018"": 0.007916, ""2019"": 0.006791, ""2020"": 0.006126, ""2021"": 0.006693, ""2022"": 0.00936, ""2023"": 0.012195, ""2024"": 0.018391, ""2025"": 0.02011, ""2026"": 0.049383}",0.014314,0.00335225,Gibco,Cat# 11330-032,26
kcl,69,"2017,2018,2019,2020,2021,2022,2023,2024,2025,2026","{""2017"": 2, ""2018"": 6, ""2019"": 6, ""2020"": 10, ""2021"": 14, ""2022"": 5, ""2023"": 4, ""2024"": 8, ""2025"": 13, ""2026"": 1}","{""2017"": 0.012346, ""2018"": 0.015831, ""2019"": 0.010187, ""2020"": 0.015314, ""2021"": 0.018742, ""2022"": 0.0078, ""2023"": 0.006969, ""2024"": 0.018391, ""2025"": 0.023766, ""2026"": 0.012346}",0.014169,0.00036719,Sigma-Aldrich,Cat# P9541,30
thymidine,53,"2017,2018,2019,2020,2021,2022,2023,2024,2025,2026","{""2017"": 4, ""2018"": 8, ""2019"": 4, ""2020"": 5, ""2021"": 5, ""2022"": 7, ""2023"": 6, ""2024"": 6, ""2025"": 6, ""2026"": 2}","{""2017"": 0.024691, ""2018"": 0.021108, ""2019"": 0.006791, ""2020"": 0.007657, ""2021"": 0.006693, ""2022"": 0.01092, ""2023"": 0.010453, ""2024"": 0.013793, ""2025"": 0.010969, ""2026"": 0.024691}",0.013777,-0.00014152,Sigma-Aldrich,Cat# T1895,12
corn oil,57,"2017,2018,2019,2020,2021,2022,2023,2024,2025,2026","{""2017"": 3, ""2018"": 4, ""2019"": 4, ""2020"": 5, ""2021"": 8, ""2022"": 6, ""2023"": 7, ""2024"": 8, ""2025"": 10, ""2026"": 2}","{""2017"": 0.018519, ""2018"": 0.010554, ""2019"": 0.006791, ""2020"": 0.007657, ""2021"": 0.01071, ""2022"": 0.00936, ""2023"": 0.012195, ""2024"": 0.018391, ""2025"": 0.018282, ""2026"": 0.024691}",0.013715,0.00109037,Sigma-Aldrich,Cat# C8267,8
glutaraldehyde,65,"2018,2019,2020,2021,2022,2023,2024,2025,2026","{""2018"": 5, ""2019"": 9, ""2020"": 11, ""2021"": 6, ""2022"": 10, ""2023"": 13, ""2024"": 2, ""2025"": 8, ""2026"": 1}","{""2018"": 0.013193, ""2019"": 0.01528, ""2020"": 0.016845, ""2021"": 0.008032, ""2022"": 0.015601, ""2023"": 0.022648, ""2024"": 0.004598, ""2025"": 0.014625, ""2026"": 0.012346}",0.013685,-0.00025386,Sigma-Aldrich,Cat#G5882,32
hbss,56,"2018,2019,2020,2021,2022,2023,2024,2025,2026","{""2018"": 3, ""2019"": 2, ""2020"": 3, ""2021"": 8, ""2022"": 9, ""2023"": 7, ""2024"": 11, ""2025"": 11, ""2026"": 2}","{""2018"": 0.007916, ""2019"": 0.003396, ""2020"": 0.004594, ""2021"": 0.01071, ""2022"": 0.014041, ""2023"": 0.012195, ""2024"": 0.025287, ""2025"": 0.02011, ""2026"": 0.024691}",0.01366,0.00266862,Gibco,Cat# 14025092,36
turbo dnase,57,"2017,2018,2019,2020,2021,2022,2023,2024,2025,2026","{""2017"": 1, ""2018"": 4, ""2019"": 5, ""2020"": 9, ""2021"": 7, ""2022"": 9, ""2023"": 5, ""2024"": 3, ""2025"": 11, ""2026"": 3}","{""2017"": 0.006173, ""2018"": 0.010554, ""2019"": 0.008489, ""2020"": 0.013783, ""2021"": 0.009371, ""2022"": 0.014041, ""2023"": 0.008711, ""2024"": 0.006897, ""2025"": 0.02011, ""2026"": 0.037037}",0.013516,0.00197672,Invitrogen,Cat#AM2238,10
iodoacetamide,70,"2017,2018,2019,2020,2021,2022,2023,2024,2025,2026","{""2017"": 1, ""2018"": 2, ""2019"": 9, ""2020"": 12, ""2021"": 12, ""2022"": 7, ""2023"": 12, ""2024"": 7, ""2025"": 7, ""2026"": 1}","{""2017"": 0.006173, ""2018"": 0.005277, ""2019"": 0.01528, ""2020"": 0.018377, ""2021"": 0.016064, ""2022"": 0.01092, ""2023"": 0.020906, ""2024"": 0.016092, ""2025"": 0.012797, ""2026"": 0.012346}",0.013423,0.00069514,Sigma-Aldrich,Cat#I1149,11
dithiothreitol (dtt),65,"2017,2018,2019,2020,2021,2022,2023,2024,2025,2026","{""2017"": 1, ""2018"": 2, ""2019"": 10, ""2020"": 11, ""2021"": 14, ""2022"": 6, ""2023"": 7, ""2024"": 3, ""2025"": 9, ""2026"": 2}","{""2017"": 0.006173, ""2018"": 0.005277, ""2019"": 0.016978, ""2020"": 0.016845, ""2021"": 0.018742, ""2022"": 0.00936, ""2023"": 0.012195, ""2024"": 0.006897, ""2025"": 0.016453, ""2026"": 0.024691}",0.013361,0.00103735,Sigma-Aldrich,Cat# R0861,40
nebnext ultra ii q5 master mix,5,"2021,2022,2026","{""2021"": 1, ""2022"": 1, ""2026"": 3}","{""2021"": 0.001339, ""2022"": 0.00156, ""2026"": 0.037037}",0.013312,0.00763383,NEB,M0544L,3
kanamycin,45,"2019,2020,2021,2022,2023,2024,2025,2026","{""2019"": 6, ""2020"": 4, ""2021"": 9, ""2022"": 8, ""2023"": 5, ""2024"": 3, ""2025"": 7, ""2026"": 3}","{""2019"": 0.010187, ""2020"": 0.006126, ""2021"": 0.012048, ""2022"": 0.01248, ""2023"": 0.008711, ""2024"": 0.006897, ""2025"": 0.012797, ""2026"": 0.037037}",0.013285,0.00240577,Melford,Cat#K22000,23
rnase inhibitor,43,"2019,2020,2021,2022,2023,2024,2025,2026","{""2019"": 5, ""2020"": 6, ""2021"": 7, ""2022"": 3, ""2023"": 4, ""2024"": 6, ""2025"": 9, ""2026"": 3}","{""2019"": 0.008489, ""2020"": 0.009188, ""2021"": 0.009371, ""2022"": 0.00468, ""2023"": 0.006969, ""2024"": 0.013793, ""2025"": 0.016453, ""2026"": 0.037037}",0.013248,0.00299663,Promega,2313A,26
hydroxyurea,56,"2017,2018,2019,2020,2021,2022,2023,2024,2025","{""2017"": 4, ""2018"": 8, ""2019"": 9, ""2020"": 10, ""2021"": 5, ""2022"": 4, ""2023"": 8, ""2024"": 2, ""2025"": 6}","{""2017"": 0.024691, ""2018"": 0.021108, ""2019"": 0.01528, ""2020"": 0.015314, ""2021"": 0.006693, ""2022"": 0.00624, ""2023"": 0.013937, ""2024"": 0.004598, ""2025"": 0.010969}",0.013203,-0.00193634,Sigma-Aldrich,Cat# H8627,10
sodium azide,60,"2018,2019,2020,2021,2022,2023,2024,2025,2026","{""2018"": 5, ""2019"": 2, ""2020"": 5, ""2021"": 8, ""2022"": 13, ""2023"": 8, ""2024"": 9, ""2025"": 9, ""2026"": 1}","{""2018"": 0.013193, ""2019"": 0.003396, ""2020"": 0.007657, ""2021"": 0.01071, ""2022"": 0.020281, ""2023"": 0.013937, ""2024"": 0.02069, ""2025"": 0.016453, ""2026"": 0.012346}",0.013185,0.00108465,Sigma-Aldrich,S2002,19
bafilomycin a1,64,"2017,2018,2019,2020,2021,2022,2023,2024,2025","{""2017"": 2, ""2018"": 1, ""2019"": 10, ""2020"": 7, ""2021"": 13, ""2022"": 6, ""2023"": 9, ""2024"": 8, ""2025"": 8}","{""2017"": 0.012346, ""2018"": 0.002639, ""2019"": 0.016978, ""2020"": 0.01072, ""2021"": 0.017403, ""2022"": 0.00936, ""2023"": 0.015679, ""2024"": 0.018391, ""2025"": 0.014625}",0.013127,0.00087364,Sigma,B1793,29
urea,55,"2017,2018,2019,2020,2021,2022,2023,2024,2025,2026","{""2017"": 1, ""2018"": 1, ""2019"": 6, ""2020"": 8, ""2021"": 10, ""2022"": 2, ""2023"": 10, ""2024"": 7, ""2025"": 7, ""2026"": 3}","{""2017"": 0.006173, ""2018"": 0.002639, ""2019"": 0.010187, ""2020"": 0.012251, ""2021"": 0.013387, ""2022"": 0.00312, ""2023"": 0.017422, ""2024"": 0.016092, ""2025"": 0.012797, ""2026"": 0.037037}",0.01311,0.0023252,Sigma-Aldrich,U5378,23
egta,65,"2017,2018,2019,2020,2021,2022,2023,2024,2025","{""2017"": 1, ""2018"": 5, ""2019"": 5, ""2020"": 11, ""2021"": 11, ""2022"": 8, ""2023"": 10, ""2024"": 6, ""2025"": 8}","{""2017"": 0.006173, ""2018"": 0.013193, ""2019"": 0.008489, ""2020"": 0.016845, ""2021"": 0.014726, ""2022"": 0.01248, ""2023"": 0.017422, ""2024"": 0.013793, ""2025"": 0.014625}",0.013083,0.00081852,Sigma-Aldrich,Cat#E3889,22
b27 supplement,63,"2018,2019,2020,2021,2022,2023,2024,2025,2026","{""2018"": 2, ""2019"": 2, ""2020"": 8, ""2021"": 10, ""2022"": 18, ""2023"": 7, ""2024"": 7, ""2025"": 8, ""2026"": 1}","{""2018"": 0.005277, ""2019"": 0.003396, ""2020"": 0.012251, ""2021"": 0.013387, ""2022"": 0.028081, ""2023"": 0.012195, ""2024"": 0.016092, ""2025"": 0.014625, ""2026"": 0.012346}",0.013072,0.00114089,Thermo Fisher Scientific,Cat#17504044,13
poly-d-lysine,64,"2017,2018,2019,2020,2021,2022,2023,2024,2025,2026","{""2017"": 1, ""2018"": 1, ""2019"": 6, ""2020"": 8, ""2021"": 6, ""2022"": 5, ""2023"": 10, ""2024"": 13, ""2025"": 13, ""2026"": 1}","{""2017"": 0.006173, ""2018"": 0.002639, ""2019"": 0.010187, ""2020"": 0.012251, ""2021"": 0.008032, ""2022"": 0.0078, ""2023"": 0.017422, ""2024"": 0.029885, ""2025"": 0.023766, ""2026"": 0.012346}",0.01305,0.00192254,Sigma-Aldrich,A3890401,22
benzonase nuclease,40,"2017,2019,2020,2021,2022,2023,2024,2025,2026","{""2017"": 2, ""2019"": 3, ""2020"": 7, ""2021"": 8, ""2022"": 5, ""2023"": 5, ""2024"": 3, ""2025"": 3, ""2026"": 4}","{""2017"": 0.012346, ""2019"": 0.005093, ""2020"": 0.01072, ""2021"": 0.01071, ""2022"": 0.0078, ""2023"": 0.008711, ""2024"": 0.006897, ""2025"": 0.005484, ""2026"": 0.049383}",0.013016,0.00203729,Sigma-Aldrich,Cat# E1014,12
thapsigargin,61,"2017,2018,2019,2020,2021,2022,2023,2024,2025,2026","{""2017"": 2, ""2018"": 6, ""2019"": 7, ""2020"": 10, ""2021"": 6, ""2022"": 5, ""2023"": 10, ""2024"": 3, ""2025"": 11, ""2026"": 1}","{""2017"": 0.012346, ""2018"": 0.015831, ""2019"": 0.011885, ""2020"": 0.015314, ""2021"": 0.008032, ""2022"": 0.0078, ""2023"": 0.017422, ""2024"": 0.006897, ""2025"": 0.02011, ""2026"": 0.012346}",0.012798,6.728e-05,Sigma-Aldrich,T9033,25
dispase,54,"2018,2019,2020,2021,2022,2023,2024,2025,2026","{""2018"": 2, ""2019"": 4, ""2020"": 12, ""2021"": 5, ""2022"": 6, ""2023"": 8, ""2024"": 4, ""2025"": 11, ""2026"": 2}","{""2018"": 0.005277, ""2019"": 0.006791, ""2020"": 0.018377, ""2021"": 0.006693, ""2022"": 0.00936, ""2023"": 0.013937, ""2024"": 0.009195, ""2025"": 0.02011, ""2026"": 0.024691}",0.012715,0.0017749,Corning,Cat# 354235,22
dpni,47,"2017,2018,2019,2020,2021,2022,2023,2024,2025,2026","{""2017"": 3, ""2018"": 2, ""2019"": 7, ""2020"": 4, ""2021"": 9, ""2022"": 8, ""2023"": 3, ""2024"": 1, ""2025"": 7, ""2026"": 3}","{""2017"": 0.018519, ""2018"": 0.005277, ""2019"": 0.011885, ""2020"": 0.006126, ""2021"": 0.012048, ""2022"": 0.01248, ""2023"": 0.005226, ""2024"": 0.002299, ""2025"": 0.012797, ""2026"": 0.037037}",0.012369,0.00102493,New England Biolabs,Cat# R0176L,6
lysozyme,44,"2018,2019,2020,2021,2022,2023,2024,2025,2026","{""2018"": 3, ""2019"": 3, ""2020"": 3, ""2021"": 10, ""2022"": 4, ""2023"": 7, ""2024"": 8, ""2025"": 3, ""2026"": 3}","{""2018"": 0.007916, ""2019"": 0.005093, ""2020"": 0.004594, ""2021"": 0.013387, ""2022"": 0.00624, ""2023"": 0.012195, ""2024"": 0.018391, ""2025"": 0.005484, ""2026"": 0.037037}",0.01226,0.00240101,Sigma-Aldrich,Cat#L6876,17
mgcl 2,57,"2018,2019,2020,2021,2022,2023,2024,2025,2026","{""2018"": 4, ""2019"": 8, ""2020"": 13, ""2021"": 11, ""2022"": 4, ""2023"": 2, ""2024"": 6, ""2025"": 8, ""2026"": 1}","{""2018"": 0.010554, ""2019"": 0.013582, ""2020"": 0.019908, ""2021"": 0.014726, ""2022"": 0.00624, ""2023"": 0.003484, ""2024"": 0.013793, ""2025"": 0.014625, ""2026"": 0.012346}",0.01214,-0.0002196,Sigma-Aldrich,M8266,24
b27,61,"2017,2018,2019,2020,2021,2022,2023,2024,2025,2026","{""2017"": 1, ""2018"": 5, ""2019"": 7, ""2020"": 9, ""2021"": 12, ""2022"": 7, ""2023"": 5, ""2024"": 5, ""2025"": 9, ""2026"": 1}","{""2017"": 0.006173, ""2018"": 0.013193, ""2019"": 0.011885, ""2020"": 0.013783, ""2021"": 0.016064, ""2022"": 0.01092, ""2023"": 0.008711, ""2024"": 0.011494, ""2025"": 0.016453, ""2026"": 0.012346}",0.012102,0.00033982,Thermo Fisher Scientific,Cat# 17504044,11
sodium deoxycholate,53,"2017,2018,2019,2020,2021,2022,2023,2024,2025,2026","{""2017"": 1, ""2018"": 4, ""2019"": 1, ""2020"": 7, ""2021"": 9, ""2022"": 1, ""2023"": 14, ""2024"": 7, ""2025"": 7, ""2026"": 2}","{""2017"": 0.006173, ""2018"": 0.010554, ""2019"": 0.001698, ""2020"": 0.01072, ""2021"": 0.012048, ""2022"": 0.00156, ""2023"": 0.02439, ""2024"": 0.016092, ""2025"": 0.012797, ""2026"": 0.024691}",0.012072,0.00172643,Sigma-Aldrich,Cat# D6750,15
superscript iii reverse transcriptase,49,"2018,2019,2020,2021,2022,2023,2025","{""2018"": 5, ""2019"": 11, ""2020"": 7, ""2021"": 8, ""2022"": 6, ""2023"": 3, ""2025"": 9}","{""2018"": 0.013193, ""2019"": 0.018676, ""2020"": 0.01072, ""2021"": 0.01071, ""2022"": 0.00936, ""2023"": 0.005226, ""2025"": 0.016453}",0.012048,-0.00040366,Invitrogen,Cat# 18080044,8
dpbs,58,"2018,2019,2020,2021,2022,2023,2024,2025,2026","{""2018"": 2, ""2019"": 3, ""2020"": 8, ""2021"": 13, ""2022"": 7, ""2023"": 13, ""2024"": 3, ""2025"": 8, ""2026"": 1}","{""2018"": 0.005277, ""2019"": 0.005093, ""2020"": 0.012251, ""2021"": 0.017403, ""2022"": 0.01092, ""2023"": 0.022648, ""2024"": 0.006897, ""2025"": 0.014625, ""2026"": 0.012346}",0.01194,0.00085677,Gibco,14190144,31
saponin,54,"2018,2019,2020,2021,2022,2023,2024,2025,2026","{""2018"": 7, ""2019"": 9, ""2020"": 7, ""2021"": 9, ""2022"": 9, ""2023"": 3, ""2024"": 5, ""2025"": 4, ""2026"": 1}","{""2018"": 0.01847, ""2019"": 0.01528, ""2020"": 0.01072, ""2021"": 0.012048, ""2022"": 0.014041, ""2023"": 0.005226, ""2024"": 0.011494, ""2025"": 0.007313, ""2026"": 0.012346}",0.011882,-0.00089452,Sigma-Aldrich,Cat#47036,17
ampure xp beads,58,"2017,2018,2019,2020,2021,2022,2023,2024,2025","{""2017"": 1, ""2018"": 3, ""2019"": 12, ""2020"": 4, ""2021"": 7, ""2022"": 8, ""2023"": 7, ""2024"": 6, ""2025"": 10}","{""2017"": 0.006173, ""2018"": 0.007916, ""2019"": 0.020374, ""2020"": 0.006126, ""2021"": 0.009371, ""2022"": 0.01248, ""2023"": 0.012195, ""2024"": 0.013793, ""2025"": 0.018282}",0.011857,0.00093443,Beckman Coulter,Cat# A63881,11
trizol ™ reagent,21,"2022,2023,2024,2025,2026","{""2022"": 1, ""2023"": 7, ""2024"": 1, ""2025"": 10, ""2026"": 2}","{""2022"": 0.00156, ""2023"": 0.012195, ""2024"": 0.002299, ""2025"": 0.018282, ""2026"": 0.024691}",0.011805,0.0052349,Invitrogen,Cat# 15596026,4
trypsin-edta,55,"2018,2019,2020,2021,2022,2023,2024,2025,2026","{""2018"": 4, ""2019"": 8, ""2020"": 2, ""2021"": 9, ""2022"": 13, ""2023"": 6, ""2024"": 4, ""2025"": 8, ""2026"": 1}","{""2018"": 0.010554, ""2019"": 0.013582, ""2020"": 0.003063, ""2021"": 0.012048, ""2022"": 0.020281, ""2023"": 0.010453, ""2024"": 0.009195, ""2025"": 0.014625, ""2026"": 0.012346}",0.011794,0.00034942,Gibco,Cat#2259288,22
lps,46,"2017,2018,2019,2020,2021,2022,2023,2024,2025,2026","{""2017"": 3, ""2018"": 5, ""2019"": 7, ""2020"": 5, ""2021"": 5, ""2022"": 3, ""2023"": 5, ""2024"": 3, ""2025"": 8, ""2026"": 2}","{""2017"": 0.018519, ""2018"": 0.013193, ""2019"": 0.011885, ""2020"": 0.007657, ""2021"": 0.006693, ""2022"": 0.00468, ""2023"": 0.008711, ""2024"": 0.006897, ""2025"": 0.014625, ""2026"": 0.024691}",0.011755,0.00025329,Sigma-Aldrich,Cat# L2630,28
tris base,42,"2018,2019,2020,2021,2022,2023,2024,2026","{""2018"": 2, ""2019"": 6, ""2020"": 7, ""2021"": 6, ""2022"": 6, ""2023"": 9, ""2024"": 4, ""2026"": 2}","{""2018"": 0.005277, ""2019"": 0.010187, ""2020"": 0.01072, ""2021"": 0.008032, ""2022"": 0.00936, ""2023"": 0.015679, ""2024"": 0.009195, ""2026"": 0.024691}",0.011643,0.00173682,Sigma-Aldrich,Cat# BP152-1,20
collagenase iv,52,"2017,2018,2019,2020,2021,2022,2023,2024,2025,2026","{""2017"": 1, ""2018"": 3, ""2019"": 3, ""2020"": 7, ""2021"": 6, ""2022"": 6, ""2023"": 10, ""2024"": 2, ""2025"": 12, ""2026"": 2}","{""2017"": 0.006173, ""2018"": 0.007916, ""2019"": 0.005093, ""2020"": 0.01072, ""2021"": 0.008032, ""2022"": 0.00936, ""2023"": 0.017422, ""2024"": 0.004598, ""2025"": 0.021938, ""2026"": 0.024691}",0.011594,0.00171987,Sigma,Cat# C5138,26
picrotoxin,56,"2017,2018,2019,2020,2021,2022,2023,2024,2025","{""2017"": 1, ""2018"": 5, ""2019"": 6, ""2020"": 10, ""2021"": 5, ""2022"": 9, ""2023"": 6, ""2024"": 5, ""2025"": 9}","{""2017"": 0.006173, ""2018"": 0.013193, ""2019"": 0.010187, ""2020"": 0.015314, ""2021"": 0.006693, ""2022"": 0.014041, ""2023"": 0.010453, ""2024"": 0.011494, ""2025"": 0.016453}",0.011556,0.0005881,Sigma-Aldrich,Cat# P1675,15
formic acid,55,"2017,2018,2019,2020,2021,2022,2023,2024,2025,2026","{""2017"": 1, ""2018"": 5, ""2019"": 4, ""2020"": 5, ""2021"": 6, ""2022"": 4, ""2023"": 12, ""2024"": 6, ""2025"": 11, ""2026"": 1}","{""2017"": 0.006173, ""2018"": 0.013193, ""2019"": 0.006791, ""2020"": 0.007657, ""2021"": 0.008032, ""2022"": 0.00624, ""2023"": 0.020906, ""2024"": 0.013793, ""2025"": 0.02011, ""2026"": 0.012346}",0.011524,0.00107236,Sigma-Aldrich,28905,33
hydrocortisone,55,"2017,2018,2019,2020,2021,2022,2023,2024,2025","{""2017"": 2, ""2018"": 4, ""2019"": 7, ""2020"": 9, ""2021"": 9, ""2022"": 6, ""2023"": 5, ""2024"": 2, ""2025"": 11}","{""2017"": 0.012346, ""2018"": 0.010554, ""2019"": 0.011885, ""2020"": 0.013783, ""2021"": 0.012048, ""2022"": 0.00936, ""2023"": 0.008711, ""2024"": 0.004598, ""2025"": 0.02011}",0.011488,4.029e-05,Sigma-Aldrich,Cat# H0888,16
hoechst,52,"2017,2018,2019,2020,2021,2022,2023,2024,2025","{""2017"": 2, ""2018"": 2, ""2019"": 5, ""2020"": 5, ""2021"": 5, ""2022"": 7, ""2023"": 7, ""2024"": 10, ""2025"": 9}","{""2017"": 0.012346, ""2018"": 0.005277, ""2019"": 0.008489, ""2020"": 0.007657, ""2021"": 0.006693, ""2022"": 0.01092, ""2023"": 0.012195, ""2024"": 0.022989, ""2025"": 0.016453}",0.011447,0.00133735,Thermo Fisher Scientific,62249,20
forskolin,58,"2017,2018,2019,2020,2021,2022,2023,2024,2025","{""2017"": 1, ""2018"": 2, ""2019"": 3, ""2020"": 8, ""2021"": 11, ""2022"": 10, ""2023"": 6, ""2024"": 5, ""2025"": 12}","{""2017"": 0.006173, ""2018"": 0.005277, ""2019"": 0.005093, ""2020"": 0.012251, ""2021"": 0.014726, ""2022"": 0.015601, ""2023"": 0.010453, ""2024"": 0.011494, ""2025"": 0.021938}",0.011445,0.00159634,Sigma-Aldrich,F6886,21
goat serum,52,"2017,2018,2019,2020,2021,2022,2023,2024,2025,2026","{""2017"": 2, ""2018"": 4, ""2019"": 4, ""2020"": 6, ""2021"": 6, ""2022"": 7, ""2023"": 3, ""2024"": 5, ""2025"": 14, ""2026"": 1}","{""2017"": 0.012346, ""2018"": 0.010554, ""2019"": 0.006791, ""2020"": 0.009188, ""2021"": 0.008032, ""2022"": 0.01092, ""2023"": 0.005226, ""2024"": 0.011494, ""2025"": 0.025594, ""2026"": 0.012346}",0.011249,0.00072605,Sigma-Aldrich,Cat# G9023,20
n2 supplement,52,"2018,2019,2020,2021,2022,2023,2024,2025,2026","{""2018"": 3, ""2019"": 3, ""2020"": 3, ""2021"": 7, ""2022"": 13, ""2023"": 8, ""2024"": 3, ""2025"": 11, ""2026"": 1}","{""2018"": 0.007916, ""2019"": 0.005093, ""2020"": 0.004594, ""2021"": 0.009371, ""2022"": 0.020281, ""2023"": 0.013937, ""2024"": 0.006897, ""2025"": 0.02011, ""2026"": 0.012346}",0.011172,0.00119901,Thermo Fisher Scientific,Cat#17502048,10
isoflurane,52,"2017,2018,2019,2020,2021,2022,2023,2024,2025,2026","{""2017"": 2, ""2018"": 5, ""2019"": 4, ""2020"": 7, ""2021"": 6, ""2022"": 9, ""2023"": 7, ""2024"": 4, ""2025"": 7, ""2026"": 1}","{""2017"": 0.012346, ""2018"": 0.013193, ""2019"": 0.006791, ""2020"": 0.01072, ""2021"": 0.008032, ""2022"": 0.014041, ""2023"": 0.012195, ""2024"": 0.009195, ""2025"": 0.012797, ""2026"": 0.012346}",0.011166,0.00011931,Covetrus,029405,43
paraformaldehyde (pfa),45,"2018,2019,2020,2021,2022,2023,2024,2025,2026","{""2018"": 2, ""2019"": 4, ""2020"": 2, ""2021"": 9, ""2022"": 9, ""2023"": 6, ""2024"": 7, ""2025"": 4, ""2026"": 2}","{""2018"": 0.005277, ""2019"": 0.006791, ""2020"": 0.003063, ""2021"": 0.012048, ""2022"": 0.014041, ""2023"": 0.010453, ""2024"": 0.016092, ""2025"": 0.007313, ""2026"": 0.024691}",0.011085,0.00172808,Sigma-Aldrich,"Cat# P6148, CAS no. 30525-89-4",23
phosstop,52,"2018,2019,2020,2021,2022,2023,2024,2025,2026","{""2018"": 1, ""2019"": 7, ""2020"": 8, ""2021"": 10, ""2022"": 6, ""2023"": 4, ""2024"": 6, ""2025"": 9, ""2026"": 1}","{""2018"": 0.002639, ""2019"": 0.011885, ""2020"": 0.012251, ""2021"": 0.013387, ""2022"": 0.00936, ""2023"": 0.006969, ""2024"": 0.013793, ""2025"": 0.016453, ""2026"": 0.012346}",0.011009,0.00082001,Roche,Cat# 4906845001,13
fibronectin,52,"2017,2018,2019,2020,2021,2022,2023,2024,2025","{""2017"": 1, ""2018"": 7, ""2019"": 5, ""2020"": 3, ""2021"": 10, ""2022"": 7, ""2023"": 8, ""2024"": 5, ""2025"": 6}","{""2017"": 0.006173, ""2018"": 0.01847, ""2019"": 0.008489, ""2020"": 0.004594, ""2021"": 0.013387, ""2022"": 0.01092, ""2023"": 0.013937, ""2024"": 0.011494, ""2025"": 0.010969}",0.010937,0.00025802,Sigma-Aldrich,F1141,23
crystal violet,48,"2017,2018,2019,2020,2021,2022,2023,2024,2025,2026","{""2017"": 1, ""2018"": 3, ""2019"": 2, ""2020"": 11, ""2021"": 6, ""2022"": 7, ""2023"": 4, ""2024"": 5, ""2025"": 7, ""2026"": 2}","{""2017"": 0.006173, ""2018"": 0.007916, ""2019"": 0.003396, ""2020"": 0.016845, ""2021"": 0.008032, ""2022"": 0.01092, ""2023"": 0.006969, ""2024"": 0.011494, ""2025"": 0.012797, ""2026"": 0.024691}",0.010923,0.00130054,Sigma,C0775,16
lenti-x concentrator,26,"2018,2020,2021,2022,2023,2024,2025,2026","{""2018"": 1, ""2020"": 4, ""2021"": 2, ""2022"": 4, ""2023"": 4, ""2024"": 1, ""2025"": 6, ""2026"": 4}","{""2018"": 0.002639, ""2020"": 0.006126, ""2021"": 0.002677, ""2022"": 0.00624, ""2023"": 0.006969, ""2024"": 0.002299, ""2025"": 0.010969, ""2026"": 0.049383}",0.010913,0.00368488,Takara,631232,10
recombinant human il-2,57,"2017,2018,2019,2020,2021,2022,2023,2024,2025,2026","{""2017"": 1, ""2018"": 2, ""2019"": 3, ""2020"": 8, ""2021"": 16, ""2022"": 8, ""2023"": 5, ""2024"": 3, ""2025"": 10, ""2026"": 1}","{""2017"": 0.006173, ""2018"": 0.005277, ""2019"": 0.005093, ""2020"": 0.012251, ""2021"": 0.021419, ""2022"": 0.01248, ""2023"": 0.008711, ""2024"": 0.006897, ""2025"": 0.018282, ""2026"": 0.012346}",0.010893,0.0008245,Peprotech,Cat#200-02,32
4-hydroxytamoxifen,39,"2017,2018,2019,2020,2021,2022,2024,2025,2026","{""2017"": 4, ""2018"": 5, ""2019"": 6, ""2020"": 4, ""2021"": 9, ""2022"": 3, ""2024"": 4, ""2025"": 3, ""2026"": 1}","{""2017"": 0.024691, ""2018"": 0.013193, ""2019"": 0.010187, ""2020"": 0.006126, ""2021"": 0.012048, ""2022"": 0.00468, ""2024"": 0.009195, ""2025"": 0.005484, ""2026"": 0.012346}",0.010883,-0.0010195,Sigma-Aldrich,Cat# H7904,9
potassium chloride,51,"2018,2019,2020,2021,2022,2023,2024,2025,2026","{""2018"": 1, ""2019"": 8, ""2020"": 10, ""2021"": 7, ""2022"": 4, ""2023"": 8, ""2024"": 5, ""2025"": 7, ""2026"": 1}","{""2018"": 0.002639, ""2019"": 0.013582, ""2020"": 0.015314, ""2021"": 0.009371, ""2022"": 0.00624, ""2023"": 0.013937, ""2024"": 0.011494, ""2025"": 0.012797, ""2026"": 0.012346}",0.010858,0.00055667,Sigma-Aldrich,Cat# P5405,25
hydrogen peroxide,31,"2018,2019,2020,2021,2022,2023,2024,2025,2026","{""2018"": 2, ""2019"": 3, ""2020"": 2, ""2021"": 5, ""2022"": 3, ""2023"": 5, ""2024"": 2, ""2025"": 5, ""2026"": 4}","{""2018"": 0.005277, ""2019"": 0.005093, ""2020"": 0.003063, ""2021"": 0.006693, ""2022"": 0.00468, ""2023"": 0.008711, ""2024"": 0.004598, ""2025"": 0.009141, ""2026"": 0.049383}",0.010738,0.00322753,Sigma-Aldrich,Cat# H1009,16
agar,37,"2017,2018,2019,2020,2021,2022,2023,2024,2025,2026","{""2017"": 1, ""2018"": 5, ""2019"": 3, ""2020"": 3, ""2021"": 1, ""2022"": 6, ""2023"": 6, ""2024"": 6, ""2025"": 3, ""2026"": 3}","{""2017"": 0.006173, ""2018"": 0.013193, ""2019"": 0.005093, ""2020"": 0.004594, ""2021"": 0.001339, ""2022"": 0.00936, ""2023"": 0.010453, ""2024"": 0.013793, ""2025"": 0.005484, ""2026"": 0.037037}",0.010652,0.00177526,Sigma-Aldrich,Cat# A7002,23
phosphate buffered saline (pbs),44,"2019,2020,2021,2022,2023,2024,2025,2026","{""2019"": 2, ""2020"": 1, ""2021"": 9, ""2022"": 11, ""2023"": 7, ""2024"": 5, ""2025"": 8, ""2026"": 1}","{""2019"": 0.003396, ""2020"": 0.001531, ""2021"": 0.012048, ""2022"": 0.017161, ""2023"": 0.012195, ""2024"": 0.011494, ""2025"": 0.014625, ""2026"": 0.012346}",0.0106,0.00144634,Gibco,Cat# 10010023,31
tris,41,"2017,2019,2020,2021,2022,2023,2024,2025,2026","{""2017"": 1, ""2019"": 3, ""2020"": 8, ""2021"": 7, ""2022"": 4, ""2023"": 7, ""2024"": 6, ""2025"": 3, ""2026"": 2}","{""2017"": 0.006173, ""2019"": 0.005093, ""2020"": 0.012251, ""2021"": 0.009371, ""2022"": 0.00624, ""2023"": 0.012195, ""2024"": 0.013793, ""2025"": 0.005484, ""2026"": 0.024691}",0.010588,0.00124216,Sigma-Aldrich,Cat# 71033,31
chloramphenicol,51,"2017,2018,2019,2020,2021,2022,2023,2024,2025,2026","{""2017"": 1, ""2018"": 3, ""2019"": 8, ""2020"": 2, ""2021"": 7, ""2022"": 4, ""2023"": 11, ""2024"": 5, ""2025"": 9, ""2026"": 1}","{""2017"": 0.006173, ""2018"": 0.007916, ""2019"": 0.013582, ""2020"": 0.003063, ""2021"": 0.009371, ""2022"": 0.00624, ""2023"": 0.019164, ""2024"": 0.011494, ""2025"": 0.016453, ""2026"": 0.012346}",0.01058,0.00090941,Sigma-Aldrich,C0378,22
tri reagent,47,"2018,2019,2020,2021,2022,2023,2024,2025","{""2018"": 6, ""2019"": 6, ""2020"": 4, ""2021"": 8, ""2022"": 6, ""2023"": 4, ""2024"": 3, ""2025"": 10}","{""2018"": 0.015831, ""2019"": 0.010187, ""2020"": 0.006126, ""2021"": 0.01071, ""2022"": 0.00936, ""2023"": 0.006969, ""2024"": 0.006897, ""2025"": 0.018282}",0.010545,2.24e-05,Sigma-Aldrich,Cat# T9424,12
tryple express,36,"2018,2019,2020,2021,2022,2023,2024,2025,2026","{""2018"": 2, ""2019"": 3, ""2020"": 4, ""2021"": 7, ""2022"": 3, ""2023"": 3, ""2024"": 4, ""2025"": 7, ""2026"": 3}","{""2018"": 0.005277, ""2019"": 0.005093, ""2020"": 0.006126, ""2021"": 0.009371, ""2022"": 0.00468, ""2023"": 0.005226, ""2024"": 0.009195, ""2025"": 0.012797, ""2026"": 0.037037}",0.010534,0.00253577,Thermo Fisher Scientific,Cat# 12604021,11
biotin,49,"2017,2018,2019,2020,2021,2022,2023,2024,2025,2026","{""2017"": 2, ""2018"": 1, ""2019"": 3, ""2020"": 4, ""2021"": 9, ""2022"": 8, ""2023"": 6, ""2024"": 8, ""2025"": 7, ""2026"": 1}","{""2017"": 0.012346, ""2018"": 0.002639, ""2019"": 0.005093, ""2020"": 0.006126, ""2021"": 0.012048, ""2022"": 0.01248, ""2023"": 0.010453, ""2024"": 0.018391, ""2025"": 0.012797, ""2026"": 0.012346}",0.010472,0.00091522,Sigma-Aldrich,B4501,14
16% paraformaldehyde aqueous solution,6,"2020,2025,2026","{""2020"": 2, ""2025"": 2, ""2026"": 2}","{""2020"": 0.003063, ""2025"": 0.003656, ""2026"": 0.024691}",0.01047,0.00248023,Electron Microscopy Sciences,Cat# 50-980-487,3
gentamicin,50,"2018,2019,2020,2021,2022,2023,2024,2025","{""2018"": 2, ""2019"": 9, ""2020"": 10, ""2021"": 7, ""2022"": 8, ""2023"": 6, ""2024"": 2, ""2025"": 6}","{""2018"": 0.005277, ""2019"": 0.01528, ""2020"": 0.015314, ""2021"": 0.009371, ""2022"": 0.01248, ""2023"": 0.010453, ""2024"": 0.004598, ""2025"": 0.010969}",0.010468,-0.00029812,Sigma-Aldrich,Catalog# G3632,21
bdnf,37,"2017,2018,2019,2020,2021,2023,2024,2025,2026","{""2017"": 1, ""2018"": 3, ""2019"": 1, ""2020"": 5, ""2021"": 3, ""2023"": 8, ""2024"": 5, ""2025"": 9, ""2026"": 2}","{""2017"": 0.006173, ""2018"": 0.007916, ""2019"": 0.001698, ""2020"": 0.007657, ""2021"": 0.004016, ""2023"": 0.013937, ""2024"": 0.011494, ""2025"": 0.016453, ""2026"": 0.024691}",0.010448,0.0018285,Peprotech,Cat# 450-02,20
dimethyl sulfoxide,51,"2017,2018,2019,2020,2021,2022,2023,2024,2025,2026","{""2017"": 1, ""2018"": 3, ""2019"": 1, ""2020"": 4, ""2021"": 12, ""2022"": 7, ""2023"": 5, ""2024"": 6, ""2025"": 11, ""2026"": 1}","{""2017"": 0.006173, ""2018"": 0.007916, ""2019"": 0.001698, ""2020"": 0.006126, ""2021"": 0.016064, ""2022"": 0.01092, ""2023"": 0.008711, ""2024"": 0.013793, ""2025"": 0.02011, ""2026"": 0.012346}",0.010386,0.00123638,Sigma-Aldrich,Cat# D2650,21
"complete, edta-free protease inhibitor cocktail",49,"2017,2018,2019,2020,2021,2022,2023,2024,2025","{""2017"": 2, ""2018"": 5, ""2019"": 7, ""2020"": 11, ""2021"": 10, ""2022"": 2, ""2023"": 6, ""2024"": 2, ""2025"": 4}","{""2017"": 0.012346, ""2018"": 0.013193, ""2019"": 0.011885, ""2020"": 0.016845, ""2021"": 0.013387, ""2022"": 0.00312, ""2023"": 0.010453, ""2024"": 0.004598, ""2025"": 0.007313}",0.010349,-0.00104176,Roche,Cat#11873580001,12
immobilon forte western hrp substrate,5,"2022,2024,2026","{""2022"": 1, ""2024"": 2, ""2026"": 2}","{""2022"": 0.00156, ""2024"": 0.004598, ""2026"": 0.024691}",0.010283,0.00578282,Millipore Sigma,WBLUF0500,3
sodium bicarbonate,51,"2017,2018,2019,2020,2021,2022,2023,2024,2025,2026","{""2017"": 1, ""2018"": 1, ""2019"": 5, ""2020"": 12, ""2021"": 7, ""2022"": 6, ""2023"": 8, ""2024"": 5, ""2025"": 5, ""2026"": 1}","{""2017"": 0.006173, ""2018"": 0.002639, ""2019"": 0.008489, ""2020"": 0.018377, ""2021"": 0.009371, ""2022"": 0.00936, ""2023"": 0.013937, ""2024"": 0.011494, ""2025"": 0.009141, ""2026"": 0.012346}",0.010133,0.00062284,Sigma-Aldrich,Cat# S5761,18
complete edta-free protease inhibitor cocktail,48,"2017,2018,2019,2020,2021,2022,2023,2024,2025,2026","{""2017"": 1, ""2018"": 5, ""2019"": 9, ""2020"": 9, ""2021"": 4, ""2022"": 2, ""2023"": 7, ""2024"": 3, ""2025"": 7, ""2026"": 1}","{""2017"": 0.006173, ""2018"": 0.013193, ""2019"": 0.01528, ""2020"": 0.013783, ""2021"": 0.005355, ""2022"": 0.00312, ""2023"": 0.012195, ""2024"": 0.006897, ""2025"": 0.012797, ""2026"": 0.012346}",0.010114,2.347e-05,Roche,Cat# 11873580001,19
g418,51,"2017,2018,2019,2020,2021,2022,2023,2024,2025,2026","{""2017"": 1, ""2018"": 2, ""2019"": 9, ""2020"": 1, ""2021"": 13, ""2022"": 8, ""2023"": 4, ""2024"": 3, ""2025"": 9, ""2026"": 1}","{""2017"": 0.006173, ""2018"": 0.005277, ""2019"": 0.01528, ""2020"": 0.001531, ""2021"": 0.017403, ""2022"": 0.01248, ""2023"": 0.006969, ""2024"": 0.006897, ""2025"": 0.016453, ""2026"": 0.012346}",0.010081,0.00062583,Sigma-Aldrich,Cat# G8168-10ML,34
temed,20,"2018,2019,2022,2024,2025,2026","{""2018"": 3, ""2019"": 4, ""2022"": 2, ""2024"": 3, ""2025"": 6, ""2026"": 2}","{""2018"": 0.007916, ""2019"": 0.006791, ""2022"": 0.00312, ""2024"": 0.006897, ""2025"": 0.010969, ""2026"": 0.024691}",0.010064,0.00137441,Sigma,411019,13
non-essential amino acids,46,"2017,2018,2019,2020,2021,2022,2023,2024,2025,2026","{""2017"": 2, ""2018"": 2, ""2019"": 2, ""2020"": 4, ""2021"": 6, ""2022"": 6, ""2023"": 8, ""2024"": 5, ""2025"": 10, ""2026"": 1}","{""2017"": 0.012346, ""2018"": 0.005277, ""2019"": 0.003396, ""2020"": 0.006126, ""2021"": 0.008032, ""2022"": 0.00936, ""2023"": 0.013937, ""2024"": 0.011494, ""2025"": 0.018282, ""2026"": 0.012346}",0.01006,0.0009472,Gibco,Cat# 11140050,16
n-acetyl-l-cysteine,41,"2017,2018,2019,2020,2021,2022,2023,2024,2025,2026","{""2017"": 1, ""2018"": 3, ""2019"": 4, ""2020"": 4, ""2021"": 2, ""2022"": 7, ""2023"": 5, ""2024"": 6, ""2025"": 7, ""2026"": 2}","{""2017"": 0.006173, ""2018"": 0.007916, ""2019"": 0.006791, ""2020"": 0.006126, ""2021"": 0.002677, ""2022"": 0.01092, ""2023"": 0.008711, ""2024"": 0.013793, ""2025"": 0.012797, ""2026"": 0.024691}",0.01006,0.00152634,Sigma-Aldrich,Cat#A9165,6
b27 supplement without vitamin a,5,"2023,2025,2026","{""2023"": 1, ""2025"": 2, ""2026"": 2}","{""2023"": 0.001742, ""2025"": 0.003656, ""2026"": 0.024691}",0.01003,0.00669364,Thermo Fisher Scientific,12587010,2
phorbol 12-myristate 13-acetate (pma),52,"2017,2018,2019,2020,2021,2022,2023,2024,2025","{""2017"": 1, ""2018"": 2, ""2019"": 7, ""2020"": 8, ""2021"": 15, ""2022"": 3, ""2023"": 5, ""2024"": 2, ""2025"": 9}","{""2017"": 0.006173, ""2018"": 0.005277, ""2019"": 0.011885, ""2020"": 0.012251, ""2021"": 0.02008, ""2022"": 0.00468, ""2023"": 0.008711, ""2024"": 0.004598, ""2025"": 0.016453}",0.010012,0.00041943,Sigma-Aldrich,Cat# P8139,12
dulbecco’s modified eagle medium (dmem),51,"2017,2018,2019,2020,2021,2022,2023,2024,2025","{""2017"": 1, ""2018"": 2, ""2019"": 7, ""2020"": 5, ""2021"": 12, ""2022"": 7, ""2023"": 8, ""2024"": 3, ""2025"": 6}","{""2017"": 0.006173, ""2018"": 0.005277, ""2019"": 0.011885, ""2020"": 0.007657, ""2021"": 0.016064, ""2022"": 0.01092, ""2023"": 0.013937, ""2024"": 0.006897, ""2025"": 0.010969}",0.009975,0.00052353,GIBCO,Cat# 11960-044,34
leupeptin,47,"2017,2018,2019,2020,2021,2022,2023,2024,2025,2026","{""2017"": 1, ""2018"": 3, ""2019"": 6, ""2020"": 6, ""2021"": 6, ""2022"": 4, ""2023"": 8, ""2024"": 7, ""2025"": 5, ""2026"": 1}","{""2017"": 0.006173, ""2018"": 0.007916, ""2019"": 0.010187, ""2020"": 0.009188, ""2021"": 0.008032, ""2022"": 0.00624, ""2023"": 0.013937, ""2024"": 0.016092, ""2025"": 0.009141, ""2026"": 0.012346}",0.009925,0.00064311,Sigma-Aldrich,Cat# L2884,26
actinomycin d,45,"2017,2018,2019,2020,2021,2022,2023,2024,2025,2026","{""2017"": 3, ""2018"": 1, ""2019"": 7, ""2020"": 4, ""2021"": 8, ""2022"": 5, ""2023"": 7, ""2024"": 1, ""2025"": 8, ""2026"": 1}","{""2017"": 0.018519, ""2018"": 0.002639, ""2019"": 0.011885, ""2020"": 0.006126, ""2021"": 0.01071, ""2022"": 0.0078, ""2023"": 0.012195, ""2024"": 0.002299, ""2025"": 0.014625, ""2026"": 0.012346}",0.009914,-2.593e-05,Sigma-Aldrich,Cat# A9415,11
lipofectamine 2000 transfection reagent,48,"2018,2019,2020,2021,2022,2023,2024,2025","{""2018"": 2, ""2019"": 7, ""2020"": 8, ""2021"": 13, ""2022"": 5, ""2023"": 6, ""2024"": 3, ""2025"": 4}","{""2018"": 0.005277, ""2019"": 0.011885, ""2020"": 0.012251, ""2021"": 0.017403, ""2022"": 0.0078, ""2023"": 0.010453, ""2024"": 0.006897, ""2025"": 0.007313}",0.00991,-0.00030581,Thermo Fisher Scientific,Cat# 11668019,7
retinoic acid,44,"2017,2019,2020,2021,2022,2023,2024,2025","{""2017"": 1, ""2019"": 3, ""2020"": 11, ""2021"": 8, ""2022"": 4, ""2023"": 5, ""2024"": 7, ""2025"": 5}","{""2017"": 0.006173, ""2019"": 0.005093, ""2020"": 0.016845, ""2021"": 0.01071, ""2022"": 0.00624, ""2023"": 0.008711, ""2024"": 0.016092, ""2025"": 0.009141}",0.009876,0.00054437,Sigma,Cat# R2625,4
cacl 2,47,"2017,2018,2019,2020,2021,2022,2023,2024,2025","{""2017"": 1, ""2018"": 3, ""2019"": 7, ""2020"": 5, ""2021"": 8, ""2022"": 3, ""2023"": 4, ""2024"": 7, ""2025"": 9}","{""2017"": 0.006173, ""2018"": 0.007916, ""2019"": 0.011885, ""2020"": 0.007657, ""2021"": 0.01071, ""2022"": 0.00468, ""2023"": 0.006969, ""2024"": 0.016092, ""2025"": 0.016453}",0.009837,0.00088071,Sigma-Aldrich,Cat#21115,27
formamide,42,"2018,2019,2020,2021,2022,2023,2024,2025,2026","{""2018"": 4, ""2019"": 6, ""2020"": 4, ""2021"": 4, ""2022"": 3, ""2023"": 3, ""2024"": 6, ""2025"": 11, ""2026"": 1}","{""2018"": 0.010554, ""2019"": 0.010187, ""2020"": 0.006126, ""2021"": 0.005355, ""2022"": 0.00468, ""2023"": 0.005226, ""2024"": 0.013793, ""2025"": 0.02011, ""2026"": 0.012346}",0.00982,0.00086903,Sigma-Aldrich,AM9342,22
np-40,44,"2018,2019,2020,2021,2022,2023,2024,2025","{""2018"": 1, ""2019"": 4, ""2020"": 4, ""2021"": 7, ""2022"": 4, ""2023"": 10, ""2024"": 8, ""2025"": 6}","{""2018"": 0.002639, ""2019"": 0.006791, ""2020"": 0.006126, ""2021"": 0.009371, ""2022"": 0.00624, ""2023"": 0.017422, ""2024"": 0.018391, ""2025"": 0.010969}",0.009743,0.00175082,Sigma-Aldrich,Cat# 28324,28
dithiothreitol,41,"2018,2019,2020,2021,2022,2023,2024,2025,2026","{""2018"": 4, ""2019"": 2, ""2020"": 5, ""2021"": 5, ""2022"": 3, ""2023"": 6, ""2024"": 9, ""2025"": 6, ""2026"": 1}","{""2018"": 0.010554, ""2019"": 0.003396, ""2020"": 0.007657, ""2021"": 0.006693, ""2022"": 0.00468, ""2023"": 0.010453, ""2024"": 0.02069, ""2025"": 0.010969, ""2026"": 0.012346}",0.009715,0.00099519,Sigma-Aldrich,Cat# 43819,24
sds,36,"2018,2019,2020,2021,2022,2023,2024,2025,2026","{""2018"": 2, ""2019"": 2, ""2020"": 2, ""2021"": 5, ""2022"": 3, ""2023"": 5, ""2024"": 7, ""2025"": 8, ""2026"": 2}","{""2018"": 0.005277, ""2019"": 0.003396, ""2020"": 0.003063, ""2021"": 0.006693, ""2022"": 0.00468, ""2023"": 0.008711, ""2024"": 0.016092, ""2025"": 0.014625, ""2026"": 0.024691}",0.009692,0.0023237,Sigma-Aldrich,Cat# L3771,27
sequencing grade modified trypsin,33,"2018,2019,2020,2021,2022,2023,2024,2025,2026","{""2018"": 1, ""2019"": 6, ""2020"": 4, ""2021"": 7, ""2022"": 3, ""2023"": 4, ""2024"": 2, ""2025"": 3, ""2026"": 3}","{""2018"": 0.002639, ""2019"": 0.010187, ""2020"": 0.006126, ""2021"": 0.009371, ""2022"": 0.00468, ""2023"": 0.006969, ""2024"": 0.004598, ""2025"": 0.005484, ""2026"": 0.037037}",0.009677,0.00196715,Promega,Cat# V5111,7
dispase ii,42,"2017,2018,2019,2020,2021,2022,2023,2024,2025,2026","{""2017"": 1, ""2018"": 2, ""2019"": 4, ""2020"": 4, ""2021"": 10, ""2022"": 6, ""2023"": 4, ""2024"": 3, ""2025"": 6, ""2026"": 2}","{""2017"": 0.006173, ""2018"": 0.005277, ""2019"": 0.006791, ""2020"": 0.006126, ""2021"": 0.013387, ""2022"": 0.00936, ""2023"": 0.006969, ""2024"": 0.006897, ""2025"": 0.010969, ""2026"": 0.024691}",0.009664,0.00124569,Roche,Cat# 17105041,14
phosstop ™,5,"2023,2026","{""2023"": 4, ""2026"": 1}","{""2023"": 0.006969, ""2026"": 0.012346}",0.009657,,Sigma-Aldrich (Roche),Cat#: 4906837001,3
lipofectamine rnaimax transfection reagent,47,"2017,2018,2019,2020,2021,2022,2023,2024,2025","{""2017"": 1, ""2018"": 6, ""2019"": 5, ""2020"": 8, ""2021"": 11, ""2022"": 4, ""2023"": 2, ""2024"": 3, ""2025"": 7}","{""2017"": 0.006173, ""2018"": 0.015831, ""2019"": 0.008489, ""2020"": 0.012251, ""2021"": 0.014726, ""2022"": 0.00624, ""2023"": 0.003484, ""2024"": 0.006897, ""2025"": 0.012797}",0.009654,-0.00027212,Thermo Fisher Scientific,Cat# 13778150,14
clarity western ecl substrate,27,"2017,2019,2021,2022,2023,2024,2025,2026","{""2017"": 2, ""2019"": 3, ""2021"": 3, ""2022"": 5, ""2023"": 5, ""2024"": 3, ""2025"": 4, ""2026"": 2}","{""2017"": 0.012346, ""2019"": 0.005093, ""2021"": 0.004016, ""2022"": 0.0078, ""2023"": 0.008711, ""2024"": 0.006897, ""2025"": 0.007313, ""2026"": 0.024691}",0.009608,0.00081039,Bio-Rad,1705061,5
"penicillin-streptomycin (10,000 u/ml)",37,"2018,2019,2020,2021,2022,2023,2024,2025,2026","{""2018"": 1, ""2019"": 2, ""2020"": 6, ""2021"": 5, ""2022"": 4, ""2023"": 4, ""2024"": 6, ""2025"": 7, ""2026"": 2}","{""2018"": 0.002639, ""2019"": 0.003396, ""2020"": 0.009188, ""2021"": 0.006693, ""2022"": 0.00624, ""2023"": 0.006969, ""2024"": 0.013793, ""2025"": 0.012797, ""2026"": 0.024691}",0.009601,0.00209834,Gibco,15140122,5
dntp mix,27,"2018,2020,2021,2022,2023,2025,2026","{""2018"": 3, ""2020"": 6, ""2021"": 6, ""2022"": 3, ""2023"": 2, ""2025"": 5, ""2026"": 2}","{""2018"": 0.007916, ""2020"": 0.009188, ""2021"": 0.008032, ""2022"": 0.00468, ""2023"": 0.003484, ""2025"": 0.009141, ""2026"": 0.024691}",0.00959,0.0013234,Thermo Fisher Scientific,Cat# R1121,19
biocytin,40,"2018,2019,2020,2021,2022,2023,2024,2025,2026","{""2018"": 5, ""2019"": 6, ""2020"": 7, ""2021"": 3, ""2022"": 4, ""2023"": 3, ""2024"": 8, ""2025"": 3, ""2026"": 1}","{""2018"": 0.013193, ""2019"": 0.010187, ""2020"": 0.01072, ""2021"": 0.004016, ""2022"": 0.00624, ""2023"": 0.005226, ""2024"": 0.018391, ""2025"": 0.005484, ""2026"": 0.012346}",0.009534,-1.57e-05,Sigma-Aldrich,B4261,12
pma,46,"2017,2018,2019,2020,2021,2022,2023,2024,2025","{""2017"": 1, ""2018"": 7, ""2019"": 3, ""2020"": 5, ""2021"": 11, ""2022"": 9, ""2023"": 2, ""2024"": 3, ""2025"": 5}","{""2017"": 0.006173, ""2018"": 0.01847, ""2019"": 0.005093, ""2020"": 0.007657, ""2021"": 0.014726, ""2022"": 0.014041, ""2023"": 0.003484, ""2024"": 0.006897, ""2025"": 0.009141}",0.00952,-0.00032804,Sigma-Aldrich,Cat#P1585,12
protease inhibitor,35,"2017,2019,2020,2021,2022,2023,2024,2025,2026","{""2017"": 1, ""2019"": 4, ""2020"": 3, ""2021"": 7, ""2022"": 3, ""2023"": 4, ""2024"": 4, ""2025"": 7, ""2026"": 2}","{""2017"": 0.006173, ""2019"": 0.006791, ""2020"": 0.004594, ""2021"": 0.009371, ""2022"": 0.00468, ""2023"": 0.006969, ""2024"": 0.009195, ""2025"": 0.012797, ""2026"": 0.024691}",0.009474,0.00148344,Roche,Cat# 11697498001,22
bamhi-hf,14,"2021,2022,2023,2024,2025,2026","{""2021"": 2, ""2022"": 1, ""2023"": 2, ""2024"": 2, ""2025"": 4, ""2026"": 3}","{""2021"": 0.002677, ""2022"": 0.00156, ""2023"": 0.003484, ""2024"": 0.004598, ""2025"": 0.007313, ""2026"": 0.037037}",0.009445,0.00543341,New England Biolabs,R3136S,7
anti-flag m2 affinity gel,44,"2017,2018,2019,2020,2021,2022,2023,2024,2025","{""2017"": 1, ""2018"": 7, ""2019"": 6, ""2020"": 6, ""2021"": 9, ""2022"": 2, ""2023"": 5, ""2024"": 5, ""2025"": 3}","{""2017"": 0.006173, ""2018"": 0.01847, ""2019"": 0.010187, ""2020"": 0.009188, ""2021"": 0.012048, ""2022"": 0.00312, ""2023"": 0.008711, ""2024"": 0.011494, ""2025"": 0.005484}",0.009431,-0.000545,Sigma-Aldrich,A2220,4
pd0325901,46,"2017,2018,2019,2020,2021,2022,2023,2024,2025","{""2017"": 1, ""2018"": 3, ""2019"": 7, ""2020"": 5, ""2021"": 6, ""2022"": 9, ""2023"": 4, ""2024"": 4, ""2025"": 7}","{""2017"": 0.006173, ""2018"": 0.007916, ""2019"": 0.011885, ""2020"": 0.007657, ""2021"": 0.008032, ""2022"": 0.014041, ""2023"": 0.006969, ""2024"": 0.009195, ""2025"": 0.012797}",0.009407,0.00044814,Axon Medchem,1408,26
mitomycin c,29,"2017,2018,2019,2020,2021,2022,2023,2025,2026","{""2017"": 3, ""2018"": 3, ""2019"": 5, ""2020"": 3, ""2021"": 5, ""2022"": 4, ""2023"": 2, ""2025"": 2, ""2026"": 2}","{""2017"": 0.018519, ""2018"": 0.007916, ""2019"": 0.008489, ""2020"": 0.004594, ""2021"": 0.006693, ""2022"": 0.00624, ""2023"": 0.003484, ""2025"": 0.003656, ""2026"": 0.024691}",0.009365,0.00017429,Sigma-Aldrich,Cat# M4287,14
ack lysing buffer,42,"2018,2019,2020,2021,2022,2023,2024,2025,2026","{""2018"": 1, ""2019"": 3, ""2020"": 5, ""2021"": 6, ""2022"": 8, ""2023"": 5, ""2024"": 6, ""2025"": 7, ""2026"": 1}","{""2018"": 0.002639, ""2019"": 0.005093, ""2020"": 0.007657, ""2021"": 0.008032, ""2022"": 0.01248, ""2023"": 0.008711, ""2024"": 0.013793, ""2025"": 0.012797, ""2026"": 0.012346}",0.009283,0.00124818,Gibco,Cat# A1049201,10
brdu,36,"2017,2018,2019,2020,2021,2022,2023,2024,2025","{""2017"": 4, ""2018"": 5, ""2019"": 3, ""2020"": 5, ""2021"": 4, ""2022"": 4, ""2023"": 5, ""2024"": 3, ""2025"": 3}","{""2017"": 0.024691, ""2018"": 0.013193, ""2019"": 0.005093, ""2020"": 0.007657, ""2021"": 0.005355, ""2022"": 0.00624, ""2023"": 0.008711, ""2024"": 0.006897, ""2025"": 0.005484}",0.009258,-0.00149829,Sigma-Aldrich,Cat#B5002,14
glutamax supplement,45,"2017,2018,2019,2020,2021,2022,2023,2024,2025,2026","{""2017"": 1, ""2018"": 2, ""2019"": 2, ""2020"": 8, ""2021"": 8, ""2022"": 3, ""2023"": 7, ""2024"": 3, ""2025"": 10, ""2026"": 1}","{""2017"": 0.006173, ""2018"": 0.005277, ""2019"": 0.003396, ""2020"": 0.012251, ""2021"": 0.01071, ""2022"": 0.00468, ""2023"": 0.012195, ""2024"": 0.006897, ""2025"": 0.018282, ""2026"": 0.012346}",0.009221,0.00095694,Thermo Fisher Scientific,Cat# 35050061,7
agarose,44,"2017,2018,2019,2020,2021,2022,2023,2024,2025,2026","{""2017"": 1, ""2018"": 3, ""2019"": 5, ""2020"": 5, ""2021"": 7, ""2022"": 5, ""2023"": 6, ""2024"": 4, ""2025"": 7, ""2026"": 1}","{""2017"": 0.006173, ""2018"": 0.007916, ""2019"": 0.008489, ""2020"": 0.007657, ""2021"": 0.009371, ""2022"": 0.0078, ""2023"": 0.010453, ""2024"": 0.009195, ""2025"": 0.012797, ""2026"": 0.012346}",0.00922,0.00060652,Sigma-Aldrich,Lot #SLBR6299V,33
fccp,43,"2017,2018,2019,2020,2021,2022,2023,2024,2025,2026","{""2017"": 1, ""2018"": 5, ""2019"": 11, ""2020"": 5, ""2021"": 6, ""2022"": 3, ""2023"": 8, ""2024"": 2, ""2025"": 1, ""2026"": 1}","{""2017"": 0.006173, ""2018"": 0.013193, ""2019"": 0.018676, ""2020"": 0.007657, ""2021"": 0.008032, ""2022"": 0.00468, ""2023"": 0.013937, ""2024"": 0.004598, ""2025"": 0.001828, ""2026"": 0.012346}",0.009112,-0.00047816,Sigma-Aldrich,Cat# C2920,11
trypan blue,33,"2018,2019,2020,2021,2023,2024,2025,2026","{""2018"": 2, ""2019"": 2, ""2020"": 3, ""2021"": 3, ""2023"": 6, ""2024"": 7, ""2025"": 9, ""2026"": 1}","{""2018"": 0.005277, ""2019"": 0.003396, ""2020"": 0.004594, ""2021"": 0.004016, ""2023"": 0.010453, ""2024"": 0.016092, ""2025"": 0.016453, ""2026"": 0.012346}",0.009078,0.00161467,Sigma-Aldrich,Cat# 15250061,12
tcep,35,"2018,2019,2020,2021,2022,2023,2024,2025,2026","{""2018"": 2, ""2019"": 2, ""2020"": 8, ""2021"": 2, ""2022"": 6, ""2023"": 8, ""2024"": 2, ""2025"": 3, ""2026"": 2}","{""2018"": 0.005277, ""2019"": 0.003396, ""2020"": 0.012251, ""2021"": 0.002677, ""2022"": 0.00936, ""2023"": 0.013937, ""2024"": 0.004598, ""2025"": 0.005484, ""2026"": 0.024691}",0.009075,0.00133128,Sigma-Aldrich,C4706,17
etoposide,44,"2017,2018,2019,2020,2021,2022,2023,2024,2025,2026","{""2017"": 1, ""2018"": 3, ""2019"": 7, ""2020"": 5, ""2021"": 8, ""2022"": 7, ""2023"": 4, ""2024"": 2, ""2025"": 6, ""2026"": 1}","{""2017"": 0.006173, ""2018"": 0.007916, ""2019"": 0.011885, ""2020"": 0.007657, ""2021"": 0.01071, ""2022"": 0.01092, ""2023"": 0.006969, ""2024"": 0.004598, ""2025"": 0.010969, ""2026"": 0.012346}",0.009014,0.00023419,Sigma-Aldrich,Cat# E1383,12
igepal ca-630,36,"2017,2018,2019,2020,2021,2022,2023,2024,2025,2026","{""2017"": 1, ""2018"": 1, ""2019"": 5, ""2020"": 5, ""2021"": 3, ""2022"": 4, ""2023"": 5, ""2024"": 4, ""2025"": 6, ""2026"": 2}","{""2017"": 0.006173, ""2018"": 0.002639, ""2019"": 0.008489, ""2020"": 0.007657, ""2021"": 0.004016, ""2022"": 0.00624, ""2023"": 0.008711, ""2024"": 0.009195, ""2025"": 0.010969, ""2026"": 0.024691}",0.008878,0.00141756,Sigma-Aldrich,Cat# I8896,6
collagenase,40,"2018,2019,2020,2021,2022,2023,2024,2025","{""2018"": 1, ""2019"": 5, ""2020"": 4, ""2021"": 5, ""2022"": 6, ""2023"": 6, ""2024"": 7, ""2025"": 6}","{""2018"": 0.002639, ""2019"": 0.008489, ""2020"": 0.006126, ""2021"": 0.006693, ""2022"": 0.00936, ""2023"": 0.010453, ""2024"": 0.016092, ""2025"": 0.010969}",0.008853,0.00133306,Sigma-Aldrich,Cat# C9891,22
hyaluronidase,31,"2017,2019,2020,2021,2022,2023,2024,2025","{""2017"": 4, ""2019"": 5, ""2020"": 3, ""2021"": 4, ""2022"": 1, ""2023"": 6, ""2024"": 2, ""2025"": 6}","{""2017"": 0.024691, ""2019"": 0.008489, ""2020"": 0.004594, ""2021"": 0.005355, ""2022"": 0.00156, ""2023"": 0.010453, ""2024"": 0.004598, ""2025"": 0.010969}",0.008839,-0.00133772,Sigma-Aldrich,H3506,17
osmium tetroxide,39,"2018,2019,2020,2021,2022,2023,2024,2025,2026","{""2018"": 4, ""2019"": 3, ""2020"": 10, ""2021"": 4, ""2022"": 4, ""2023"": 6, ""2024"": 2, ""2025"": 5, ""2026"": 1}","{""2018"": 0.010554, ""2019"": 0.005093, ""2020"": 0.015314, ""2021"": 0.005355, ""2022"": 0.00624, ""2023"": 0.010453, ""2024"": 0.004598, ""2025"": 0.009141, ""2026"": 0.012346}",0.008788,4.957e-05,Electron Microscopy Sciences,201030,30
ketamine,43,"2017,2018,2019,2020,2021,2022,2023,2024,2025,2026","{""2017"": 1, ""2018"": 1, ""2019"": 2, ""2020"": 4, ""2021"": 8, ""2022"": 5, ""2023"": 8, ""2024"": 2, ""2025"": 11, ""2026"": 1}","{""2017"": 0.006173, ""2018"": 0.002639, ""2019"": 0.003396, ""2020"": 0.006126, ""2021"": 0.01071, ""2022"": 0.0078, ""2023"": 0.013937, ""2024"": 0.004598, ""2025"": 0.02011, ""2026"": 0.012346}",0.008783,0.00123873,Pfizer,Z.Nr. 8-00335 100 mg/ml,38
mem non-essential amino acids solution,21,"2018,2019,2020,2021,2022,2023,2024,2025,2026","{""2018"": 1, ""2019"": 1, ""2020"": 1, ""2021"": 4, ""2022"": 3, ""2023"": 2, ""2024"": 2, ""2025"": 3, ""2026"": 4}","{""2018"": 0.002639, ""2019"": 0.001698, ""2020"": 0.001531, ""2021"": 0.005355, ""2022"": 0.00468, ""2023"": 0.003484, ""2024"": 0.004598, ""2025"": 0.005484, ""2026"": 0.049383}",0.008761,0.00337665,Thermo Fisher Scientific,Cat# 11140050,4
pfa,23,"2020,2022,2023,2024,2025,2026","{""2020"": 7, ""2022"": 5, ""2023"": 1, ""2024"": 7, ""2025"": 2, ""2026"": 1}","{""2020"": 0.01072, ""2022"": 0.0078, ""2023"": 0.001742, ""2024"": 0.016092, ""2025"": 0.003656, ""2026"": 0.012346}",0.008726,0.00012986,Electron Microscopy Sciences,Cat # 15714EM,17
fluoromount-g,41,"2017,2018,2019,2020,2021,2022,2023,2024,2025","{""2017"": 1, ""2018"": 2, ""2019"": 3, ""2020"": 1, ""2021"": 2, ""2022"": 10, ""2023"": 9, ""2024"": 5, ""2025"": 8}","{""2017"": 0.006173, ""2018"": 0.005277, ""2019"": 0.005093, ""2020"": 0.001531, ""2021"": 0.002677, ""2022"": 0.015601, ""2023"": 0.015679, ""2024"": 0.011494, ""2025"": 0.014625}",0.008684,0.00146171,Southern Biotech,Cat# 0100-01,13
rock inhibitor y-27632,22,"2019,2020,2021,2022,2023,2024,2025,2026","{""2019"": 1, ""2020"": 4, ""2021"": 4, ""2022"": 2, ""2023"": 1, ""2024"": 3, ""2025"": 4, ""2026"": 3}","{""2019"": 0.001698, ""2020"": 0.006126, ""2021"": 0.005355, ""2022"": 0.00312, ""2023"": 0.001742, ""2024"": 0.006897, ""2025"": 0.007313, ""2026"": 0.037037}",0.008661,0.00305425,Tocris,1254,15
d-glucose,41,"2017,2018,2019,2020,2021,2022,2023,2024,2025","{""2017"": 1, ""2018"": 1, ""2019"": 4, ""2020"": 10, ""2021"": 2, ""2022"": 2, ""2023"": 6, ""2024"": 7, ""2025"": 8}","{""2017"": 0.006173, ""2018"": 0.002639, ""2019"": 0.006791, ""2020"": 0.015314, ""2021"": 0.002677, ""2022"": 0.00312, ""2023"": 0.010453, ""2024"": 0.016092, ""2025"": 0.014625}",0.008654,0.00115499,Sigma-Aldrich,Cat # 1.08342.1000,25
ecori-hf,12,"2019,2021,2022,2023,2025,2026","{""2019"": 2, ""2021"": 2, ""2022"": 1, ""2023"": 1, ""2025"": 3, ""2026"": 3}","{""2019"": 0.003396, ""2021"": 0.002677, ""2022"": 0.00156, ""2023"": 0.001742, ""2025"": 0.005484, ""2026"": 0.037037}",0.008649,0.00356645,New England Biolabs,Cat# R3101S,7
prolong diamond antifade mountant,34,"2017,2018,2019,2020,2021,2023,2024,2025","{""2017"": 2, ""2018"": 2, ""2019"": 5, ""2020"": 3, ""2021"": 8, ""2023"": 4, ""2024"": 5, ""2025"": 5}","{""2017"": 0.012346, ""2018"": 0.005277, ""2019"": 0.008489, ""2020"": 0.004594, ""2021"": 0.01071, ""2023"": 0.006969, ""2024"": 0.011494, ""2025"": 0.009141}",0.008627,0.00011592,Thermo Fisher Scientific,Cat# P36961,5
bortezomib,27,"2019,2020,2021,2022,2023,2024,2025,2026","{""2019"": 3, ""2020"": 2, ""2021"": 3, ""2022"": 2, ""2023"": 6, ""2024"": 4, ""2025"": 5, ""2026"": 2}","{""2019"": 0.005093, ""2020"": 0.003063, ""2021"": 0.004016, ""2022"": 0.00312, ""2023"": 0.010453, ""2024"": 0.009195, ""2025"": 0.009141, ""2026"": 0.024691}",0.008597,0.00226722,Selleckchem,Cat# A2614,16
mg-132,34,"2017,2018,2019,2020,2021,2022,2024,2025","{""2017"": 1, ""2018"": 3, ""2019"": 3, ""2020"": 5, ""2021"": 1, ""2022"": 6, ""2024"": 7, ""2025"": 8}","{""2017"": 0.006173, ""2018"": 0.007916, ""2019"": 0.005093, ""2020"": 0.007657, ""2021"": 0.001339, ""2022"": 0.00936, ""2024"": 0.016092, ""2025"": 0.014625}",0.008532,0.00120575,Sigma-Aldrich,Cat#M7449,22
imdm,38,"2018,2019,2020,2021,2022,2023,2024,2025","{""2018"": 2, ""2019"": 3, ""2020"": 8, ""2021"": 3, ""2022"": 3, ""2023"": 9, ""2024"": 6, ""2025"": 4}","{""2018"": 0.005277, ""2019"": 0.005093, ""2020"": 0.012251, ""2021"": 0.004016, ""2022"": 0.00468, ""2023"": 0.015679, ""2024"": 0.013793, ""2025"": 0.007313}",0.008513,0.00081782,Thermo Fisher Scientific,Cat# 12440053,19
g-csf,7,"2019,2021,2024,2026","{""2019"": 2, ""2021"": 1, ""2024"": 2, ""2026"": 2}","{""2019"": 0.003396, ""2021"": 0.001339, ""2024"": 0.004598, ""2026"": 0.024691}",0.008506,0.00273875,Peprotech,574608,5
l-ascorbic acid,37,"2018,2019,2020,2021,2022,2023,2024,2025","{""2018"": 2, ""2019"": 1, ""2020"": 4, ""2021"": 2, ""2022"": 4, ""2023"": 9, ""2024"": 6, ""2025"": 9}","{""2018"": 0.005277, ""2019"": 0.001698, ""2020"": 0.006126, ""2021"": 0.002677, ""2022"": 0.00624, ""2023"": 0.015679, ""2024"": 0.013793, ""2025"": 0.016453}",0.008493,0.00203495,Sigma-Aldrich,Cat# A4403,10
halt ™ protease inhibitor cocktail,8,"2024,2025","{""2024"": 5, ""2025"": 3}","{""2024"": 0.011494, ""2025"": 0.005484}",0.008489,,Thermo Fisher Scientific,78430,5
camptothecin,30,"2017,2018,2019,2020,2021,2022,2023,2025","{""2017"": 4, ""2018"": 2, ""2019"": 7, ""2020"": 5, ""2021"": 6, ""2022"": 2, ""2023"": 1, ""2025"": 3}","{""2017"": 0.024691, ""2018"": 0.005277, ""2019"": 0.011885, ""2020"": 0.007657, ""2021"": 0.008032, ""2022"": 0.00312, ""2023"": 0.001742, ""2025"": 0.005484}",0.008486,-0.00184505,Sigma-Aldrich,Cat# S1288,10
aprotinin,36,"2018,2019,2020,2021,2022,2023,2024,2025","{""2018"": 2, ""2019"": 5, ""2020"": 1, ""2021"": 2, ""2022"": 4, ""2023"": 7, ""2024"": 8, ""2025"": 7}","{""2018"": 0.005277, ""2019"": 0.008489, ""2020"": 0.001531, ""2021"": 0.002677, ""2022"": 0.00624, ""2023"": 0.012195, ""2024"": 0.018391, ""2025"": 0.012797}",0.00845,0.00163933,Sigma-Aldrich,BP250310,22
vectashield,38,"2018,2019,2020,2021,2022,2023,2024,2025","{""2018"": 1, ""2019"": 7, ""2020"": 5, ""2021"": 4, ""2022"": 4, ""2023"": 6, ""2024"": 6, ""2025"": 5}","{""2018"": 0.002639, ""2019"": 0.011885, ""2020"": 0.007657, ""2021"": 0.005355, ""2022"": 0.00624, ""2023"": 0.010453, ""2024"": 0.013793, ""2025"": 0.009141}",0.008395,0.00076586,Vector Laboratories,H-1000,5
edu,35,"2017,2018,2019,2020,2021,2022,2023,2025,2026","{""2017"": 1, ""2018"": 5, ""2019"": 3, ""2020"": 5, ""2021"": 8, ""2022"": 5, ""2023"": 4, ""2025"": 3, ""2026"": 1}","{""2017"": 0.006173, ""2018"": 0.013193, ""2019"": 0.005093, ""2020"": 0.007657, ""2021"": 0.01071, ""2022"": 0.0078, ""2023"": 0.006969, ""2025"": 0.005484, ""2026"": 0.012346}",0.00838,8.643e-05,Thermo Fisher Scientific,Cat#A10044,17
glutamine,38,"2017,2018,2019,2020,2021,2022,2023,2024,2025,2026","{""2017"": 2, ""2018"": 1, ""2019"": 8, ""2020"": 4, ""2021"": 3, ""2022"": 8, ""2023"": 5, ""2024"": 1, ""2025"": 5, ""2026"": 1}","{""2017"": 0.012346, ""2018"": 0.002639, ""2019"": 0.013582, ""2020"": 0.006126, ""2021"": 0.004016, ""2022"": 0.01248, ""2023"": 0.008711, ""2024"": 0.002299, ""2025"": 0.009141, ""2026"": 0.012346}",0.008368,3.223e-05,Sigma-Aldrich,Cat#25030081,21
nicotinamide,39,"2017,2018,2019,2020,2021,2022,2023,2024,2025,2026","{""2017"": 1, ""2018"": 3, ""2019"": 3, ""2020"": 3, ""2021"": 8, ""2022"": 6, ""2023"": 3, ""2024"": 4, ""2025"": 7, ""2026"": 1}","{""2017"": 0.006173, ""2018"": 0.007916, ""2019"": 0.005093, ""2020"": 0.004594, ""2021"": 0.01071, ""2022"": 0.00936, ""2023"": 0.005226, ""2024"": 0.009195, ""2025"": 0.012797, ""2026"": 0.012346}",0.008341,0.00067142,Sigma-Aldrich,Cat# N0636,7
lipofectamine 3000 transfection reagent,38,"2018,2019,2020,2021,2022,2023,2024,2025","{""2018"": 2, ""2019"": 1, ""2020"": 3, ""2021"": 7, ""2022"": 7, ""2023"": 5, ""2024"": 5, ""2025"": 8}","{""2018"": 0.005277, ""2019"": 0.001698, ""2020"": 0.004594, ""2021"": 0.009371, ""2022"": 0.01092, ""2023"": 0.008711, ""2024"": 0.011494, ""2025"": 0.014625}",0.008336,0.00152761,Invitrogen,L3000015,13
isopropanol,37,"2018,2019,2020,2021,2022,2023,2024,2025,2026","{""2018"": 2, ""2019"": 3, ""2020"": 3, ""2021"": 5, ""2022"": 5, ""2023"": 5, ""2024"": 1, ""2025"": 12, ""2026"": 1}","{""2018"": 0.005277, ""2019"": 0.005093, ""2020"": 0.004594, ""2021"": 0.006693, ""2022"": 0.0078, ""2023"": 0.008711, ""2024"": 0.002299, ""2025"": 0.021938, ""2026"": 0.012346}",0.008306,0.00127058,Sigma-Aldrich,650447,28
"trypan blue solution, 0.4%",7,"2021,2023,2025,2026","{""2021"": 1, ""2023"": 2, ""2025"": 2, ""2026"": 2}","{""2021"": 0.001339, ""2023"": 0.003484, ""2025"": 0.003656, ""2026"": 0.024691}",0.008293,0.00364958,Thermo Fisher Scientific,15250061,1
rpmi,37,"2017,2018,2019,2020,2021,2022,2023,2024,2025,2026","{""2017"": 1, ""2018"": 3, ""2019"": 4, ""2020"": 2, ""2021"": 5, ""2022"": 3, ""2023"": 6, ""2024"": 6, ""2025"": 6, ""2026"": 1}","{""2017"": 0.006173, ""2018"": 0.007916, ""2019"": 0.006791, ""2020"": 0.003063, ""2021"": 0.006693, ""2022"": 0.00468, ""2023"": 0.010453, ""2024"": 0.013793, ""2025"": 0.010969, ""2026"": 0.012346}",0.008288,0.00080058,GIBCO,Cat# 11875093,28
uranyl acetate,40,"2017,2018,2019,2020,2021,2022,2023,2024,2025,2026","{""2017"": 1, ""2018"": 2, ""2019"": 4, ""2020"": 10, ""2021"": 5, ""2022"": 5, ""2023"": 7, ""2024"": 2, ""2025"": 3, ""2026"": 1}","{""2017"": 0.006173, ""2018"": 0.005277, ""2019"": 0.006791, ""2020"": 0.015314, ""2021"": 0.006693, ""2022"": 0.0078, ""2023"": 0.012195, ""2024"": 0.004598, ""2025"": 0.005484, ""2026"": 0.012346}",0.008267,0.00022903,Electron Microscopy Sciences,Cat# 22400,19
d-(+)-glucose,36,"2018,2019,2020,2021,2022,2023,2024,2025,2026","{""2018"": 2, ""2019"": 1, ""2020"": 4, ""2021"": 6, ""2022"": 7, ""2023"": 5, ""2024"": 6, ""2025"": 4, ""2026"": 1}","{""2018"": 0.005277, ""2019"": 0.001698, ""2020"": 0.006126, ""2021"": 0.008032, ""2022"": 0.01092, ""2023"": 0.008711, ""2024"": 0.013793, ""2025"": 0.007313, ""2026"": 0.012346}",0.008246,0.00101888,Sigma-Aldrich,Cat# G7528,9
gm-csf,14,"2018,2019,2020,2021,2022,2024,2026","{""2018"": 1, ""2019"": 2, ""2020"": 2, ""2021"": 2, ""2022"": 1, ""2024"": 3, ""2026"": 3}","{""2018"": 0.002639, ""2019"": 0.003396, ""2020"": 0.003063, ""2021"": 0.002677, ""2022"": 0.00156, ""2024"": 0.006897, ""2026"": 0.037037}",0.008181,0.00346064,PeproTech,Cat# 300-03,10
"dmem, high glucose",34,"2018,2019,2020,2021,2022,2023,2024,2025,2026","{""2018"": 1, ""2019"": 3, ""2020"": 2, ""2021"": 4, ""2022"": 1, ""2023"": 7, ""2024"": 8, ""2025"": 7, ""2026"": 1}","{""2018"": 0.002639, ""2019"": 0.005093, ""2020"": 0.003063, ""2021"": 0.005355, ""2022"": 0.00156, ""2023"": 0.012195, ""2024"": 0.018391, ""2025"": 0.012797, ""2026"": 0.012346}",0.00816,0.00165727,Gibco,Cat# 11965092,20
t4 dna polymerase,26,"2018,2019,2020,2022,2023,2025,2026","{""2018"": 4, ""2019"": 5, ""2020"": 8, ""2022"": 5, ""2023"": 1, ""2025"": 2, ""2026"": 1}","{""2018"": 0.010554, ""2019"": 0.008489, ""2020"": 0.012251, ""2022"": 0.0078, ""2023"": 0.001742, ""2025"": 0.003656, ""2026"": 0.012346}",0.00812,-0.00040053,New England Biolabs,Cat# M0203L,8
streptavidin,37,"2017,2018,2019,2020,2021,2022,2023,2024,2025","{""2017"": 2, ""2018"": 2, ""2019"": 5, ""2020"": 5, ""2021"": 4, ""2022"": 9, ""2023"": 4, ""2024"": 4, ""2025"": 2}","{""2017"": 0.012346, ""2018"": 0.005277, ""2019"": 0.008489, ""2020"": 0.007657, ""2021"": 0.005355, ""2022"": 0.014041, ""2023"": 0.006969, ""2024"": 0.009195, ""2025"": 0.003656}",0.008109,-0.00032766,Thermo Fisher Scientific,Cat# S4762,21
formaldehyde solution,39,"2017,2018,2019,2020,2021,2022,2023,2024,2025","{""2017"": 1, ""2018"": 4, ""2019"": 5, ""2020"": 11, ""2021"": 5, ""2022"": 3, ""2023"": 2, ""2024"": 3, ""2025"": 5}","{""2017"": 0.006173, ""2018"": 0.010554, ""2019"": 0.008489, ""2020"": 0.016845, ""2021"": 0.006693, ""2022"": 0.00468, ""2023"": 0.003484, ""2024"": 0.006897, ""2025"": 0.009141}",0.008106,-0.00035459,Sigma-Aldrich,Cat# 252549,7
relesr,15,"2019,2020,2021,2022,2023,2025,2026","{""2019"": 1, ""2020"": 1, ""2021"": 2, ""2022"": 3, ""2023"": 2, ""2025"": 3, ""2026"": 3}","{""2019"": 0.001698, ""2020"": 0.001531, ""2021"": 0.002677, ""2022"": 0.00468, ""2023"": 0.003484, ""2025"": 0.005484, ""2026"": 0.037037}",0.008085,0.00357819,STEMCELL Technologies,Cat# 05872,10
antibiotic-antimycotic,28,"2020,2021,2022,2023,2024,2025","{""2020"": 1, ""2021"": 5, ""2022"": 6, ""2023"": 4, ""2024"": 4, ""2025"": 8}","{""2020"": 0.001531, ""2021"": 0.006693, ""2022"": 0.00936, ""2023"": 0.006969, ""2024"": 0.009195, ""2025"": 0.014625}",0.008062,0.00201667,Gibco,Cat#15240062,5
aphidicolin,28,"2017,2018,2019,2020,2021,2022,2023,2024,2025","{""2017"": 5, ""2018"": 3, ""2019"": 4, ""2020"": 4, ""2021"": 3, ""2022"": 1, ""2023"": 4, ""2024"": 2, ""2025"": 2}","{""2017"": 0.030864, ""2018"": 0.007916, ""2019"": 0.006791, ""2020"": 0.006126, ""2021"": 0.004016, ""2022"": 0.00156, ""2023"": 0.006969, ""2024"": 0.004598, ""2025"": 0.003656}",0.008055,-0.00204993,Sigma-Aldrich,Cat# A0781,12
yeast extract,33,"2018,2019,2020,2021,2022,2023,2024,2025,2026","{""2018"": 5, ""2019"": 3, ""2020"": 3, ""2021"": 2, ""2022"": 5, ""2023"": 5, ""2024"": 3, ""2025"": 6, ""2026"": 1}","{""2018"": 0.013193, ""2019"": 0.005093, ""2020"": 0.004594, ""2021"": 0.002677, ""2022"": 0.0078, ""2023"": 0.008711, ""2024"": 0.006897, ""2025"": 0.010969, ""2026"": 0.012346}",0.008031,0.00041462,BD Biosciences,Catalog# P-950,23
knockout serum replacement,25,"2017,2018,2019,2020,2021,2022,2023,2024,2025,2026","{""2017"": 1, ""2018"": 1, ""2019"": 4, ""2020"": 1, ""2021"": 2, ""2022"": 3, ""2023"": 6, ""2024"": 2, ""2025"": 2, ""2026"": 3}","{""2017"": 0.006173, ""2018"": 0.002639, ""2019"": 0.006791, ""2020"": 0.001531, ""2021"": 0.002677, ""2022"": 0.00468, ""2023"": 0.010453, ""2024"": 0.004598, ""2025"": 0.003656, ""2026"": 0.037037}",0.008024,0.00183456,Thermo Fisher Scientific,Cat# 10828028,7
pei max,22,"2020,2021,2022,2023,2024,2025,2026","{""2020"": 2, ""2021"": 6, ""2022"": 7, ""2023"": 2, ""2024"": 1, ""2025"": 2, ""2026"": 2}","{""2020"": 0.003063, ""2021"": 0.008032, ""2022"": 0.01092, ""2023"": 0.003484, ""2024"": 0.002299, ""2025"": 0.003656, ""2026"": 0.024691}",0.008021,0.00169687,Polysciences,Cat# 24765-1,8
dnasei,38,"2017,2018,2019,2020,2021,2022,2023,2024,2025","{""2017"": 1, ""2018"": 5, ""2019"": 2, ""2020"": 7, ""2021"": 9, ""2022"": 2, ""2023"": 4, ""2024"": 4, ""2025"": 4}","{""2017"": 0.006173, ""2018"": 0.013193, ""2019"": 0.003396, ""2020"": 0.01072, ""2021"": 0.012048, ""2022"": 0.00312, ""2023"": 0.006969, ""2024"": 0.009195, ""2025"": 0.007313}",0.008014,-0.00013143,Sigma-Aldrich,Cat# 10104159,28
mtesr plus,6,"2021,2024,2025,2026","{""2021"": 1, ""2024"": 1, ""2025"": 2, ""2026"": 2}","{""2021"": 0.001339, ""2024"": 0.002299, ""2025"": 0.003656, ""2026"": 0.024691}",0.007996,0.00350164,STEMCELL Technologies,100–0276,5
2-deoxy-d-glucose,26,"2018,2019,2020,2021,2022,2023,2024,2025,2026","{""2018"": 3, ""2019"": 1, ""2020"": 3, ""2021"": 1, ""2022"": 3, ""2023"": 2, ""2024"": 7, ""2025"": 4, ""2026"": 2}","{""2018"": 0.007916, ""2019"": 0.001698, ""2020"": 0.004594, ""2021"": 0.001339, ""2022"": 0.00468, ""2023"": 0.003484, ""2024"": 0.016092, ""2025"": 0.007313, ""2026"": 0.024691}",0.007979,0.00181815,Sigma-Aldrich,Cat# D8375,6
olaparib,29,"2017,2018,2019,2020,2021,2022,2023,2025","{""2017"": 3, ""2018"": 3, ""2019"": 3, ""2020"": 4, ""2021"": 3, ""2022"": 5, ""2023"": 5, ""2025"": 3}","{""2017"": 0.018519, ""2018"": 0.007916, ""2019"": 0.005093, ""2020"": 0.006126, ""2021"": 0.004016, ""2022"": 0.0078, ""2023"": 0.008711, ""2025"": 0.005484}",0.007958,-0.00086414,Selleckchem,Cat# S1060,10
dynabeads protein a,33,"2017,2018,2019,2020,2021,2023,2024,2025","{""2017"": 1, ""2018"": 4, ""2019"": 5, ""2020"": 2, ""2021"": 6, ""2023"": 8, ""2024"": 1, ""2025"": 6}","{""2017"": 0.006173, ""2018"": 0.010554, ""2019"": 0.008489, ""2020"": 0.003063, ""2021"": 0.008032, ""2023"": 0.013937, ""2024"": 0.002299, ""2025"": 0.010969}",0.007939,0.00017311,Invitrogen,Cat# 10001D,6
dulbecco’s modified eagle’s medium (dmem),34,"2017,2018,2019,2020,2021,2022,2023,2025,2026","{""2017"": 1, ""2018"": 1, ""2019"": 5, ""2020"": 2, ""2021"": 8, ""2022"": 4, ""2023"": 4, ""2025"": 8, ""2026"": 1}","{""2017"": 0.006173, ""2018"": 0.002639, ""2019"": 0.008489, ""2020"": 0.003063, ""2021"": 0.01071, ""2022"": 0.00624, ""2023"": 0.006969, ""2025"": 0.014625, ""2026"": 0.012346}",0.007917,0.00095195,Corning,Cat# 319-005-CL,24
l-cysteine,34,"2017,2018,2019,2020,2021,2022,2023,2024,2025,2026","{""2017"": 1, ""2018"": 3, ""2019"": 3, ""2020"": 1, ""2021"": 3, ""2022"": 4, ""2023"": 5, ""2024"": 7, ""2025"": 6, ""2026"": 1}","{""2017"": 0.006173, ""2018"": 0.007916, ""2019"": 0.005093, ""2020"": 0.001531, ""2021"": 0.004016, ""2022"": 0.00624, ""2023"": 0.008711, ""2024"": 0.016092, ""2025"": 0.010969, ""2026"": 0.012346}",0.007909,0.00094354,Sigma-Aldrich,Cat#C7352,13
phosphate buffered saline,30,"2018,2020,2021,2022,2023,2024,2025,2026","{""2018"": 2, ""2020"": 3, ""2021"": 5, ""2022"": 7, ""2023"": 5, ""2024"": 4, ""2025"": 3, ""2026"": 1}","{""2018"": 0.005277, ""2020"": 0.004594, ""2021"": 0.006693, ""2022"": 0.01092, ""2023"": 0.008711, ""2024"": 0.009195, ""2025"": 0.005484, ""2026"": 0.012346}",0.007903,0.00064641,Sigma-Aldrich,Cat# BR0014G,23
fugene hd transfection reagent,39,"2017,2018,2019,2020,2021,2022,2023,2024,2025","{""2017"": 1, ""2018"": 2, ""2019"": 4, ""2020"": 8, ""2021"": 3, ""2022"": 9, ""2023"": 4, ""2024"": 2, ""2025"": 6}","{""2017"": 0.006173, ""2018"": 0.005277, ""2019"": 0.006791, ""2020"": 0.012251, ""2021"": 0.004016, ""2022"": 0.014041, ""2023"": 0.006969, ""2024"": 0.004598, ""2025"": 0.010969}",0.007898,0.00032151,Promega,Cat# E2311,5
fluoroshield with dapi,6,"2018,2020,2021,2026","{""2018"": 1, ""2020"": 1, ""2021"": 2, ""2026"": 2}","{""2018"": 0.002639, ""2020"": 0.001531, ""2021"": 0.002677, ""2026"": 0.024691}",0.007885,0.00305396,Sigma-Aldrich,F6057,2
magnesium chloride,34,"2018,2019,2020,2021,2022,2023,2024,2025,2026","{""2018"": 2, ""2019"": 1, ""2020"": 6, ""2021"": 6, ""2022"": 3, ""2023"": 6, ""2024"": 5, ""2025"": 4, ""2026"": 1}","{""2018"": 0.005277, ""2019"": 0.001698, ""2020"": 0.009188, ""2021"": 0.008032, ""2022"": 0.00468, ""2023"": 0.010453, ""2024"": 0.011494, ""2025"": 0.007313, ""2026"": 0.012346}",0.007831,0.00086919,Sigma-Aldrich,Cat#M8266,21
acetic acid,31,"2017,2018,2019,2020,2021,2022,2023,2024,2025,2026","{""2017"": 2, ""2018"": 5, ""2019"": 4, ""2020"": 2, ""2021"": 4, ""2022"": 2, ""2023"": 5, ""2024"": 4, ""2025"": 2, ""2026"": 1}","{""2017"": 0.012346, ""2018"": 0.013193, ""2019"": 0.006791, ""2020"": 0.003063, ""2021"": 0.005355, ""2022"": 0.00312, ""2023"": 0.008711, ""2024"": 0.009195, ""2025"": 0.003656, ""2026"": 0.012346}",0.007778,-0.00024257,Fisher Scientific,A38-212,19
horse serum,37,"2017,2018,2019,2020,2021,2022,2023,2024,2025","{""2017"": 1, ""2018"": 5, ""2019"": 7, ""2020"": 4, ""2021"": 6, ""2022"": 7, ""2023"": 3, ""2024"": 2, ""2025"": 2}","{""2017"": 0.006173, ""2018"": 0.013193, ""2019"": 0.011885, ""2020"": 0.006126, ""2021"": 0.008032, ""2022"": 0.01092, ""2023"": 0.005226, ""2024"": 0.004598, ""2025"": 0.003656}",0.007757,-0.00073954,GIBCO,Cat#16050122,14
pen-strep,9,"2018,2021,2024,2025,2026","{""2018"": 1, ""2021"": 1, ""2024"": 2, ""2025"": 3, ""2026"": 2}","{""2018"": 0.002639, ""2021"": 0.001339, ""2024"": 0.004598, ""2025"": 0.005484, ""2026"": 0.024691}",0.00775,0.00190469,Sigma-Aldrich,Cat#P4333,7
"pbs, ph 7.4",15,"2021,2022,2023,2024,2025,2026","{""2021"": 3, ""2022"": 2, ""2023"": 5, ""2024"": 1, ""2025"": 2, ""2026"": 2}","{""2021"": 0.004016, ""2022"": 0.00312, ""2023"": 0.008711, ""2024"": 0.002299, ""2025"": 0.003656, ""2026"": 0.024691}",0.007749,0.00281637,ThermoFisher,Cat#10010023,4
glutamax™ supplement,15,"2021,2022,2023","{""2021"": 4, ""2022"": 7, ""2023"": 4}","{""2021"": 0.005355, ""2022"": 0.01092, ""2023"": 0.006969}",0.007748,0.00080694,Gibco,Cat#35050061,2
dapt,33,"2018,2019,2020,2021,2022,2023,2024,2025,2026","{""2018"": 2, ""2019"": 4, ""2020"": 3, ""2021"": 3, ""2022"": 5, ""2023"": 5, ""2024"": 3, ""2025"": 7, ""2026"": 1}","{""2018"": 0.005277, ""2019"": 0.006791, ""2020"": 0.004594, ""2021"": 0.004016, ""2022"": 0.0078, ""2023"": 0.008711, ""2024"": 0.006897, ""2025"": 0.012797, ""2026"": 0.012346}",0.007692,0.00092653,Sigma-Aldrich,Cat#D5942,17
uranyl formate,34,"2018,2019,2020,2021,2022,2023,2024,2025,2026","{""2018"": 2, ""2019"": 1, ""2020"": 5, ""2021"": 5, ""2022"": 7, ""2023"": 8, ""2024"": 3, ""2025"": 2, ""2026"": 1}","{""2018"": 0.005277, ""2019"": 0.001698, ""2020"": 0.007657, ""2021"": 0.006693, ""2022"": 0.01092, ""2023"": 0.013937, ""2024"": 0.006897, ""2025"": 0.003656, ""2026"": 0.012346}",0.007676,0.00066455,Electron Microscopy Sciences,Cat #D310 25 GM,13
tetrodotoxin,31,"2017,2019,2020,2021,2022,2023,2024,2025","{""2017"": 2, ""2019"": 4, ""2020"": 6, ""2021"": 4, ""2022"": 5, ""2023"": 3, ""2024"": 4, ""2025"": 3}","{""2017"": 0.012346, ""2019"": 0.006791, ""2020"": 0.009188, ""2021"": 0.005355, ""2022"": 0.0078, ""2023"": 0.005226, ""2024"": 0.009195, ""2025"": 0.005484}",0.007673,-0.00054929,Tocris,Cat# 1078,13
tryple,33,"2018,2019,2020,2021,2022,2023,2024,2025,2026","{""2018"": 3, ""2019"": 1, ""2020"": 5, ""2021"": 6, ""2022"": 3, ""2023"": 6, ""2024"": 3, ""2025"": 5, ""2026"": 1}","{""2018"": 0.007916, ""2019"": 0.001698, ""2020"": 0.007657, ""2021"": 0.008032, ""2022"": 0.00468, ""2023"": 0.010453, ""2024"": 0.006897, ""2025"": 0.009141, ""2026"": 0.012346}",0.007647,0.00068249,Gibco,Cat#12605010,15
fast green,14,"2019,2020,2022,2024,2025,2026","{""2019"": 2, ""2020"": 1, ""2022"": 5, ""2024"": 2, ""2025"": 2, ""2026"": 2}","{""2019"": 0.003396, ""2020"": 0.001531, ""2022"": 0.0078, ""2024"": 0.004598, ""2025"": 0.003656, ""2026"": 0.024691}",0.007612,0.00191267,Sigma-Aldrich,Cat# F7252,6
oil red o,20,"2017,2018,2019,2020,2021,2022,2023,2024,2025,2026","{""2017"": 2, ""2018"": 1, ""2019"": 3, ""2020"": 1, ""2021"": 3, ""2022"": 1, ""2023"": 2, ""2024"": 2, ""2025"": 2, ""2026"": 3}","{""2017"": 0.012346, ""2018"": 0.002639, ""2019"": 0.005093, ""2020"": 0.001531, ""2021"": 0.004016, ""2022"": 0.00156, ""2023"": 0.003484, ""2024"": 0.004598, ""2025"": 0.003656, ""2026"": 0.037037}",0.007596,0.00139558,Sigma-Aldrich,Cat#O0625,10
catalase,34,"2017,2018,2019,2020,2021,2022,2023,2024,2025","{""2017"": 2, ""2018"": 3, ""2019"": 4, ""2020"": 3, ""2021"": 7, ""2022"": 3, ""2023"": 3, ""2024"": 2, ""2025"": 7}","{""2017"": 0.012346, ""2018"": 0.007916, ""2019"": 0.006791, ""2020"": 0.004594, ""2021"": 0.009371, ""2022"": 0.00468, ""2023"": 0.005226, ""2024"": 0.004598, ""2025"": 0.012797}",0.007591,-0.00018652,Sigma,Cat# C40,18
optimem,28,"2017,2019,2020,2021,2022,2023,2024,2025","{""2017"": 3, ""2019"": 5, ""2020"": 4, ""2021"": 2, ""2022"": 6, ""2023"": 1, ""2024"": 2, ""2025"": 5}","{""2017"": 0.018519, ""2019"": 0.008489, ""2020"": 0.006126, ""2021"": 0.002677, ""2022"": 0.00936, ""2023"": 0.001742, ""2024"": 0.004598, ""2025"": 0.009141}",0.007581,-0.00113726,GIBCO,Cat#31985062,13
chloroquine,30,"2017,2019,2020,2021,2022,2023,2024,2025","{""2017"": 2, ""2019"": 4, ""2020"": 5, ""2021"": 3, ""2022"": 3, ""2023"": 6, ""2024"": 4, ""2025"": 3}","{""2017"": 0.012346, ""2019"": 0.006791, ""2020"": 0.007657, ""2021"": 0.004016, ""2022"": 0.00468, ""2023"": 0.010453, ""2024"": 0.009195, ""2025"": 0.005484}",0.007578,-0.00036582,Sigma-Aldrich,Cat#C6628,8
sodium acetate,26,"2018,2019,2020,2021,2022,2023,2024,2025,2026","{""2018"": 1, ""2019"": 4, ""2020"": 5, ""2021"": 2, ""2022"": 3, ""2023"": 1, ""2024"": 5, ""2025"": 3, ""2026"": 2}","{""2018"": 0.002639, ""2019"": 0.006791, ""2020"": 0.007657, ""2021"": 0.002677, ""2022"": 0.00468, ""2023"": 0.001742, ""2024"": 0.011494, ""2025"": 0.005484, ""2026"": 0.024691}",0.00754,0.00151718,Sigma,Cat#AM9740,21
cytochalasin d,33,"2017,2018,2019,2020,2021,2022,2023,2024,2025","{""2017"": 2, ""2018"": 2, ""2019"": 6, ""2020"": 3, ""2021"": 4, ""2022"": 4, ""2023"": 6, ""2024"": 5, ""2025"": 1}","{""2017"": 0.012346, ""2018"": 0.005277, ""2019"": 0.010187, ""2020"": 0.004594, ""2021"": 0.005355, ""2022"": 0.00624, ""2023"": 0.010453, ""2024"": 0.011494, ""2025"": 0.001828}",0.00753,-0.000354,Sigma-Aldrich,C8273,13
ammonium chloride,29,"2018,2019,2020,2022,2023,2024,2025","{""2018"": 2, ""2019"": 4, ""2020"": 4, ""2022"": 4, ""2023"": 7, ""2024"": 3, ""2025"": 5}","{""2018"": 0.005277, ""2019"": 0.006791, ""2020"": 0.006126, ""2022"": 0.00624, ""2023"": 0.012195, ""2024"": 0.006897, ""2025"": 0.009141}",0.007524,0.00053337,Sigma-Aldrich,Cat#A9434,16
"complete ™ , mini, edta-free protease inhibitor cocktail",10,"2022,2024,2025,2026","{""2022"": 1, ""2024"": 3, ""2025"": 5, ""2026"": 1}","{""2022"": 0.00156, ""2024"": 0.006897, ""2025"": 0.009141, ""2026"": 0.012346}",0.007486,0.00265443,Roche,Cat# 11836170001,7
polyethylenimine (pei),38,"2017,2018,2019,2020,2021,2022,2023,2024,2025","{""2017"": 1, ""2018"": 1, ""2019"": 3, ""2020"": 2, ""2021"": 7, ""2022"": 11, ""2023"": 7, ""2024"": 1, ""2025"": 5}","{""2017"": 0.006173, ""2018"": 0.002639, ""2019"": 0.005093, ""2020"": 0.003063, ""2021"": 0.009371, ""2022"": 0.017161, ""2023"": 0.012195, ""2024"": 0.002299, ""2025"": 0.009141}",0.007459,0.00065257,Polysciences,Cat# 23966-1,17
z-vad-fmk,23,"2019,2020,2021,2022,2023,2024,2025,2026","{""2019"": 3, ""2020"": 2, ""2021"": 2, ""2022"": 7, ""2023"": 2, ""2024"": 1, ""2025"": 4, ""2026"": 2}","{""2019"": 0.005093, ""2020"": 0.003063, ""2021"": 0.002677, ""2022"": 0.01092, ""2023"": 0.003484, ""2024"": 0.002299, ""2025"": 0.007313, ""2026"": 0.024691}",0.007443,0.00178409,InvivoGen,Cat# FMK001,19
3x flag peptide,31,"2017,2018,2019,2020,2021,2022,2023,2024,2025","{""2017"": 2, ""2018"": 6, ""2019"": 4, ""2020"": 4, ""2021"": 3, ""2022"": 3, ""2023"": 3, ""2024"": 2, ""2025"": 4}","{""2017"": 0.012346, ""2018"": 0.015831, ""2019"": 0.006791, ""2020"": 0.006126, ""2021"": 0.004016, ""2022"": 0.00468, ""2023"": 0.005226, ""2024"": 0.004598, ""2025"": 0.007313}",0.007436,-0.00097346,Sigma-Aldrich,Cat# F4799,7
16% paraformaldehyde,30,"2019,2020,2021,2022,2023,2024,2025","{""2019"": 2, ""2020"": 2, ""2021"": 2, ""2022"": 8, ""2023"": 5, ""2024"": 3, ""2025"": 8}","{""2019"": 0.003396, ""2020"": 0.003063, ""2021"": 0.002677, ""2022"": 0.01248, ""2023"": 0.008711, ""2024"": 0.006897, ""2025"": 0.014625}",0.007407,0.0016925,Electron Microscopy Sciences,15710,15
nupage ™ lds sample buffer (4x),5,"2021,2023,2025,2026","{""2021"": 1, ""2023"": 1, ""2025"": 1, ""2026"": 2}","{""2021"": 0.001339, ""2023"": 0.001742, ""2025"": 0.001828, ""2026"": 0.024691}",0.0074,0.00358324,Invitrogen,Cat#NP0007,2
sodium chloride (nacl),23,"2019,2020,2021,2022,2023,2024,2025,2026","{""2019"": 2, ""2020"": 5, ""2021"": 5, ""2022"": 2, ""2023"": 2, ""2024"": 2, ""2025"": 3, ""2026"": 2}","{""2019"": 0.003396, ""2020"": 0.007657, ""2021"": 0.006693, ""2022"": 0.00312, ""2023"": 0.003484, ""2024"": 0.004598, ""2025"": 0.005484, ""2026"": 0.024691}",0.00739,0.00157482,Sigma-Aldrich,Cat# S9888,11
"dapi (4’,6-diamidino-2-phenylindole, dihydrochloride)",25,"2019,2020,2021,2022,2023,2024,2026","{""2019"": 2, ""2020"": 3, ""2021"": 10, ""2022"": 3, ""2023"": 1, ""2024"": 5, ""2026"": 1}","{""2019"": 0.003396, ""2020"": 0.004594, ""2021"": 0.013387, ""2022"": 0.00468, ""2023"": 0.001742, ""2024"": 0.011494, ""2026"": 0.012346}",0.007377,0.00097468,Thermo Fisher Scientific,Cat# D1306,3
carbenicillin,16,"2018,2019,2022,2023,2024,2025,2026","{""2018"": 1, ""2019"": 2, ""2022"": 2, ""2023"": 1, ""2024"": 3, ""2025"": 5, ""2026"": 2}","{""2018"": 0.002639, ""2019"": 0.003396, ""2022"": 0.00312, ""2023"": 0.001742, ""2024"": 0.006897, ""2025"": 0.009141, ""2026"": 0.024691}",0.007375,0.00184043,Sigma-Aldrich,Cat#C-103,13
penicillin streptomycin,31,"2018,2020,2021,2022,2023,2024,2025","{""2018"": 1, ""2020"": 4, ""2021"": 7, ""2022"": 7, ""2023"": 4, ""2024"": 2, ""2025"": 6}","{""2018"": 0.002639, ""2020"": 0.006126, ""2021"": 0.009371, ""2022"": 0.01092, ""2023"": 0.006969, ""2024"": 0.004598, ""2025"": 0.010969}",0.00737,0.00069612,GIBCO,15140122,13
il3,5,"2019,2021,2023,2026","{""2019"": 1, ""2021"": 1, ""2023"": 1, ""2026"": 2}","{""2019"": 0.001698, ""2021"": 0.001339, ""2023"": 0.001742, ""2026"": 0.024691}",0.007367,0.00324142,PeproTech,200–03,3
remdesivir,20,"2020,2021,2022,2023","{""2020"": 5, ""2021"": 9, ""2022"": 4, ""2023"": 2}","{""2020"": 0.007657, ""2021"": 0.012048, ""2022"": 0.00624, ""2023"": 0.003484}",0.007357,-0.00183259,Gilead Sciences,GS-5734 (RDV),13
xylazine,34,"2017,2018,2019,2020,2021,2022,2023,2024,2025,2026","{""2017"": 1, ""2018"": 1, ""2019"": 2, ""2020"": 3, ""2021"": 5, ""2022"": 3, ""2023"": 7, ""2024"": 1, ""2025"": 10, ""2026"": 1}","{""2017"": 0.006173, ""2018"": 0.002639, ""2019"": 0.003396, ""2020"": 0.004594, ""2021"": 0.006693, ""2022"": 0.00468, ""2023"": 0.012195, ""2024"": 0.002299, ""2025"": 0.018282, ""2026"": 0.012346}",0.00733,0.00109311,AnaSed,Cat# NDC 59399-110-20 RRID: N/A,33
hygromycin,31,"2017,2018,2019,2020,2021,2022,2023,2024,2025,2026","{""2017"": 2, ""2018"": 1, ""2019"": 4, ""2020"": 3, ""2021"": 5, ""2022"": 5, ""2023"": 2, ""2024"": 4, ""2025"": 4, ""2026"": 1}","{""2017"": 0.012346, ""2018"": 0.002639, ""2019"": 0.006791, ""2020"": 0.004594, ""2021"": 0.006693, ""2022"": 0.0078, ""2023"": 0.003484, ""2024"": 0.009195, ""2025"": 0.007313, ""2026"": 0.012346}",0.00732,0.00025768,Thermo Fisher,10687010,13
collagenase a,34,"2017,2018,2019,2020,2021,2022,2023,2024,2025,2026","{""2017"": 1, ""2018"": 1, ""2019"": 5, ""2020"": 3, ""2021"": 6, ""2022"": 4, ""2023"": 6, ""2024"": 2, ""2025"": 5, ""2026"": 1}","{""2017"": 0.006173, ""2018"": 0.002639, ""2019"": 0.008489, ""2020"": 0.004594, ""2021"": 0.008032, ""2022"": 0.00624, ""2023"": 0.010453, ""2024"": 0.004598, ""2025"": 0.009141, ""2026"": 0.012346}",0.00727,0.0005903,Roche,Cat# 10103578001,15
karyomax colcemid,5,"2017,2020,2023","{""2017"": 3, ""2020"": 1, ""2023"": 1}","{""2017"": 0.018519, ""2020"": 0.001531, ""2023"": 0.001742}",0.007264,-0.00279606,Life Technologies,Cat# 15212012,3
human egf,18,"2017,2020,2022,2023,2024,2025,2026","{""2017"": 2, ""2020"": 3, ""2022"": 3, ""2023"": 2, ""2024"": 1, ""2025"": 6, ""2026"": 1}","{""2017"": 0.012346, ""2020"": 0.004594, ""2022"": 0.00468, ""2023"": 0.003484, ""2024"": 0.002299, ""2025"": 0.010969, ""2026"": 0.012346}",0.007245,-3.953e-05,Peprotech,AF-100-15,12
nahco 3,32,"2017,2018,2019,2020,2021,2022,2023,2024,2025,2026","{""2017"": 1, ""2018"": 3, ""2019"": 5, ""2020"": 5, ""2021"": 4, ""2022"": 3, ""2023"": 4, ""2024"": 4, ""2025"": 2, ""2026"": 1}","{""2017"": 0.006173, ""2018"": 0.007916, ""2019"": 0.008489, ""2020"": 0.007657, ""2021"": 0.005355, ""2022"": 0.00468, ""2023"": 0.006969, ""2024"": 0.009195, ""2025"": 0.003656, ""2026"": 0.012346}",0.007244,0.00016081,Sigma-Aldrich,S6297,16
lif,32,"2017,2018,2019,2020,2021,2022,2023,2024,2025","{""2017"": 2, ""2018"": 2, ""2019"": 3, ""2020"": 3, ""2021"": 5, ""2022"": 4, ""2023"": 3, ""2024"": 3, ""2025"": 7}","{""2017"": 0.012346, ""2018"": 0.005277, ""2019"": 0.005093, ""2020"": 0.004594, ""2021"": 0.006693, ""2022"": 0.00624, ""2023"": 0.005226, ""2024"": 0.006897, ""2025"": 0.012797}",0.00724,0.00014294,Millipore,Cat# ESG1107,21
"fetal bovine serum, heat inactivated",8,"2022,2023,2024,2025,2026","{""2022"": 1, ""2023"": 2, ""2024"": 2, ""2025"": 1, ""2026"": 2}","{""2022"": 0.00156, ""2023"": 0.003484, ""2024"": 0.004598, ""2025"": 0.001828, ""2026"": 0.024691}",0.007232,0.00446064,Bovogen,Cat #: SFBS,8
t4 ligase,18,"2017,2019,2021,2022,2023,2024,2025,2026","{""2017"": 1, ""2019"": 3, ""2021"": 2, ""2022"": 1, ""2023"": 3, ""2024"": 3, ""2025"": 3, ""2026"": 2}","{""2017"": 0.006173, ""2019"": 0.005093, ""2021"": 0.002677, ""2022"": 0.00156, ""2023"": 0.005226, ""2024"": 0.006897, ""2025"": 0.005484, ""2026"": 0.024691}",0.007225,0.00120526,NEB,Cat# M0202S,9
glucose solution,11,"2022,2024,2025","{""2022"": 3, ""2024"": 5, ""2025"": 3}","{""2022"": 0.00468, ""2024"": 0.011494, ""2025"": 0.005484}",0.00722,0.00071651,Thermo Fisher Scientific,Cat# A2494001,3
recombinant mouse il-4,14,"2019,2021,2025","{""2019"": 4, ""2021"": 7, ""2025"": 3}","{""2019"": 0.006791, ""2021"": 0.009371, ""2025"": 0.005484}",0.007215,-0.00032547,Peprotech,Cat # 214-14,6
pyruvate,23,"2017,2020,2021,2022,2023,2024,2025,2026","{""2017"": 1, ""2020"": 2, ""2021"": 1, ""2022"": 4, ""2023"": 4, ""2024"": 7, ""2025"": 3, ""2026"": 1}","{""2017"": 0.006173, ""2020"": 0.003063, ""2021"": 0.001339, ""2022"": 0.00624, ""2023"": 0.006969, ""2024"": 0.016092, ""2025"": 0.005484, ""2026"": 0.012346}",0.007213,0.00087788,Sigma-Aldrich,Cat# P4562,11
itaq universal sybr green supermix,20,"2020,2021,2023,2024,2025","{""2020"": 3, ""2021"": 2, ""2023"": 3, ""2024"": 3, ""2025"": 9}","{""2020"": 0.004594, ""2021"": 0.002677, ""2023"": 0.005226, ""2024"": 0.006897, ""2025"": 0.016453}",0.00717,0.00203519,Bio-Rad,Cat# 1725121,7
powerup sybr green master mix,29,"2017,2019,2020,2021,2022,2023,2024,2025,2026","{""2017"": 1, ""2019"": 3, ""2020"": 3, ""2021"": 4, ""2022"": 4, ""2023"": 1, ""2024"": 2, ""2025"": 10, ""2026"": 1}","{""2017"": 0.006173, ""2019"": 0.005093, ""2020"": 0.004594, ""2021"": 0.005355, ""2022"": 0.00624, ""2023"": 0.001742, ""2024"": 0.004598, ""2025"": 0.018282, ""2026"": 0.012346}",0.007158,0.00089471,Applied Biosystems,Cat#A25742,11
carboxymethyl cellulose,15,"2020,2021,2022","{""2020"": 1, ""2021"": 9, ""2022"": 5}","{""2020"": 0.001531, ""2021"": 0.012048, ""2022"": 0.0078}",0.007127,0.00313446,Sigma,Cat#C4888,4
3xflag peptide,32,"2018,2019,2020,2021,2022,2023,2024,2025","{""2018"": 4, ""2019"": 4, ""2020"": 5, ""2021"": 6, ""2022"": 2, ""2023"": 4, ""2024"": 2, ""2025"": 5}","{""2018"": 0.010554, ""2019"": 0.006791, ""2020"": 0.007657, ""2021"": 0.008032, ""2022"": 0.00312, ""2023"": 0.006969, ""2024"": 0.004598, ""2025"": 0.009141}",0.007108,-0.0003314,Sigma-Aldrich,Cat#F4799,11
cisplatin,32,"2017,2018,2019,2020,2021,2022,2023,2024,2025","{""2017"": 2, ""2018"": 1, ""2019"": 6, ""2020"": 3, ""2021"": 6, ""2022"": 4, ""2023"": 3, ""2024"": 4, ""2025"": 3}","{""2017"": 0.012346, ""2018"": 0.002639, ""2019"": 0.010187, ""2020"": 0.004594, ""2021"": 0.008032, ""2022"": 0.00624, ""2023"": 0.005226, ""2024"": 0.009195, ""2025"": 0.005484}",0.007105,-0.00026748,Sigma-Aldrich,Cat# 201064,15
macs bsa stock solution,14,"2018,2019,2020,2021,2022,2024,2025,2026","{""2018"": 1, ""2019"": 1, ""2020"": 1, ""2021"": 2, ""2022"": 1, ""2024"": 1, ""2025"": 4, ""2026"": 3}","{""2018"": 0.002639, ""2019"": 0.001698, ""2020"": 0.001531, ""2021"": 0.002677, ""2022"": 0.00156, ""2024"": 0.002299, ""2025"": 0.007313, ""2026"": 0.037037}",0.007094,0.00272425,Miltenyi Biotec,130-091-376,3
triton ™ x-100,9,"2023,2024,2025,2026","{""2023"": 1, ""2024"": 3, ""2025"": 4, ""2026"": 1}","{""2023"": 0.001742, ""2024"": 0.006897, ""2025"": 0.007313, ""2026"": 0.012346}",0.007074,0.00322266,Sigma-Aldrich,Cat. No. T8787,6
calcium chloride,32,"2018,2019,2020,2021,2022,2023,2024,2025","{""2018"": 1, ""2019"": 3, ""2020"": 7, ""2021"": 2, ""2022"": 5, ""2023"": 4, ""2024"": 5, ""2025"": 5}","{""2018"": 0.002639, ""2019"": 0.005093, ""2020"": 0.01072, ""2021"": 0.002677, ""2022"": 0.0078, ""2023"": 0.006969, ""2024"": 0.011494, ""2025"": 0.009141}",0.007067,0.00084988,Sigma-Aldrich,Cat#C1016,23
supersignal ™ west pico plus chemiluminescent substrate,11,"2023,2024,2025","{""2023"": 4, ""2024"": 3, ""2025"": 4}","{""2023"": 0.006969, ""2024"": 0.006897, ""2025"": 0.007313}",0.007059,0.00017199,Thermo Fisher,34580,6
nt3,8,"2017,2021,2023,2026","{""2017"": 1, ""2021"": 2, ""2023"": 4, ""2026"": 1}","{""2017"": 0.006173, ""2021"": 0.002677, ""2023"": 0.006969, ""2026"": 0.012346}",0.007041,0.00069827,Peprotech,Cat# GF031,5
diphtheria toxin,30,"2017,2018,2019,2020,2021,2022,2023,2024,2025,2026","{""2017"": 1, ""2018"": 2, ""2019"": 4, ""2020"": 2, ""2021"": 3, ""2022"": 2, ""2023"": 3, ""2024"": 5, ""2025"": 7, ""2026"": 1}","{""2017"": 0.006173, ""2018"": 0.005277, ""2019"": 0.006791, ""2020"": 0.003063, ""2021"": 0.004016, ""2022"": 0.00312, ""2023"": 0.005226, ""2024"": 0.011494, ""2025"": 0.012797, ""2026"": 0.012346}",0.00703,0.00083216,Sigma-Aldrich,Cat#D0564,7
"dmem, no glucose, no glutamine, no phenol red",5,"2024,2025,2026","{""2024"": 3, ""2025"": 1, ""2026"": 1}","{""2024"": 0.006897, ""2025"": 0.001828, ""2026"": 0.012346}",0.007023,0.00272456,Gibco,Cat#A1443001,1
guanidine hydrochloride,23,"2017,2018,2019,2020,2021,2022,2023,2025,2026","{""2017"": 3, ""2018"": 1, ""2019"": 1, ""2020"": 4, ""2021"": 2, ""2022"": 2, ""2023"": 5, ""2025"": 4, ""2026"": 1}","{""2017"": 0.018519, ""2018"": 0.002639, ""2019"": 0.001698, ""2020"": 0.006126, ""2021"": 0.002677, ""2022"": 0.00312, ""2023"": 0.008711, ""2025"": 0.007313, ""2026"": 0.012346}",0.007016,7.911e-05,Sigma-Aldrich,Cat# G4505,10
mtesr ™ plus,6,"2022,2025,2026","{""2022"": 2, ""2025"": 3, ""2026"": 1}","{""2022"": 0.00312, ""2025"": 0.005484, ""2026"": 0.012346}",0.006983,0.00195602,StemCell Technologies,100–0276,4
d-ap5,33,"2018,2019,2020,2021,2022,2023,2024,2025","{""2018"": 2, ""2019"": 5, ""2020"": 3, ""2021"": 6, ""2022"": 9, ""2023"": 3, ""2024"": 2, ""2025"": 3}","{""2018"": 0.005277, ""2019"": 0.008489, ""2020"": 0.004594, ""2021"": 0.008032, ""2022"": 0.014041, ""2023"": 0.005226, ""2024"": 0.004598, ""2025"": 0.005484}",0.006968,-0.00012023,Tocris,Cat# 0106,8
sodium dodecyl sulfate (sds),23,"2018,2019,2020,2021,2022,2023,2024,2025,2026","{""2018"": 1, ""2019"": 1, ""2020"": 2, ""2021"": 6, ""2022"": 1, ""2023"": 1, ""2024"": 6, ""2025"": 3, ""2026"": 2}","{""2018"": 0.002639, ""2019"": 0.001698, ""2020"": 0.003063, ""2021"": 0.008032, ""2022"": 0.00156, ""2023"": 0.001742, ""2024"": 0.013793, ""2025"": 0.005484, ""2026"": 0.024691}",0.006967,0.00191237,Fisher Scientific,Cat # BP166-500,17
uridine,24,"2018,2019,2020,2021,2022,2023,2024,2025,2026","{""2018"": 1, ""2019"": 1, ""2020"": 6, ""2021"": 3, ""2022"": 4, ""2023"": 2, ""2024"": 3, ""2025"": 2, ""2026"": 2}","{""2018"": 0.002639, ""2019"": 0.001698, ""2020"": 0.009188, ""2021"": 0.004016, ""2022"": 0.00624, ""2023"": 0.003484, ""2024"": 0.006897, ""2025"": 0.003656, ""2026"": 0.024691}",0.006946,0.00148286,Sigma-Aldrich,Catalog# A15227,7
zeocin,34,"2017,2018,2019,2020,2021,2022,2023,2024,2025","{""2017"": 1, ""2018"": 2, ""2019"": 4, ""2020"": 6, ""2021"": 6, ""2022"": 4, ""2023"": 3, ""2024"": 2, ""2025"": 6}","{""2017"": 0.006173, ""2018"": 0.005277, ""2019"": 0.006791, ""2020"": 0.009188, ""2021"": 0.008032, ""2022"": 0.00624, ""2023"": 0.005226, ""2024"": 0.004598, ""2025"": 0.010969}",0.006944,0.00018448,Thermo Fisher Scientific,Cat# R25001,9
"polyethylenimine, branched",16,"2017,2020,2021,2022","{""2017"": 1, ""2020"": 3, ""2021"": 8, ""2022"": 4}","{""2017"": 0.006173, ""2020"": 0.004594, ""2021"": 0.01071, ""2022"": 0.00624}",0.006929,0.00033368,Sigma-Aldrich,Cat#408727,1
doxycycline hydrochloride,30,"2017,2018,2019,2020,2021,2022,2023,2024,2025,2026","{""2017"": 1, ""2018"": 3, ""2019"": 3, ""2020"": 3, ""2021"": 4, ""2022"": 2, ""2023"": 6, ""2024"": 3, ""2025"": 4, ""2026"": 1}","{""2017"": 0.006173, ""2018"": 0.007916, ""2019"": 0.005093, ""2020"": 0.004594, ""2021"": 0.005355, ""2022"": 0.00312, ""2023"": 0.010453, ""2024"": 0.006897, ""2025"": 0.007313, ""2026"": 0.012346}",0.006926,0.00045874,Sigma Aldrich,Cat# D3447,13
ficoll-paque,18,"2020,2021,2022,2023,2024,2026","{""2020"": 7, ""2021"": 2, ""2022"": 2, ""2023"": 2, ""2024"": 4, ""2026"": 1}","{""2020"": 0.01072, ""2021"": 0.002677, ""2022"": 0.00312, ""2023"": 0.003484, ""2024"": 0.009195, ""2026"": 0.012346}",0.006924,0.00083339,GE Healthcare,Cat#17-1440-03,10
collagenase ii,23,"2019,2020,2022,2023,2024,2025","{""2019"": 1, ""2020"": 4, ""2022"": 3, ""2023"": 4, ""2024"": 4, ""2025"": 7}","{""2019"": 0.001698, ""2020"": 0.006126, ""2022"": 0.00468, ""2023"": 0.006969, ""2024"": 0.009195, ""2025"": 0.012797}",0.006911,0.00147188,Worthington Biochemical,Cat# LS004177,12
bmp4,26,"2019,2020,2021,2022,2023,2024,2025,2026","{""2019"": 2, ""2020"": 6, ""2021"": 2, ""2022"": 2, ""2023"": 3, ""2024"": 2, ""2025"": 8, ""2026"": 1}","{""2019"": 0.003396, ""2020"": 0.009188, ""2021"": 0.002677, ""2022"": 0.00312, ""2023"": 0.005226, ""2024"": 0.004598, ""2025"": 0.014625, ""2026"": 0.012346}",0.006897,0.00116312,R&D Systems,314-BP-010,19
glycoblue,24,"2017,2018,2019,2020,2021,2022,2023,2025","{""2017"": 3, ""2018"": 2, ""2019"": 1, ""2020"": 2, ""2021"": 4, ""2022"": 2, ""2023"": 2, ""2025"": 8}","{""2017"": 0.018519, ""2018"": 0.005277, ""2019"": 0.001698, ""2020"": 0.003063, ""2021"": 0.005355, ""2022"": 0.00312, ""2023"": 0.003484, ""2025"": 0.014625}",0.006893,-0.00014228,Invitrogen,Cat# AM9516,8
nbqx,29,"2017,2018,2019,2020,2021,2022,2023,2025","{""2017"": 1, ""2018"": 3, ""2019"": 4, ""2020"": 3, ""2021"": 4, ""2022"": 4, ""2023"": 4, ""2025"": 6}","{""2017"": 0.006173, ""2018"": 0.007916, ""2019"": 0.006791, ""2020"": 0.004594, ""2021"": 0.005355, ""2022"": 0.00624, ""2023"": 0.006969, ""2025"": 0.010969}",0.006876,0.00036223,Tocris,0373,10
cholera toxin,33,"2017,2018,2019,2020,2021,2022,2023,2024,2025","{""2017"": 1, ""2018"": 4, ""2019"": 3, ""2020"": 6, ""2021"": 7, ""2022"": 4, ""2023"": 3, ""2024"": 1, ""2025"": 4}","{""2017"": 0.006173, ""2018"": 0.010554, ""2019"": 0.005093, ""2020"": 0.009188, ""2021"": 0.009371, ""2022"": 0.00624, ""2023"": 0.005226, ""2024"": 0.002299, ""2025"": 0.007313}",0.006829,-0.00038148,Sigma,C8052,5
ficoll-paque plus,35,"2017,2018,2019,2020,2021,2022,2023,2024,2025","{""2017"": 1, ""2018"": 1, ""2019"": 3, ""2020"": 6, ""2021"": 10, ""2022"": 4, ""2023"": 1, ""2024"": 1, ""2025"": 8}","{""2017"": 0.006173, ""2018"": 0.002639, ""2019"": 0.005093, ""2020"": 0.009188, ""2021"": 0.013387, ""2022"": 0.00624, ""2023"": 0.001742, ""2024"": 0.002299, ""2025"": 0.014625}",0.006821,0.00038567,GE Healthcare,Cat# 17144003,14
n2,29,"2018,2019,2020,2021,2022,2023,2024,2025,2026","{""2018"": 1, ""2019"": 4, ""2020"": 1, ""2021"": 6, ""2022"": 3, ""2023"": 4, ""2024"": 4, ""2025"": 5, ""2026"": 1}","{""2018"": 0.002639, ""2019"": 0.006791, ""2020"": 0.001531, ""2021"": 0.008032, ""2022"": 0.00468, ""2023"": 0.006969, ""2024"": 0.009195, ""2025"": 0.009141, ""2026"": 0.012346}",0.006814,0.00100237,Thermo Fisher Scientific,17502048,9
mitotempo,10,"2018,2019,2020,2022,2023,2026","{""2018"": 3, ""2019"": 2, ""2020"": 1, ""2022"": 1, ""2023"": 1, ""2026"": 2}","{""2018"": 0.007916, ""2019"": 0.003396, ""2020"": 0.001531, ""2022"": 0.00156, ""2023"": 0.001742, ""2026"": 0.024691}",0.006806,0.00191123,Sigma Aldrich,Cat# SML0737,4
dorsomorphin,20,"2019,2020,2021,2022,2023,2024,2025,2026","{""2019"": 1, ""2020"": 4, ""2021"": 6, ""2022"": 1, ""2023"": 2, ""2024"": 3, ""2025"": 1, ""2026"": 2}","{""2019"": 0.001698, ""2020"": 0.006126, ""2021"": 0.008032, ""2022"": 0.00156, ""2023"": 0.003484, ""2024"": 0.006897, ""2025"": 0.001828, ""2026"": 0.024691}",0.006789,0.00164268,Sigma-Aldrich,Cat# 3093,12
agencourt ampure xp beads,21,"2018,2019,2020,2021,2023","{""2018"": 1, ""2019"": 6, ""2020"": 6, ""2021"": 5, ""2023"": 3}","{""2018"": 0.002639, ""2019"": 0.010187, ""2020"": 0.009188, ""2021"": 0.006693, ""2023"": 0.005226}",0.006787,8.27e-06,Beckman Coulter,Cat# A63881,12
xav939,23,"2020,2021,2022,2023,2024,2025","{""2020"": 4, ""2021"": 2, ""2022"": 3, ""2023"": 3, ""2024"": 4, ""2025"": 7}","{""2020"": 0.006126, ""2021"": 0.002677, ""2022"": 0.00468, ""2023"": 0.005226, ""2024"": 0.009195, ""2025"": 0.012797}",0.006784,0.00152737,Stemgent,3748,11
bodipy 493/503,16,"2017,2018,2019,2020,2021,2023,2025,2026","{""2017"": 1, ""2018"": 2, ""2019"": 2, ""2020"": 2, ""2021"": 2, ""2023"": 2, ""2025"": 3, ""2026"": 2}","{""2017"": 0.006173, ""2018"": 0.005277, ""2019"": 0.003396, ""2020"": 0.003063, ""2021"": 0.002677, ""2023"": 0.003484, ""2025"": 0.005484, ""2026"": 0.024691}",0.006781,0.00127153,Invitrogen,D3922,2
freestyle 293 expression medium,34,"2018,2019,2020,2021,2022,2023,2024,2025","{""2018"": 1, ""2019"": 4, ""2020"": 5, ""2021"": 10, ""2022"": 7, ""2023"": 5, ""2024"": 1, ""2025"": 1}","{""2018"": 0.002639, ""2019"": 0.006791, ""2020"": 0.007657, ""2021"": 0.013387, ""2022"": 0.01092, ""2023"": 0.008711, ""2024"": 0.002299, ""2025"": 0.001828}",0.006779,-0.00032666,GIBCO,Cat#12338018,7
primocin,26,"2019,2020,2021,2022,2023,2024,2025,2026","{""2019"": 1, ""2020"": 4, ""2021"": 5, ""2022"": 5, ""2023"": 3, ""2024"": 3, ""2025"": 4, ""2026"": 1}","{""2019"": 0.001698, ""2020"": 0.006126, ""2021"": 0.006693, ""2022"": 0.0078, ""2023"": 0.005226, ""2024"": 0.006897, ""2025"": 0.007313, ""2026"": 0.012346}",0.006762,0.00093459,Invivogen,Cat#ant-pm-1,10
blasticidin s hcl,28,"2018,2020,2021,2022,2023,2024,2025","{""2018"": 2, ""2020"": 7, ""2021"": 6, ""2022"": 5, ""2023"": 3, ""2024"": 2, ""2025"": 3}","{""2018"": 0.005277, ""2020"": 0.01072, ""2021"": 0.008032, ""2022"": 0.0078, ""2023"": 0.005226, ""2024"": 0.004598, ""2025"": 0.005484}",0.006734,-0.00037211,Gibco,Cat# R21001,10
sars-cov-2 rbd,19,"2020,2021,2022,2025","{""2020"": 4, ""2021"": 13, ""2022"": 1, ""2025"": 1}","{""2020"": 0.006126, ""2021"": 0.017403, ""2022"": 0.00156, ""2025"": 0.001828}",0.006729,-0.0017264,Sino Biological,Cat# 40592-V08H,15
cholesterol,32,"2017,2018,2019,2020,2021,2022,2023,2024,2025","{""2017"": 1, ""2018"": 2, ""2019"": 6, ""2020"": 5, ""2021"": 3, ""2022"": 3, ""2023"": 4, ""2024"": 2, ""2025"": 6}","{""2017"": 0.006173, ""2018"": 0.005277, ""2019"": 0.010187, ""2020"": 0.007657, ""2021"": 0.004016, ""2022"": 0.00468, ""2023"": 0.006969, ""2024"": 0.004598, ""2025"": 0.010969}",0.006725,0.00012889,Sigma-Aldrich,Cat# C8667,16
rosiglitazone,27,"2018,2019,2020,2021,2022,2023,2024,2025,2026","{""2018"": 6, ""2019"": 4, ""2020"": 2, ""2021"": 6, ""2022"": 2, ""2023"": 3, ""2024"": 1, ""2025"": 2, ""2026"": 1}","{""2018"": 0.015831, ""2019"": 0.006791, ""2020"": 0.003063, ""2021"": 0.008032, ""2022"": 0.00312, ""2023"": 0.005226, ""2024"": 0.002299, ""2025"": 0.003656, ""2026"": 0.012346}",0.006707,-0.00046133,Sigma,Cat#R2408,11
sars-cov-2 spike protein,18,"2020,2021,2022,2025","{""2020"": 2, ""2021"": 7, ""2022"": 8, ""2025"": 1}","{""2020"": 0.003063, ""2021"": 0.009371, ""2022"": 0.01248, ""2025"": 0.001828}",0.006686,-0.00071514,Sino Biological,Cat# SPN-C82E9,14
dmem/f-12,27,"2019,2020,2021,2022,2023,2024,2025","{""2019"": 4, ""2020"": 1, ""2021"": 5, ""2022"": 1, ""2023"": 7, ""2024"": 3, ""2025"": 6}","{""2019"": 0.006791, ""2020"": 0.001531, ""2021"": 0.006693, ""2022"": 0.00156, ""2023"": 0.012195, ""2024"": 0.006897, ""2025"": 0.010969}",0.006662,0.00102733,Gibco,11320033,12
tev protease,29,"2017,2018,2019,2020,2021,2022,2023,2024,2025,2026","{""2017"": 1, ""2018"": 1, ""2019"": 6, ""2020"": 1, ""2021"": 3, ""2022"": 5, ""2023"": 2, ""2024"": 4, ""2025"": 5, ""2026"": 1}","{""2017"": 0.006173, ""2018"": 0.002639, ""2019"": 0.010187, ""2020"": 0.001531, ""2021"": 0.004016, ""2022"": 0.0078, ""2023"": 0.003484, ""2024"": 0.009195, ""2025"": 0.009141, ""2026"": 0.012346}",0.006651,0.00064095,New England Biolabs,Cat#T4455,22
rnase h,30,"2018,2019,2020,2021,2022,2023,2024,2025,2026","{""2018"": 1, ""2019"": 5, ""2020"": 5, ""2021"": 6, ""2022"": 6, ""2023"": 2, ""2024"": 1, ""2025"": 3, ""2026"": 1}","{""2018"": 0.002639, ""2019"": 0.008489, ""2020"": 0.007657, ""2021"": 0.008032, ""2022"": 0.00936, ""2023"": 0.003484, ""2024"": 0.002299, ""2025"": 0.005484, ""2026"": 0.012346}",0.006643,0.00024252,NEB,M0297L,9
b-27 supplement,31,"2018,2019,2020,2021,2022,2023,2024,2025","{""2018"": 2, ""2019"": 3, ""2020"": 2, ""2021"": 7, ""2022"": 5, ""2023"": 5, ""2024"": 2, ""2025"": 5}","{""2018"": 0.005277, ""2019"": 0.005093, ""2020"": 0.003063, ""2021"": 0.009371, ""2022"": 0.0078, ""2023"": 0.008711, ""2024"": 0.004598, ""2025"": 0.009141}",0.006632,0.00047549,Thermo Fisher Scientific,Cat# 17504044,5
phosstop phosphatase inhibitor cocktail,18,"2017,2018,2019,2020,2022,2023,2025","{""2017"": 3, ""2018"": 3, ""2019"": 3, ""2020"": 2, ""2022"": 3, ""2023"": 2, ""2025"": 2}","{""2017"": 0.018519, ""2018"": 0.007916, ""2019"": 0.005093, ""2020"": 0.003063, ""2022"": 0.00468, ""2023"": 0.003484, ""2025"": 0.003656}",0.00663,-0.00130558,Roche,Cat#PHOSS-RO,6
gelatin,29,"2018,2019,2020,2021,2022,2023,2024,2025","{""2018"": 3, ""2019"": 6, ""2020"": 1, ""2021"": 2, ""2022"": 4, ""2023"": 6, ""2024"": 2, ""2025"": 5}","{""2018"": 0.007916, ""2019"": 0.010187, ""2020"": 0.001531, ""2021"": 0.002677, ""2022"": 0.00624, ""2023"": 0.010453, ""2024"": 0.004598, ""2025"": 0.009141}",0.006593,0.00013046,Sigma-Aldrich,Cat#G1890,12
fugene 6,22,"2018,2019,2020,2021,2022,2023,2024,2025,2026","{""2018"": 2, ""2019"": 3, ""2020"": 7, ""2021"": 2, ""2022"": 2, ""2023"": 2, ""2024"": 1, ""2025"": 1, ""2026"": 2}","{""2018"": 0.005277, ""2019"": 0.005093, ""2020"": 0.01072, ""2021"": 0.002677, ""2022"": 0.00312, ""2023"": 0.003484, ""2024"": 0.002299, ""2025"": 0.001828, ""2026"": 0.024691}",0.006577,0.00086378,Promega,Cat# E2691,6
activin a,31,"2018,2019,2020,2021,2022,2023,2024,2025","{""2018"": 1, ""2019"": 3, ""2020"": 6, ""2021"": 7, ""2022"": 2, ""2023"": 3, ""2024"": 3, ""2025"": 6}","{""2018"": 0.002639, ""2019"": 0.005093, ""2020"": 0.009188, ""2021"": 0.009371, ""2022"": 0.00312, ""2023"": 0.005226, ""2024"": 0.006897, ""2025"": 0.010969}",0.006563,0.00058562,R&D Systems,#338-AC-500/CF,19
g418 sulfate,10,"2023,2024,2025","{""2023"": 1, ""2024"": 3, ""2025"": 6}","{""2023"": 0.001742, ""2024"": 0.006897, ""2025"": 0.010969}",0.006536,0.00461338,Thermo Fisher Scientific,Cat# 11811031,7
busulfan,5,"2023,2025,2026","{""2023"": 2, ""2025"": 2, ""2026"": 1}","{""2023"": 0.003484, ""2025"": 0.003656, ""2026"": 0.012346}",0.006495,0.0025441,Sigma-Aldrich,Cat# B2635,2
dharmafect 1,6,"2017,2023,2025","{""2017"": 2, ""2023"": 2, ""2025"": 2}","{""2017"": 0.012346, ""2023"": 0.003484, ""2025"": 0.003656}",0.006495,-0.00117634,Dharmacon,T-2001-02,4
uk-5099,6,"2021,2022,2026","{""2021"": 3, ""2022"": 2, ""2026"": 1}","{""2021"": 0.004016, ""2022"": 0.00312, ""2026"": 0.012346}",0.006494,0.00184891,Sigma-Aldrich,Cat#4186,2
collagenase type iv,29,"2017,2018,2019,2020,2021,2022,2023,2024,2025,2026","{""2017"": 1, ""2018"": 1, ""2019"": 4, ""2020"": 3, ""2021"": 4, ""2022"": 3, ""2023"": 6, ""2024"": 2, ""2025"": 4, ""2026"": 1}","{""2017"": 0.006173, ""2018"": 0.002639, ""2019"": 0.006791, ""2020"": 0.004594, ""2021"": 0.005355, ""2022"": 0.00468, ""2023"": 0.010453, ""2024"": 0.004598, ""2025"": 0.007313, ""2026"": 0.012346}",0.006494,0.00057096,Worthington,Cat# 17104019,16
ascorbic acid,29,"2018,2019,2020,2021,2022,2023,2024,2025","{""2018"": 1, ""2019"": 4, ""2020"": 2, ""2021"": 3, ""2022"": 3, ""2023"": 5, ""2024"": 4, ""2025"": 7}","{""2018"": 0.002639, ""2019"": 0.006791, ""2020"": 0.003063, ""2021"": 0.004016, ""2022"": 0.00468, ""2023"": 0.008711, ""2024"": 0.009195, ""2025"": 0.012797}",0.006487,0.00119928,Sigma,Cat#A4544,10
flavopiridol,17,"2017,2019,2020,2021,2024,2025","{""2017"": 2, ""2019"": 3, ""2020"": 3, ""2021"": 2, ""2024"": 3, ""2025"": 4}","{""2017"": 0.012346, ""2019"": 0.005093, ""2020"": 0.004594, ""2021"": 0.002677, ""2024"": 0.006897, ""2025"": 0.007313}",0.006487,-0.00030921,Sigma-Aldrich,Cat# F3055,8
hematoxylin,27,"2017,2018,2019,2020,2021,2022,2023,2024,2025,2026","{""2017"": 1, ""2018"": 3, ""2019"": 2, ""2020"": 2, ""2021"": 2, ""2022"": 4, ""2023"": 4, ""2024"": 3, ""2025"": 5, ""2026"": 1}","{""2017"": 0.006173, ""2018"": 0.007916, ""2019"": 0.003396, ""2020"": 0.003063, ""2021"": 0.002677, ""2022"": 0.00624, ""2023"": 0.006969, ""2024"": 0.006897, ""2025"": 0.009141, ""2026"": 0.012346}",0.006482,0.00058738,Sigma-Aldrich,H9627,25
fetal calf serum,29,"2017,2018,2019,2020,2021,2022,2023,2024,2025","{""2017"": 2, ""2018"": 1, ""2019"": 6, ""2020"": 2, ""2021"": 7, ""2022"": 2, ""2023"": 3, ""2024"": 3, ""2025"": 3}","{""2017"": 0.012346, ""2018"": 0.002639, ""2019"": 0.010187, ""2020"": 0.003063, ""2021"": 0.009371, ""2022"": 0.00312, ""2023"": 0.005226, ""2024"": 0.006897, ""2025"": 0.005484}",0.006481,-0.0004089,Sigma-Aldrich,Cat# 172012-500ML,23
tris-hcl,25,"2017,2019,2020,2021,2022,2023,2024,2025,2026","{""2017"": 1, ""2019"": 3, ""2020"": 2, ""2021"": 2, ""2022"": 3, ""2023"": 5, ""2024"": 2, ""2025"": 6, ""2026"": 1}","{""2017"": 0.006173, ""2019"": 0.005093, ""2020"": 0.003063, ""2021"": 0.002677, ""2022"": 0.00468, ""2023"": 0.008711, ""2024"": 0.004598, ""2025"": 0.010969, ""2026"": 0.012346}",0.006479,0.00075088,Sigma-Aldrich,Cat#: T2194,22
kanamycin sulfate,29,"2018,2019,2020,2021,2022,2023,2024,2025","{""2018"": 4, ""2019"": 2, ""2020"": 2, ""2021"": 7, ""2022"": 3, ""2023"": 4, ""2024"": 2, ""2025"": 5}","{""2018"": 0.010554, ""2019"": 0.003396, ""2020"": 0.003063, ""2021"": 0.009371, ""2022"": 0.00468, ""2023"": 0.006969, ""2024"": 0.004598, ""2025"": 0.009141}",0.006471,3.743e-05,Sigma-Aldrich,Cat#BP906-5,23
y-27632 dihydrochloride,28,"2017,2018,2019,2020,2021,2022,2023,2024,2025,2026","{""2017"": 1, ""2018"": 2, ""2019"": 2, ""2020"": 4, ""2021"": 5, ""2022"": 5, ""2023"": 1, ""2024"": 5, ""2025"": 2, ""2026"": 1}","{""2017"": 0.006173, ""2018"": 0.005277, ""2019"": 0.003396, ""2020"": 0.006126, ""2021"": 0.006693, ""2022"": 0.0078, ""2023"": 0.001742, ""2024"": 0.011494, ""2025"": 0.003656, ""2026"": 0.012346}",0.00647,0.00044037,Tocris,Cat# 1254,8
protein g sepharose,7,"2017,2018,2021","{""2017"": 1, ""2018"": 4, ""2021"": 2}","{""2017"": 0.006173, ""2018"": 0.010554, ""2021"": 0.002677}",0.006468,-0.00127811,Sigma,P3296,5
ebioscience ™ fixable viability dye efluor ™ 506,5,"2023,2025,2026","{""2023"": 3, ""2025"": 1, ""2026"": 1}","{""2023"": 0.005226, ""2025"": 0.001828, ""2026"": 0.012346}",0.006467,0.00179132,ThermoFisher,Cat# 65-0866-14,3
na2hpo4,9,"2021,2022","{""2021"": 5, ""2022"": 4}","{""2021"": 0.006693, ""2022"": 0.00624}",0.006467,,Melford,Cat#S23100,2
y27632,29,"2017,2018,2019,2020,2021,2022,2023,2025","{""2017"": 1, ""2018"": 1, ""2019"": 6, ""2020"": 5, ""2021"": 6, ""2022"": 4, ""2023"": 2, ""2025"": 4}","{""2017"": 0.006173, ""2018"": 0.002639, ""2019"": 0.010187, ""2020"": 0.007657, ""2021"": 0.008032, ""2022"": 0.00624, ""2023"": 0.003484, ""2025"": 0.007313}",0.006466,2.443e-05,Tocris,Cat#Y0503,17
pepstatin a,28,"2018,2019,2020,2021,2022,2023,2024,2025","{""2018"": 2, ""2019"": 7, ""2020"": 2, ""2021"": 3, ""2022"": 3, ""2023"": 2, ""2024"": 6, ""2025"": 3}","{""2018"": 0.005277, ""2019"": 0.011885, ""2020"": 0.003063, ""2021"": 0.004016, ""2022"": 0.00468, ""2023"": 0.003484, ""2024"": 0.013793, ""2025"": 0.005484}",0.00646,0.00015385,Sigma-Aldrich,Cat# P5318,18
b-mercaptoethanol,13,"2020,2021,2023,2025,2026","{""2020"": 2, ""2021"": 2, ""2023"": 5, ""2025"": 3, ""2026"": 1}","{""2020"": 0.003063, ""2021"": 0.002677, ""2023"": 0.008711, ""2025"": 0.005484, ""2026"": 0.012346}",0.006456,0.00128703,Sigma-Aldrich,CAS: 60-24-2; A1108,7
colcemid,18,"2017,2018,2019,2020,2021,2022,2024,2025,2026","{""2017"": 1, ""2018"": 2, ""2019"": 1, ""2020"": 3, ""2021"": 2, ""2022"": 3, ""2024"": 2, ""2025"": 2, ""2026"": 2}","{""2017"": 0.006173, ""2018"": 0.005277, ""2019"": 0.001698, ""2020"": 0.004594, ""2021"": 0.002677, ""2022"": 0.00468, ""2024"": 0.004598, ""2025"": 0.003656, ""2026"": 0.024691}",0.006449,0.00110868,Sigma-Aldrich,15212–012,11
chemically defined lipid concentrate,10,"2021,2022,2023,2024,2025,2026","{""2021"": 1, ""2022"": 2, ""2023"": 1, ""2024"": 1, ""2025"": 3, ""2026"": 2}","{""2021"": 0.001339, ""2022"": 0.00312, ""2023"": 0.001742, ""2024"": 0.002299, ""2025"": 0.005484, ""2026"": 0.024691}",0.006446,0.00355466,Thermo Fisher Scientific,Cat# 11905031,2
"1,4-dithiothreitol (dtt)",7,"2020,2021,2022,2023,2026","{""2020"": 1, ""2021"": 2, ""2022"": 1, ""2023"": 1, ""2026"": 2}","{""2020"": 0.001531, ""2021"": 0.002677, ""2022"": 0.00156, ""2023"": 0.001742, ""2026"": 0.024691}",0.00644,0.00386257,Sigma-Aldrich,Cat#10197777001,5
neurobasal,23,"2017,2018,2019,2021,2022,2023,2024,2025","{""2017"": 2, ""2018"": 1, ""2019"": 6, ""2021"": 1, ""2022"": 4, ""2023"": 1, ""2024"": 5, ""2025"": 3}","{""2017"": 0.012346, ""2018"": 0.002639, ""2019"": 0.010187, ""2021"": 0.001339, ""2022"": 0.00624, ""2023"": 0.001742, ""2024"": 0.011494, ""2025"": 0.005484}",0.006434,-0.00030506,Thermo Fisher Scientific,21103049,7
phosphatase inhibitor cocktail 2,32,"2017,2018,2019,2020,2021,2022,2023,2024,2025","{""2017"": 1, ""2018"": 1, ""2019"": 4, ""2020"": 5, ""2021"": 11, ""2022"": 1, ""2023"": 1, ""2024"": 4, ""2025"": 4}","{""2017"": 0.006173, ""2018"": 0.002639, ""2019"": 0.006791, ""2020"": 0.007657, ""2021"": 0.014726, ""2022"": 0.00156, ""2023"": 0.001742, ""2024"": 0.009195, ""2025"": 0.007313}",0.006422,0.00013391,Sigma-Aldrich,Cat# P5726,2
dpnii,11,"2017,2018,2019,2021,2025","{""2017"": 3, ""2018"": 1, ""2019"": 3, ""2021"": 3, ""2025"": 1}","{""2017"": 0.018519, ""2018"": 0.002639, ""2019"": 0.005093, ""2021"": 0.004016, ""2025"": 0.001828}",0.006419,-0.00131923,NEB,Cat#R0543L,5
collagenase type ii,23,"2018,2019,2020,2021,2023,2024,2025,2026","{""2018"": 1, ""2019"": 2, ""2020"": 3, ""2021"": 3, ""2023"": 4, ""2024"": 2, ""2025"": 7, ""2026"": 1}","{""2018"": 0.002639, ""2019"": 0.003396, ""2020"": 0.004594, ""2021"": 0.004016, ""2023"": 0.006969, ""2024"": 0.004598, ""2025"": 0.012797, ""2026"": 0.012346}",0.006419,0.00116655,Worthington,17101015,10
taqman gene expression master mix,7,"2017,2020,2021,2026","{""2017"": 1, ""2020"": 2, ""2021"": 3, ""2026"": 1}","{""2017"": 0.006173, ""2020"": 0.003063, ""2021"": 0.004016, ""2026"": 0.012346}",0.006399,0.00080891,Applied Biosystems,Cat#4369016,4
penicilin/streptomycin,6,"2020,2022,2024,2025,2026","{""2020"": 1, ""2022"": 1, ""2024"": 1, ""2025"": 1, ""2026"": 2}","{""2020"": 0.001531, ""2022"": 0.00156, ""2024"": 0.002299, ""2025"": 0.001828, ""2026"": 0.024691}",0.006382,0.0026341,Lonza,09-757F,3
superase-in rnase inhibitor,14,"2020,2023,2024,2025","{""2020"": 2, ""2023"": 5, ""2024"": 2, ""2025"": 5}","{""2020"": 0.003063, ""2023"": 0.008711, ""2024"": 0.004598, ""2025"": 0.009141}",0.006378,0.00097792,Invitrogen,AM2696,3
mgso4,10,"2017,2021,2022","{""2017"": 1, ""2021"": 5, ""2022"": 4}","{""2017"": 0.006173, ""2021"": 0.006693, ""2022"": 0.00624}",0.006369,4.682e-05,Sigma-Aldrich,Cat#746452,3
oligomycin a,28,"2017,2018,2019,2020,2021,2022,2023,2024,2025","{""2017"": 1, ""2018"": 5, ""2019"": 4, ""2020"": 3, ""2021"": 5, ""2022"": 1, ""2023"": 1, ""2024"": 4, ""2025"": 4}","{""2017"": 0.006173, ""2018"": 0.013193, ""2019"": 0.006791, ""2020"": 0.004594, ""2021"": 0.006693, ""2022"": 0.00156, ""2023"": 0.001742, ""2024"": 0.009195, ""2025"": 0.007313}",0.006362,-0.00034274,Sigma-Aldrich,75351,12
his-tagged human ace2,9,"2021,2022","{""2021"": 6, ""2022"": 3}","{""2021"": 0.008032, ""2022"": 0.00468}",0.006356,,This paper,,4
sars-cov-2 rbd protein,9,"2021,2022","{""2021"": 6, ""2022"": 3}","{""2021"": 0.008032, ""2022"": 0.00468}",0.006356,,Expressed for this paper,Cat# RP-87678,9
10% neutral buffered formalin,17,"2018,2020,2021,2022,2023,2024,2025,2026","{""2018"": 1, ""2020"": 2, ""2021"": 4, ""2022"": 2, ""2023"": 1, ""2024"": 2, ""2025"": 3, ""2026"": 2}","{""2018"": 0.002639, ""2020"": 0.003063, ""2021"": 0.005355, ""2022"": 0.00312, ""2023"": 0.001742, ""2024"": 0.004598, ""2025"": 0.005484, ""2026"": 0.024691}",0.006336,0.00170652,Sigma-Aldrich,catalog no. HT501128,11
phenylmethylsulfonyl fluoride (pmsf),20,"2018,2019,2020,2021,2022,2023,2024,2025,2026","{""2018"": 2, ""2019"": 1, ""2020"": 3, ""2021"": 2, ""2022"": 3, ""2023"": 4, ""2024"": 2, ""2025"": 1, ""2026"": 2}","{""2018"": 0.005277, ""2019"": 0.001698, ""2020"": 0.004594, ""2021"": 0.002677, ""2022"": 0.00468, ""2023"": 0.006969, ""2024"": 0.004598, ""2025"": 0.001828, ""2026"": 0.024691}",0.006335,0.00137244,Sigma-Aldrich,Cat# P7626,14
bfgf,27,"2017,2018,2019,2020,2021,2022,2023,2024,2025,2026","{""2017"": 1, ""2018"": 2, ""2019"": 3, ""2020"": 3, ""2021"": 3, ""2022"": 3, ""2023"": 5, ""2024"": 3, ""2025"": 3, ""2026"": 1}","{""2017"": 0.006173, ""2018"": 0.005277, ""2019"": 0.005093, ""2020"": 0.004594, ""2021"": 0.004016, ""2022"": 0.00468, ""2023"": 0.008711, ""2024"": 0.006897, ""2025"": 0.005484, ""2026"": 0.012346}",0.006327,0.00047901,R&D,Cat# 100-18B,17
polyethylenimine,31,"2018,2019,2020,2021,2022,2023,2024,2025","{""2018"": 1, ""2019"": 6, ""2020"": 5, ""2021"": 7, ""2022"": 8, ""2023"": 1, ""2024"": 2, ""2025"": 1}","{""2018"": 0.002639, ""2019"": 0.010187, ""2020"": 0.007657, ""2021"": 0.009371, ""2022"": 0.01248, ""2023"": 0.001742, ""2024"": 0.004598, ""2025"": 0.001828}",0.006313,-0.00057444,Polysciences,Cat# 23966,15
capsaicin,13,"2018,2019,2020,2022,2023,2024,2026","{""2018"": 1, ""2019"": 3, ""2020"": 4, ""2022"": 1, ""2023"": 1, ""2024"": 1, ""2026"": 2}","{""2018"": 0.002639, ""2019"": 0.005093, ""2020"": 0.006126, ""2022"": 0.00156, ""2023"": 0.001742, ""2024"": 0.002299, ""2026"": 0.024691}",0.006307,0.0016111,Sigma-Aldrich,M2028,2
ubiquitin,14,"2017,2018,2020,2021,2023","{""2017"": 2, ""2018"": 1, ""2020"": 3, ""2021"": 5, ""2023"": 3}","{""2017"": 0.012346, ""2018"": 0.002639, ""2020"": 0.004594, ""2021"": 0.006693, ""2023"": 0.005226}",0.0063,-0.00059831,R&D Systems,Cat#U-100H-10M,11
phosphatase inhibitor,13,"2017,2020,2021,2024,2025,2026","{""2017"": 1, ""2020"": 1, ""2021"": 4, ""2024"": 3, ""2025"": 3, ""2026"": 1}","{""2017"": 0.006173, ""2020"": 0.001531, ""2021"": 0.005355, ""2024"": 0.006897, ""2025"": 0.005484, ""2026"": 0.012346}",0.006298,0.00057875,Roche,Cat# A32957,12
peg-8000,9,"2018,2019,2020,2022,2025,2026","{""2018"": 1, ""2019"": 1, ""2020"": 1, ""2022"": 1, ""2025"": 3, ""2026"": 2}","{""2018"": 0.002639, ""2019"": 0.001698, ""2020"": 0.001531, ""2022"": 0.00156, ""2025"": 0.005484, ""2026"": 0.024691}",0.006267,0.00204456,Sigma Aldrich,89510,6
scf,13,"2019,2021,2022,2023,2024,2025,2026","{""2019"": 4, ""2021"": 1, ""2022"": 1, ""2023"": 2, ""2024"": 1, ""2025"": 2, ""2026"": 2}","{""2019"": 0.006791, ""2021"": 0.001339, ""2022"": 0.00156, ""2023"": 0.003484, ""2024"": 0.002299, ""2025"": 0.003656, ""2026"": 0.024691}",0.00626,0.00167953,R&D Systems,PHC2111,11
recombinant murine scf,19,"2017,2018,2020,2021,2023,2024,2025","{""2017"": 2, ""2018"": 2, ""2020"": 2, ""2021"": 4, ""2023"": 2, ""2024"": 3, ""2025"": 4}","{""2017"": 0.012346, ""2018"": 0.005277, ""2020"": 0.003063, ""2021"": 0.005355, ""2023"": 0.003484, ""2024"": 0.006897, ""2025"": 0.007313}",0.006248,-0.00032112,Peprotech,250–03,2
l-alanine,9,"2018,2021,2022,2024,2025,2026","{""2018"": 1, ""2021"": 1, ""2022"": 3, ""2024"": 1, ""2025"": 1, ""2026"": 2}","{""2018"": 0.002639, ""2021"": 0.001339, ""2022"": 0.00468, ""2024"": 0.002299, ""2025"": 0.001828, ""2026"": 0.024691}",0.006246,0.00166087,Sigma-Aldrich,Cat#A7469,3
lysotracker red dnd-99,13,"2017,2018,2019,2022,2023,2025,2026","{""2017"": 2, ""2018"": 2, ""2019"": 1, ""2022"": 2, ""2023"": 3, ""2025"": 2, ""2026"": 1}","{""2017"": 0.012346, ""2018"": 0.005277, ""2019"": 0.001698, ""2022"": 0.00312, ""2023"": 0.005226, ""2025"": 0.003656, ""2026"": 0.012346}",0.006238,3.53e-05,Invitrogen,L7528,2
ripa lysis and extraction buffer,23,"2019,2020,2021,2022,2023,2025","{""2019"": 3, ""2020"": 3, ""2021"": 4, ""2022"": 4, ""2023"": 4, ""2025"": 5}","{""2019"": 0.005093, ""2020"": 0.004594, ""2021"": 0.005355, ""2022"": 0.00624, ""2023"": 0.006969, ""2025"": 0.009141}",0.006232,0.00072993,Thermo Fisher Scientific,Cat#89900,5
pen/strep,25,"2018,2019,2021,2022,2023,2024,2025","{""2018"": 2, ""2019"": 1, ""2021"": 6, ""2022"": 4, ""2023"": 6, ""2024"": 2, ""2025"": 4}","{""2018"": 0.005277, ""2019"": 0.001698, ""2021"": 0.008032, ""2022"": 0.00624, ""2023"": 0.010453, ""2024"": 0.004598, ""2025"": 0.007313}",0.00623,0.0005025,Gibco,Cat# 15140163,11
prolong glass antifade mountant,15,"2021,2022,2023,2024,2025,2026","{""2021"": 2, ""2022"": 1, ""2023"": 3, ""2024"": 2, ""2025"": 6, ""2026"": 1}","{""2021"": 0.002677, ""2022"": 0.00156, ""2023"": 0.005226, ""2024"": 0.004598, ""2025"": 0.010969, ""2026"": 0.012346}",0.006229,0.00216969,Thermo Fisher Scientific,Cat# P36980,5
ldn193189,23,"2019,2020,2021,2022,2023,2024,2025,2026","{""2019"": 2, ""2020"": 4, ""2021"": 2, ""2022"": 4, ""2023"": 4, ""2024"": 2, ""2025"": 4, ""2026"": 1}","{""2019"": 0.003396, ""2020"": 0.006126, ""2021"": 0.002677, ""2022"": 0.00624, ""2023"": 0.006969, ""2024"": 0.004598, ""2025"": 0.007313, ""2026"": 0.012346}",0.006208,0.00089375,Sigma-Aldrich,SML0559,12
ionomycin calcium salt,22,"2019,2020,2021,2023,2024,2025","{""2019"": 5, ""2020"": 2, ""2021"": 5, ""2023"": 3, ""2024"": 2, ""2025"": 5}","{""2019"": 0.008489, ""2020"": 0.003063, ""2021"": 0.006693, ""2023"": 0.005226, ""2024"": 0.004598, ""2025"": 0.009141}",0.006202,0.00012708,Sigma-Aldrich,Cat# I0634,7
carbonyl cyanide 3-chlorophenylhydrazone (cccp),8,"2018,2021,2022,2026","{""2018"": 2, ""2021"": 3, ""2022"": 2, ""2026"": 1}","{""2018"": 0.005277, ""2021"": 0.004016, ""2022"": 0.00312, ""2026"": 0.012346}",0.00619,0.00092972,Sigma-Aldrich,Cat#C2759,3
m-csf,17,"2017,2019,2020,2021,2022,2023,2024,2025,2026","{""2017"": 1, ""2019"": 2, ""2020"": 3, ""2021"": 1, ""2022"": 1, ""2023"": 3, ""2024"": 3, ""2025"": 1, ""2026"": 2}","{""2017"": 0.006173, ""2019"": 0.003396, ""2020"": 0.004594, ""2021"": 0.001339, ""2022"": 0.00156, ""2023"": 0.005226, ""2024"": 0.006897, ""2025"": 0.001828, ""2026"": 0.024691}",0.006189,0.00113053,PeproTech,Cat#315-02,8
phosstop phosphatase inhibitor,19,"2018,2020,2021,2023,2024,2025,2026","{""2018"": 1, ""2020"": 7, ""2021"": 2, ""2023"": 2, ""2024"": 1, ""2025"": 5, ""2026"": 1}","{""2018"": 0.002639, ""2020"": 0.01072, ""2021"": 0.002677, ""2023"": 0.003484, ""2024"": 0.002299, ""2025"": 0.009141, ""2026"": 0.012346}",0.006186,0.00063677,Roche,Cat# 4906837001,10
superscript ii reverse transcriptase,23,"2019,2020,2021,2022,2024,2025","{""2019"": 5, ""2020"": 7, ""2021"": 5, ""2022"": 3, ""2024"": 2, ""2025"": 1}","{""2019"": 0.008489, ""2020"": 0.01072, ""2021"": 0.006693, ""2022"": 0.00468, ""2024"": 0.004598, ""2025"": 0.001828}",0.006168,-0.00122057,Invitrogen,Cat#18064014,4
amphotericin b,26,"2019,2020,2021,2022,2023,2024,2025","{""2019"": 2, ""2020"": 7, ""2021"": 2, ""2022"": 6, ""2023"": 6, ""2024"": 2, ""2025"": 1}","{""2019"": 0.003396, ""2020"": 0.01072, ""2021"": 0.002677, ""2022"": 0.00936, ""2023"": 0.010453, ""2024"": 0.004598, ""2025"": 0.001828}",0.006147,-0.00032753,Sigma-Aldrich,A2942,12
l-ascorbic acid 2-phosphate,8,"2017,2023,2024,2025,2026","{""2017"": 1, ""2023"": 2, ""2024"": 3, ""2025"": 1, ""2026"": 1}","{""2017"": 0.006173, ""2023"": 0.003484, ""2024"": 0.006897, ""2025"": 0.001828, ""2026"": 0.012346}",0.006146,0.00021106,Sigma,Cat# A8960,3
sodium fluoride,26,"2017,2018,2019,2020,2021,2022,2023,2024,2025","{""2017"": 2, ""2018"": 3, ""2019"": 3, ""2020"": 5, ""2021"": 5, ""2022"": 1, ""2023"": 2, ""2024"": 3, ""2025"": 2}","{""2017"": 0.012346, ""2018"": 0.007916, ""2019"": 0.005093, ""2020"": 0.007657, ""2021"": 0.006693, ""2022"": 0.00156, ""2023"": 0.003484, ""2024"": 0.006897, ""2025"": 0.003656}",0.006145,-0.00078549,Sigma-Aldrich,S7920,13
lymphoprep,28,"2017,2018,2019,2020,2021,2022,2023,2024,2025","{""2017"": 1, ""2018"": 5, ""2019"": 2, ""2020"": 4, ""2021"": 6, ""2022"": 2, ""2023"": 4, ""2024"": 2, ""2025"": 2}","{""2017"": 0.006173, ""2018"": 0.013193, ""2019"": 0.003396, ""2020"": 0.006126, ""2021"": 0.008032, ""2022"": 0.00312, ""2023"": 0.006969, ""2024"": 0.004598, ""2025"": 0.003656}",0.00614,-0.0005285,STEMCELL Technologies,Cat#07801,22
phosphatase inhibitor cocktail,16,"2017,2018,2019,2020,2021,2022,2024,2025,2026","{""2017"": 1, ""2018"": 2, ""2019"": 3, ""2020"": 1, ""2021"": 1, ""2022"": 3, ""2024"": 2, ""2025"": 1, ""2026"": 2}","{""2017"": 0.006173, ""2018"": 0.005277, ""2019"": 0.005093, ""2020"": 0.001531, ""2021"": 0.001339, ""2022"": 0.00468, ""2024"": 0.004598, ""2025"": 0.001828, ""2026"": 0.024691}",0.006135,0.00098248,Sigma-Aldrich,Cat# 78420,13
exonuclease i,27,"2017,2018,2020,2021,2022,2023,2024,2025","{""2017"": 1, ""2018"": 1, ""2020"": 7, ""2021"": 5, ""2022"": 4, ""2023"": 5, ""2024"": 1, ""2025"": 3}","{""2017"": 0.006173, ""2018"": 0.002639, ""2020"": 0.01072, ""2021"": 0.006693, ""2022"": 0.00624, ""2023"": 0.008711, ""2024"": 0.002299, ""2025"": 0.005484}",0.00612,-5.532e-05,NEB,Cat# M0293S,9
pma (phorbol 12-myristate 13-acetate),11,"2019,2022,2023","{""2019"": 3, ""2022"": 4, ""2023"": 4}","{""2019"": 0.005093, ""2022"": 0.00624, ""2023"": 0.006969}",0.006101,0.00044885,Sigma-Aldrich,P8139,2
phosphatase inhibitor cocktail 3,27,"2017,2019,2020,2021,2022,2023,2024,2025","{""2017"": 1, ""2019"": 3, ""2020"": 4, ""2021"": 9, ""2022"": 1, ""2023"": 1, ""2024"": 3, ""2025"": 5}","{""2017"": 0.006173, ""2019"": 0.005093, ""2020"": 0.006126, ""2021"": 0.012048, ""2022"": 0.00156, ""2023"": 0.001742, ""2024"": 0.006897, ""2025"": 0.009141}",0.006097,6.017e-05,Sigma-Aldrich,Cat# P0044,2
intracellular staining permeabilization wash buffer,8,"2019,2022,2025,2026","{""2019"": 2, ""2022"": 2, ""2025"": 3, ""2026"": 1}","{""2019"": 0.003396, ""2022"": 0.00312, ""2025"": 0.005484, ""2026"": 0.012346}",0.006086,0.00104345,Biolegend,Cat#421002,1
trizol ls,24,"2018,2019,2020,2021,2022,2024,2025","{""2018"": 2, ""2019"": 4, ""2020"": 5, ""2021"": 4, ""2022"": 2, ""2024"": 3, ""2025"": 4}","{""2018"": 0.005277, ""2019"": 0.006791, ""2020"": 0.007657, ""2021"": 0.005355, ""2022"": 0.00312, ""2024"": 0.006897, ""2025"": 0.007313}",0.006058,9.822e-05,Invitrogen,Cat# 10296028,9
red blood cell lysis buffer,22,"2017,2019,2020,2021,2023,2024,2025","{""2017"": 1, ""2019"": 4, ""2020"": 2, ""2021"": 4, ""2023"": 6, ""2024"": 3, ""2025"": 2}","{""2017"": 0.006173, ""2019"": 0.006791, ""2020"": 0.003063, ""2021"": 0.005355, ""2023"": 0.010453, ""2024"": 0.006897, ""2025"": 0.003656}",0.006055,5.611e-05,Roche,Cat#11814389001,15
liberase tl,25,"2017,2018,2019,2020,2021,2022,2023,2024,2025","{""2017"": 2, ""2018"": 2, ""2019"": 3, ""2020"": 3, ""2021"": 3, ""2022"": 1, ""2023"": 5, ""2024"": 4, ""2025"": 2}","{""2017"": 0.012346, ""2018"": 0.005277, ""2019"": 0.005093, ""2020"": 0.004594, ""2021"": 0.004016, ""2022"": 0.00156, ""2023"": 0.008711, ""2024"": 0.009195, ""2025"": 0.003656}",0.00605,-0.00031336,Roche,Cat#5401020001,7
phorbol 12-myristate 13-acetate,26,"2017,2018,2019,2020,2021,2022,2023,2025","{""2017"": 1, ""2018"": 1, ""2019"": 5, ""2020"": 4, ""2021"": 2, ""2022"": 5, ""2023"": 3, ""2025"": 5}","{""2017"": 0.006173, ""2018"": 0.002639, ""2019"": 0.008489, ""2020"": 0.006126, ""2021"": 0.002677, ""2022"": 0.0078, ""2023"": 0.005226, ""2025"": 0.009141}",0.006034,0.00034501,Sigma-Aldrich,Cat# P8139,5
ddm,5,"2020,2021,2026","{""2020"": 2, ""2021"": 2, ""2026"": 1}","{""2020"": 0.003063, ""2021"": 0.002677, ""2026"": 0.012346}",0.006029,0.00167183,Anatrace,Cat#D310,4
il-6,17,"2018,2019,2020,2021,2024,2025,2026","{""2018"": 1, ""2019"": 1, ""2020"": 2, ""2021"": 2, ""2024"": 3, ""2025"": 7, ""2026"": 1}","{""2018"": 0.002639, ""2019"": 0.001698, ""2020"": 0.003063, ""2021"": 0.002677, ""2024"": 0.006897, ""2025"": 0.012797, ""2026"": 0.012346}",0.006017,0.00141246,Peprotech,Cat# 200-06,10
zombie nir fixable viability kit,8,"2019,2021,2025,2026","{""2019"": 1, ""2021"": 2, ""2025"": 4, ""2026"": 1}","{""2019"": 0.001698, ""2021"": 0.002677, ""2025"": 0.007313, ""2026"": 0.012346}",0.006008,0.00139007,BioLegend,423106,3
etomoxir,26,"2018,2019,2020,2021,2022,2023,2024,2025,2026","{""2018"": 2, ""2019"": 4, ""2020"": 3, ""2021"": 8, ""2022"": 2, ""2023"": 3, ""2024"": 1, ""2025"": 2, ""2026"": 1}","{""2018"": 0.005277, ""2019"": 0.006791, ""2020"": 0.004594, ""2021"": 0.01071, ""2022"": 0.00312, ""2023"": 0.005226, ""2024"": 0.002299, ""2025"": 0.003656, ""2026"": 0.012346}",0.006002,0.0001466,Sigma-Aldrich,Cat#E1905,10
propidium iodide (pi),20,"2017,2019,2020,2021,2022,2023,2024,2025","{""2017"": 3, ""2019"": 3, ""2020"": 1, ""2021"": 3, ""2022"": 2, ""2023"": 4, ""2024"": 3, ""2025"": 1}","{""2017"": 0.018519, ""2019"": 0.005093, ""2020"": 0.001531, ""2021"": 0.004016, ""2022"": 0.00312, ""2023"": 0.006969, ""2024"": 0.006897, ""2025"": 0.001828}",0.005997,-0.00117739,Sigma-Aldrich,P3566,11
dmem medium,27,"2018,2019,2020,2021,2022,2023,2024,2025","{""2018"": 1, ""2019"": 3, ""2020"": 4, ""2021"": 4, ""2022"": 3, ""2023"": 3, ""2024"": 5, ""2025"": 4}","{""2018"": 0.002639, ""2019"": 0.005093, ""2020"": 0.006126, ""2021"": 0.005355, ""2022"": 0.00468, ""2023"": 0.005226, ""2024"": 0.011494, ""2025"": 0.007313}",0.005991,0.00073037,Gibco,11965092,20
sodium dodecyl sulfate,21,"2019,2020,2021,2022,2023,2024,2025,2026","{""2019"": 3, ""2020"": 1, ""2021"": 3, ""2022"": 1, ""2023"": 6, ""2024"": 4, ""2025"": 2, ""2026"": 1}","{""2019"": 0.005093, ""2020"": 0.001531, ""2021"": 0.004016, ""2022"": 0.00156, ""2023"": 0.010453, ""2024"": 0.009195, ""2025"": 0.003656, ""2026"": 0.012346}",0.005981,0.00102169,Sigma-Aldrich,Cat#L3771,15
m2 medium,13,"2017,2019,2020,2024,2025","{""2017"": 1, ""2019"": 2, ""2020"": 1, ""2024"": 5, ""2025"": 4}","{""2017"": 0.006173, ""2019"": 0.003396, ""2020"": 0.001531, ""2024"": 0.011494, ""2025"": 0.007313}",0.005981,0.00066781,Sigma-Aldrich,Cat#M7167,4
o.c.t compound,5,"2017,2023,2025,2026","{""2017"": 1, ""2023"": 1, ""2025"": 2, ""2026"": 1}","{""2017"": 0.006173, ""2023"": 0.001742, ""2025"": 0.003656, ""2026"": 0.012346}",0.005979,0.00027265,Thermo Fisher Scientific,Cat #: 4583,4
nupage lds sample buffer (4x),21,"2019,2020,2021,2022,2023,2024,2025,2026","{""2019"": 3, ""2020"": 1, ""2021"": 2, ""2022"": 2, ""2023"": 4, ""2024"": 3, ""2025"": 5, ""2026"": 1}","{""2019"": 0.005093, ""2020"": 0.001531, ""2021"": 0.002677, ""2022"": 0.00312, ""2023"": 0.006969, ""2024"": 0.006897, ""2025"": 0.009141, ""2026"": 0.012346}",0.005972,0.0012538,Invitrogen,NP0007,5
tunicamycin,21,"2017,2018,2019,2020,2022,2023,2024,2025","{""2017"": 2, ""2018"": 2, ""2019"": 2, ""2020"": 4, ""2022"": 2, ""2023"": 3, ""2024"": 2, ""2025"": 4}","{""2017"": 0.012346, ""2018"": 0.005277, ""2019"": 0.003396, ""2020"": 0.006126, ""2022"": 0.00312, ""2023"": 0.005226, ""2024"": 0.004598, ""2025"": 0.007313}",0.005925,-0.00035857,Sigma-Aldrich,Cat# T7765,10
recombinant human il-6,16,"2017,2018,2020,2021,2023,2025","{""2017"": 2, ""2018"": 2, ""2020"": 5, ""2021"": 5, ""2023"": 1, ""2025"": 1}","{""2017"": 0.012346, ""2018"": 0.005277, ""2020"": 0.007657, ""2021"": 0.006693, ""2023"": 0.001742, ""2025"": 0.001828}",0.005924,-0.00110793,Peprotech,Cat# 200-06,8
rnaseout,23,"2019,2020,2021,2022,2023,2024,2025,2026","{""2019"": 2, ""2020"": 6, ""2021"": 6, ""2022"": 2, ""2023"": 2, ""2024"": 1, ""2025"": 3, ""2026"": 1}","{""2019"": 0.003396, ""2020"": 0.009188, ""2021"": 0.008032, ""2022"": 0.00312, ""2023"": 0.003484, ""2024"": 0.002299, ""2025"": 0.005484, ""2026"": 0.012346}",0.005919,0.00032495,Thermo Fisher Scientific,Cat#10777019,4
progesterone,25,"2019,2020,2021,2022,2023,2024,2025","{""2019"": 2, ""2020"": 3, ""2021"": 4, ""2022"": 7, ""2023"": 3, ""2024"": 2, ""2025"": 4}","{""2019"": 0.003396, ""2020"": 0.004594, ""2021"": 0.005355, ""2022"": 0.01092, ""2023"": 0.005226, ""2024"": 0.004598, ""2025"": 0.007313}",0.005915,0.00041535,Sigma,Cat#P8783,9
"trypsin gold, mass spectrometry grade",5,"2017,2023,2025","{""2017"": 2, ""2023"": 2, ""2025"": 1}","{""2017"": 0.012346, ""2023"": 0.003484, ""2025"": 0.001828}",0.005886,-0.00135212,Promega,Cat# V5280,2
neomycin,19,"2018,2019,2020,2022,2023,2024,2025,2026","{""2018"": 1, ""2019"": 2, ""2020"": 1, ""2022"": 1, ""2023"": 3, ""2024"": 4, ""2025"": 6, ""2026"": 1}","{""2018"": 0.002639, ""2019"": 0.003396, ""2020"": 0.001531, ""2022"": 0.00156, ""2023"": 0.005226, ""2024"": 0.009195, ""2025"": 0.010969, ""2026"": 0.012346}",0.005858,0.00129504,Sigma-Aldrich,Catalog# N6386,14
5-ethynyl-2′-deoxyuridine (edu),14,"2018,2021,2022,2023,2025,2026","{""2018"": 2, ""2021"": 3, ""2022"": 4, ""2023"": 1, ""2025"": 3, ""2026"": 1}","{""2018"": 0.005277, ""2021"": 0.004016, ""2022"": 0.00624, ""2023"": 0.001742, ""2025"": 0.005484, ""2026"": 0.012346}",0.005851,0.00060003,Invitrogen,A10044,10
high-capacity cdna reverse transcription kit,13,"2017,2018,2022,2023,2024,2025,2026","{""2017"": 1, ""2018"": 1, ""2022"": 1, ""2023"": 2, ""2024"": 4, ""2025"": 3, ""2026"": 1}","{""2017"": 0.006173, ""2018"": 0.002639, ""2022"": 0.00156, ""2023"": 0.003484, ""2024"": 0.009195, ""2025"": 0.005484, ""2026"": 0.012346}",0.00584,0.00057091,Thermo Fisher Scientific,Cat# 4368814,7
sybr green,21,"2018,2019,2020,2021,2023,2025","{""2018"": 2, ""2019"": 3, ""2020"": 5, ""2021"": 6, ""2023"": 2, ""2025"": 3}","{""2018"": 0.005277, ""2019"": 0.005093, ""2020"": 0.007657, ""2021"": 0.008032, ""2023"": 0.003484, ""2025"": 0.005484}",0.005838,-0.00014025,Invitrogen,Cat#4368708,14
guanosine,7,"2019,2022,2024,2026","{""2019"": 1, ""2022"": 3, ""2024"": 2, ""2026"": 1}","{""2019"": 0.001698, ""2022"": 0.00468, ""2024"": 0.004598, ""2026"": 0.012346}",0.00583,0.00134556,Sigma-Aldrich,Cat# G6752,3
glycogen,26,"2018,2019,2020,2021,2022,2023,2024,2025","{""2018"": 1, ""2019"": 3, ""2020"": 4, ""2021"": 4, ""2022"": 1, ""2023"": 3, ""2024"": 5, ""2025"": 5}","{""2018"": 0.002639, ""2019"": 0.005093, ""2020"": 0.006126, ""2021"": 0.005355, ""2022"": 0.00156, ""2023"": 0.005226, ""2024"": 0.011494, ""2025"": 0.009141}",0.005829,0.00084557,Roche,Cat# 10901393001,10
fgf2,26,"2017,2018,2019,2020,2021,2022,2023,2024,2025,2026","{""2017"": 1, ""2018"": 1, ""2019"": 2, ""2020"": 7, ""2021"": 4, ""2022"": 3, ""2023"": 4, ""2024"": 1, ""2025"": 2, ""2026"": 1}","{""2017"": 0.006173, ""2018"": 0.002639, ""2019"": 0.003396, ""2020"": 0.01072, ""2021"": 0.005355, ""2022"": 0.00468, ""2023"": 0.006969, ""2024"": 0.002299, ""2025"": 0.003656, ""2026"": 0.012346}",0.005823,0.00027435,Peprotech,100-18B,16
doxorubicin,22,"2017,2018,2019,2020,2021,2022,2023,2025","{""2017"": 2, ""2018"": 2, ""2019"": 6, ""2020"": 2, ""2021"": 3, ""2022"": 4, ""2023"": 1, ""2025"": 2}","{""2017"": 0.012346, ""2018"": 0.005277, ""2019"": 0.010187, ""2020"": 0.003063, ""2021"": 0.004016, ""2022"": 0.00624, ""2023"": 0.001742, ""2025"": 0.003656}",0.005816,-0.0009394,Sigma-Aldrich,Cat# D1515,10
ammonium acetate,22,"2018,2019,2020,2022,2023,2024,2025","{""2018"": 3, ""2019"": 4, ""2020"": 5, ""2022"": 2, ""2023"": 4, ""2024"": 2, ""2025"": 2}","{""2018"": 0.007916, ""2019"": 0.006791, ""2020"": 0.007657, ""2022"": 0.00312, ""2023"": 0.006969, ""2024"": 0.004598, ""2025"": 0.003656}",0.005815,-0.00054588,Sigma-Aldrich,Cat# 533004,16
a83-01,27,"2018,2019,2020,2021,2022,2023,2024,2025","{""2018"": 2, ""2019"": 3, ""2020"": 3, ""2021"": 5, ""2022"": 5, ""2023"": 4, ""2024"": 2, ""2025"": 3}","{""2018"": 0.005277, ""2019"": 0.005093, ""2020"": 0.004594, ""2021"": 0.006693, ""2022"": 0.0078, ""2023"": 0.006969, ""2024"": 0.004598, ""2025"": 0.005484}",0.005814,8.576e-05,Tocris,Cat#2939,8
polybrene infection/transfection reagent,13,"2021,2022,2023,2024,2025,2026","{""2021"": 1, ""2022"": 1, ""2023"": 1, ""2024"": 3, ""2025"": 6, ""2026"": 1}","{""2021"": 0.001339, ""2022"": 0.00156, ""2023"": 0.001742, ""2024"": 0.006897, ""2025"": 0.010969, ""2026"": 0.012346}",0.005809,0.00252617,Sigma-Aldrich,TR-1003-G,3
d-luciferin,27,"2017,2018,2019,2020,2021,2022,2023,2024,2025","{""2017"": 1, ""2018"": 3, ""2019"": 2, ""2020"": 1, ""2021"": 5, ""2022"": 5, ""2023"": 2, ""2024"": 1, ""2025"": 7}","{""2017"": 0.006173, ""2018"": 0.007916, ""2019"": 0.003396, ""2020"": 0.001531, ""2021"": 0.006693, ""2022"": 0.0078, ""2023"": 0.003484, ""2024"": 0.002299, ""2025"": 0.012797}",0.005788,0.00026822,Goldbio,Cat# 122799,18
glutathione sepharose 4b,22,"2017,2018,2019,2020,2021,2022,2023,2024","{""2017"": 1, ""2018"": 5, ""2019"": 7, ""2020"": 3, ""2021"": 1, ""2022"": 1, ""2023"": 3, ""2024"": 1}","{""2017"": 0.006173, ""2018"": 0.013193, ""2019"": 0.011885, ""2020"": 0.004594, ""2021"": 0.001339, ""2022"": 0.00156, ""2023"": 0.005226, ""2024"": 0.002299}",0.005784,-0.00120449,GE Healthcare,Cat# 17-0756-01,8
l-glutamine–penicillin–streptomycin solution,12,"2021,2022,2023","{""2021"": 7, ""2022"": 4, ""2023"": 1}","{""2021"": 0.009371, ""2022"": 0.00624, ""2023"": 0.001742}",0.005784,-0.00381433,Sigma-Aldrich,Cat#G1146,1
mem non-essential amino acids,26,"2018,2019,2020,2021,2022,2023,2024,2025","{""2018"": 2, ""2019"": 2, ""2020"": 3, ""2021"": 3, ""2022"": 3, ""2023"": 5, ""2024"": 2, ""2025"": 6}","{""2018"": 0.005277, ""2019"": 0.003396, ""2020"": 0.004594, ""2021"": 0.004016, ""2022"": 0.00468, ""2023"": 0.008711, ""2024"": 0.004598, ""2025"": 0.010969}",0.00578,0.00070081,Thermo Fisher Scientific,11140-050,7
sunflower seed oil,8,"2019,2020,2021,2022,2024,2026","{""2019"": 1, ""2020"": 1, ""2021"": 1, ""2022"": 2, ""2024"": 1, ""2026"": 2}","{""2019"": 0.001698, ""2020"": 0.001531, ""2021"": 0.001339, ""2022"": 0.00312, ""2024"": 0.002299, ""2026"": 0.024691}",0.00578,0.00276083,Sigma-Aldrich,Cat#S5007,5
tetrodotoxin citrate,27,"2017,2018,2019,2020,2021,2022,2023,2024,2025","{""2017"": 1, ""2018"": 2, ""2019"": 3, ""2020"": 5, ""2021"": 3, ""2022"": 4, ""2023"": 4, ""2024"": 3, ""2025"": 2}","{""2017"": 0.006173, ""2018"": 0.005277, ""2019"": 0.005093, ""2020"": 0.007657, ""2021"": 0.004016, ""2022"": 0.00624, ""2023"": 0.006969, ""2024"": 0.006897, ""2025"": 0.003656}",0.005775,-4.79e-05,Tocris,Cat# 1069,7
vectashield antifade mounting medium with dapi,19,"2017,2018,2019,2020,2021,2023,2024,2025,2026","{""2017"": 1, ""2018"": 4, ""2019"": 2, ""2020"": 2, ""2021"": 2, ""2023"": 1, ""2024"": 2, ""2025"": 4, ""2026"": 1}","{""2017"": 0.006173, ""2018"": 0.010554, ""2019"": 0.003396, ""2020"": 0.003063, ""2021"": 0.002677, ""2023"": 0.001742, ""2024"": 0.004598, ""2025"": 0.007313, ""2026"": 0.012346}",0.005762,0.00023107,Vector Laboratories,Cat# H-1200,4
ultrapure bsa,11,"2019,2020,2021,2023,2024,2025,2026","{""2019"": 1, ""2020"": 2, ""2021"": 2, ""2023"": 1, ""2024"": 2, ""2025"": 1, ""2026"": 2}","{""2019"": 0.001698, ""2020"": 0.003063, ""2021"": 0.002677, ""2023"": 0.001742, ""2024"": 0.004598, ""2025"": 0.001828, ""2026"": 0.024691}",0.005757,0.00187619,Thermo Fisher,Cat# AM2616,2
0.25% trypsin-edta,16,"2020,2022,2023,2024,2025","{""2020"": 1, ""2022"": 5, ""2023"": 3, ""2024"": 3, ""2025"": 4}","{""2020"": 0.001531, ""2022"": 0.0078, ""2023"": 0.005226, ""2024"": 0.006897, ""2025"": 0.007313}",0.005753,0.00100546,Gibco,Cat#25200056,7
superscript iii,22,"2017,2018,2019,2020,2021,2022,2023,2024","{""2017"": 2, ""2018"": 1, ""2019"": 3, ""2020"": 7, ""2021"": 3, ""2022"": 2, ""2023"": 2, ""2024"": 2}","{""2017"": 0.012346, ""2018"": 0.002639, ""2019"": 0.005093, ""2020"": 0.01072, ""2021"": 0.004016, ""2022"": 0.00312, ""2023"": 0.003484, ""2024"": 0.004598}",0.005752,-0.0007456,Invitrogen,18080044,8
latrunculin a,22,"2018,2019,2020,2021,2022,2023,2024,2025,2026","{""2018"": 4, ""2019"": 4, ""2020"": 1, ""2021"": 3, ""2022"": 2, ""2023"": 4, ""2024"": 2, ""2025"": 1, ""2026"": 1}","{""2018"": 0.010554, ""2019"": 0.006791, ""2020"": 0.001531, ""2021"": 0.004016, ""2022"": 0.00312, ""2023"": 0.006969, ""2024"": 0.004598, ""2025"": 0.001828, ""2026"": 0.012346}",0.00575,2.271e-05,Sigma,L12370,13
blocking reagent,20,"2018,2019,2020,2021,2022,2023,2025,2026","{""2018"": 2, ""2019"": 5, ""2020"": 1, ""2021"": 2, ""2022"": 2, ""2023"": 3, ""2025"": 4, ""2026"": 1}","{""2018"": 0.005277, ""2019"": 0.008489, ""2020"": 0.001531, ""2021"": 0.002677, ""2022"": 0.00312, ""2023"": 0.005226, ""2025"": 0.007313, ""2026"": 0.012346}",0.005747,0.00064372,Roche,Cat# 11096176001,7
sodium hydroxide,22,"2018,2019,2020,2021,2022,2023,2024","{""2018"": 1, ""2019"": 4, ""2020"": 5, ""2021"": 1, ""2022"": 4, ""2023"": 1, ""2024"": 6}","{""2018"": 0.002639, ""2019"": 0.006791, ""2020"": 0.007657, ""2021"": 0.001339, ""2022"": 0.00624, ""2023"": 0.001742, ""2024"": 0.013793}",0.005743,0.00078389,Fisher Scientific,Cat#1310–73-2,18
ampicillin sodium salt,26,"2017,2018,2019,2020,2021,2022,2023,2024,2025","{""2017"": 1, ""2018"": 3, ""2019"": 2, ""2020"": 3, ""2021"": 3, ""2022"": 3, ""2023"": 3, ""2024"": 2, ""2025"": 6}","{""2017"": 0.006173, ""2018"": 0.007916, ""2019"": 0.003396, ""2020"": 0.004594, ""2021"": 0.004016, ""2022"": 0.00468, ""2023"": 0.005226, ""2024"": 0.004598, ""2025"": 0.010969}",0.00573,0.00021631,Sigma-Aldrich,Cat# A9518,13
fugene hd,25,"2017,2019,2020,2021,2022,2023,2024,2025","{""2017"": 1, ""2019"": 6, ""2020"": 5, ""2021"": 2, ""2022"": 5, ""2023"": 2, ""2024"": 1, ""2025"": 3}","{""2017"": 0.006173, ""2019"": 0.010187, ""2020"": 0.007657, ""2021"": 0.002677, ""2022"": 0.0078, ""2023"": 0.003484, ""2024"": 0.002299, ""2025"": 0.005484}",0.00572,-0.0005269,Promega,Cat# E2311,6
ripa lysis buffer,17,"2018,2019,2020,2021,2022,2023,2024,2025,2026","{""2018"": 1, ""2019"": 1, ""2020"": 2, ""2021"": 3, ""2022"": 2, ""2023"": 2, ""2024"": 3, ""2025"": 1, ""2026"": 2}","{""2018"": 0.002639, ""2019"": 0.001698, ""2020"": 0.003063, ""2021"": 0.004016, ""2022"": 0.00312, ""2023"": 0.003484, ""2024"": 0.006897, ""2025"": 0.001828, ""2026"": 0.024691}",0.005715,0.00159564,Thermo Fisher Scientific,Cat# 89900,10
β-estradiol,24,"2017,2019,2020,2021,2022,2023,2024,2025","{""2017"": 1, ""2019"": 5, ""2020"": 2, ""2021"": 2, ""2022"": 5, ""2023"": 4, ""2024"": 3, ""2025"": 2}","{""2017"": 0.006173, ""2019"": 0.008489, ""2020"": 0.003063, ""2021"": 0.002677, ""2022"": 0.0078, ""2023"": 0.006969, ""2024"": 0.006897, ""2025"": 0.003656}",0.005715,-9.676e-05,Sigma-Aldrich,Cat# E2758,5
"complete, mini, edta-free protease inhibitor cocktail",26,"2017,2018,2019,2020,2021,2022,2023,2024,2025","{""2017"": 1, ""2018"": 3, ""2019"": 4, ""2020"": 4, ""2021"": 4, ""2022"": 2, ""2023"": 2, ""2024"": 3, ""2025"": 3}","{""2017"": 0.006173, ""2018"": 0.007916, ""2019"": 0.006791, ""2020"": 0.006126, ""2021"": 0.005355, ""2022"": 0.00312, ""2023"": 0.003484, ""2024"": 0.006897, ""2025"": 0.005484}",0.005705,-0.00025716,Roche,Cat# 11836170001,9
bbsi-hf,8,"2020,2021,2022,2023,2025,2026","{""2020"": 2, ""2021"": 1, ""2022"": 1, ""2023"": 1, ""2025"": 1, ""2026"": 2}","{""2020"": 0.003063, ""2021"": 0.001339, ""2022"": 0.00156, ""2023"": 0.001742, ""2025"": 0.001828, ""2026"": 0.024691}",0.005704,0.00260901,NEB,Cat#R3539S,3
advanced dmem/f12,24,"2018,2019,2020,2021,2022,2023,2024,2025,2026","{""2018"": 1, ""2019"": 2, ""2020"": 4, ""2021"": 4, ""2022"": 3, ""2023"": 3, ""2024"": 1, ""2025"": 5, ""2026"": 1}","{""2018"": 0.002639, ""2019"": 0.003396, ""2020"": 0.006126, ""2021"": 0.005355, ""2022"": 0.00468, ""2023"": 0.005226, ""2024"": 0.002299, ""2025"": 0.009141, ""2026"": 0.012346}",0.00569,0.00080471,Thermo Fisher Scientific,Cat# 12634-010,8
syproorange (5000x in dmso),8,"2021,2022","{""2021"": 5, ""2022"": 3}","{""2021"": 0.006693, ""2022"": 0.00468}",0.005687,,Thermo,Cat#S6651,1
nah 2 po 4,25,"2017,2018,2019,2020,2021,2022,2023,2024,2025","{""2017"": 1, ""2018"": 3, ""2019"": 3, ""2020"": 5, ""2021"": 3, ""2022"": 1, ""2023"": 1, ""2024"": 5, ""2025"": 3}","{""2017"": 0.006173, ""2018"": 0.007916, ""2019"": 0.005093, ""2020"": 0.007657, ""2021"": 0.004016, ""2022"": 0.00156, ""2023"": 0.001742, ""2024"": 0.011494, ""2025"": 0.005484}",0.005682,-8.028e-05,Sigma-Aldrich,Cat# 71505,13
nuclease-free water,23,"2019,2020,2021,2022,2023,2024,2025","{""2019"": 1, ""2020"": 3, ""2021"": 4, ""2022"": 6, ""2023"": 1, ""2024"": 5, ""2025"": 3}","{""2019"": 0.001698, ""2020"": 0.004594, ""2021"": 0.005355, ""2022"": 0.00936, ""2023"": 0.001742, ""2024"": 0.011494, ""2025"": 0.005484}",0.005675,0.00076956,Invitrogen,Cat# AM9937,10
salmon sperm dna,17,"2017,2018,2019,2021,2022,2023,2025,2026","{""2017"": 1, ""2018"": 2, ""2019"": 1, ""2021"": 3, ""2022"": 2, ""2023"": 1, ""2025"": 6, ""2026"": 1}","{""2017"": 0.006173, ""2018"": 0.005277, ""2019"": 0.001698, ""2021"": 0.004016, ""2022"": 0.00312, ""2023"": 0.001742, ""2025"": 0.010969, ""2026"": 0.012346}",0.005668,0.00069425,Thermo Fisher Scientific,15632011,8
protease inhibitors,19,"2018,2019,2020,2021,2023,2024,2025,2026","{""2018"": 2, ""2019"": 9, ""2020"": 1, ""2021"": 1, ""2023"": 2, ""2024"": 1, ""2025"": 2, ""2026"": 1}","{""2018"": 0.005277, ""2019"": 0.01528, ""2020"": 0.001531, ""2021"": 0.001339, ""2023"": 0.003484, ""2024"": 0.002299, ""2025"": 0.003656, ""2026"": 0.012346}",0.005652,-4.861e-05,Roche,11836170001,12
biotin-14-datp,8,"2017,2019,2020,2022,2026","{""2017"": 1, ""2019"": 3, ""2020"": 2, ""2022"": 1, ""2026"": 1}","{""2017"": 0.006173, ""2019"": 0.005093, ""2020"": 0.003063, ""2022"": 0.00156, ""2026"": 0.012346}",0.005647,0.00066228,Jena Bioscience,Cat# NU-835-BIO14,5
trolox,23,"2017,2018,2019,2020,2021,2022,2023,2024,2025,2026","{""2017"": 1, ""2018"": 1, ""2019"": 2, ""2020"": 2, ""2021"": 1, ""2022"": 4, ""2023"": 3, ""2024"": 3, ""2025"": 5, ""2026"": 1}","{""2017"": 0.006173, ""2018"": 0.002639, ""2019"": 0.003396, ""2020"": 0.003063, ""2021"": 0.001339, ""2022"": 0.00624, ""2023"": 0.005226, ""2024"": 0.006897, ""2025"": 0.009141, ""2026"": 0.012346}",0.005646,0.00078769,Sigma-Aldrich,Cat# 238813,9
ack lysis buffer,22,"2018,2019,2020,2021,2022,2023,2024,2025,2026","{""2018"": 1, ""2019"": 1, ""2020"": 2, ""2021"": 2, ""2022"": 1, ""2023"": 2, ""2024"": 3, ""2025"": 9, ""2026"": 1}","{""2018"": 0.002639, ""2019"": 0.001698, ""2020"": 0.003063, ""2021"": 0.002677, ""2022"": 0.00156, ""2023"": 0.003484, ""2024"": 0.006897, ""2025"": 0.016453, ""2026"": 0.012346}",0.005646,0.00152616,Gibco,Cat# A1049201,8
dulbecco’s modified eagle’s medium,25,"2018,2019,2020,2021,2022,2023,2024,2025","{""2018"": 5, ""2019"": 3, ""2020"": 4, ""2021"": 6, ""2022"": 2, ""2023"": 1, ""2024"": 1, ""2025"": 3}","{""2018"": 0.013193, ""2019"": 0.005093, ""2020"": 0.006126, ""2021"": 0.008032, ""2022"": 0.00312, ""2023"": 0.001742, ""2024"": 0.002299, ""2025"": 0.005484}",0.005636,-0.00102371,Thermo Fisher Scientific,Cat# D6429,17
mfresr,7,"2019,2022,2023,2024,2025,2026","{""2019"": 1, ""2022"": 1, ""2023"": 1, ""2024"": 1, ""2025"": 1, ""2026"": 2}","{""2019"": 0.001698, ""2022"": 0.00156, ""2023"": 0.001742, ""2024"": 0.002299, ""2025"": 0.001828, ""2026"": 0.024691}",0.005636,0.00214189,STEMCELL Technologies,05855,5
geltrex,23,"2018,2019,2020,2021,2022,2023,2024,2025,2026","{""2018"": 1, ""2019"": 2, ""2020"": 2, ""2021"": 4, ""2022"": 2, ""2023"": 3, ""2024"": 2, ""2025"": 6, ""2026"": 1}","{""2018"": 0.002639, ""2019"": 0.003396, ""2020"": 0.003063, ""2021"": 0.005355, ""2022"": 0.00312, ""2023"": 0.005226, ""2024"": 0.004598, ""2025"": 0.010969, ""2026"": 0.012346}",0.005635,0.00107484,Thermo Fisher Scientific,Cat# A1413302,8
transferrin,25,"2019,2020,2021,2022,2023,2024,2025","{""2019"": 3, ""2020"": 4, ""2021"": 8, ""2022"": 4, ""2023"": 2, ""2024"": 1, ""2025"": 3}","{""2019"": 0.005093, ""2020"": 0.006126, ""2021"": 0.01071, ""2022"": 0.00624, ""2023"": 0.003484, ""2024"": 0.002299, ""2025"": 0.005484}",0.005634,-0.00048948,Sigma,Cat# T8158,8
hoechst 33258,21,"2018,2019,2020,2021,2023,2024,2025","{""2018"": 5, ""2019"": 5, ""2020"": 1, ""2021"": 6, ""2023"": 1, ""2024"": 2, ""2025"": 1}","{""2018"": 0.013193, ""2019"": 0.008489, ""2020"": 0.001531, ""2021"": 0.008032, ""2023"": 0.001742, ""2024"": 0.004598, ""2025"": 0.001828}",0.00563,-0.00120794,Sigma-Aldrich,Cat# H3569,11
n-ethylmaleimide (nem),23,"2019,2020,2021,2022,2023,2024,2025","{""2019"": 5, ""2020"": 6, ""2021"": 2, ""2022"": 2, ""2023"": 2, ""2024"": 3, ""2025"": 3}","{""2019"": 0.008489, ""2020"": 0.009188, ""2021"": 0.002677, ""2022"": 0.00312, ""2023"": 0.003484, ""2024"": 0.006897, ""2025"": 0.005484}",0.00562,-0.00045679,Sigma-Aldrich,Cat#E3876,4
lb broth,23,"2018,2020,2021,2022,2023,2024,2025","{""2018"": 2, ""2020"": 2, ""2021"": 6, ""2022"": 8, ""2023"": 1, ""2024"": 3, ""2025"": 1}","{""2018"": 0.005277, ""2020"": 0.003063, ""2021"": 0.008032, ""2022"": 0.01248, ""2023"": 0.001742, ""2024"": 0.006897, ""2025"": 0.001828}",0.005617,-0.00024756,Fisher Scientific UK,Cat#51577-51656,12
opti-mem reduced serum medium,21,"2019,2020,2021,2022,2023,2025","{""2019"": 2, ""2020"": 3, ""2021"": 4, ""2022"": 5, ""2023"": 3, ""2025"": 4}","{""2019"": 0.003396, ""2020"": 0.004594, ""2021"": 0.005355, ""2022"": 0.0078, ""2023"": 0.005226, ""2025"": 0.007313}",0.005614,0.00058553,Thermo Fisher Scientific,Cat#31985070,8
laemmli sample buffer,16,"2019,2021,2022,2023,2024,2025,2026","{""2019"": 2, ""2021"": 1, ""2022"": 2, ""2023"": 2, ""2024"": 2, ""2025"": 6, ""2026"": 1}","{""2019"": 0.003396, ""2021"": 0.001339, ""2022"": 0.00312, ""2023"": 0.003484, ""2024"": 0.004598, ""2025"": 0.010969, ""2026"": 0.012346}",0.005607,0.00142869,Bio-Rad,Cat#161-0737,8
lipopolysaccharide,20,"2017,2018,2019,2020,2021,2022,2023,2024","{""2017"": 2, ""2018"": 2, ""2019"": 2, ""2020"": 6, ""2021"": 2, ""2022"": 1, ""2023"": 2, ""2024"": 3}","{""2017"": 0.012346, ""2018"": 0.005277, ""2019"": 0.003396, ""2020"": 0.009188, ""2021"": 0.002677, ""2022"": 0.00156, ""2023"": 0.003484, ""2024"": 0.006897}",0.005603,-0.00070387,Sigma-Aldrich,Cat# L2654,17
l-glutamine (200 mm),22,"2018,2019,2020,2021,2023,2024,2025","{""2018"": 2, ""2019"": 3, ""2020"": 3, ""2021"": 4, ""2023"": 5, ""2024"": 2, ""2025"": 3}","{""2018"": 0.005277, ""2019"": 0.005093, ""2020"": 0.004594, ""2021"": 0.005355, ""2023"": 0.008711, ""2024"": 0.004598, ""2025"": 0.005484}",0.005587,0.00013851,Thermo Fisher Scientific,Cat# 25030081,8
pepsin,8,"2020,2021,2022,2026","{""2020"": 2, ""2021"": 4, ""2022"": 1, ""2026"": 1}","{""2020"": 0.003063, ""2021"": 0.005355, ""2022"": 0.00156, ""2026"": 0.012346}",0.005581,0.00155767,Sigma,Cat#P6887,6
sodium selenite,24,"2017,2019,2020,2021,2022,2023,2024,2025","{""2017"": 1, ""2019"": 3, ""2020"": 3, ""2021"": 5, ""2022"": 2, ""2023"": 3, ""2024"": 2, ""2025"": 5}","{""2017"": 0.006173, ""2019"": 0.005093, ""2020"": 0.004594, ""2021"": 0.006693, ""2022"": 0.00312, ""2023"": 0.005226, ""2024"": 0.004598, ""2025"": 0.009141}",0.00558,0.00015473,Sigma-Aldrich,Cat#S5261,4
geneticin,20,"2017,2018,2019,2020,2021,2022,2024,2025","{""2017"": 2, ""2018"": 1, ""2019"": 4, ""2020"": 2, ""2021"": 3, ""2022"": 1, ""2024"": 3, ""2025"": 4}","{""2017"": 0.012346, ""2018"": 0.002639, ""2019"": 0.006791, ""2020"": 0.003063, ""2021"": 0.004016, ""2022"": 0.00156, ""2024"": 0.006897, ""2025"": 0.007313}",0.005578,-0.00020338,Gibco,10131035,8
epo,7,"2019,2021,2025,2026","{""2019"": 4, ""2021"": 1, ""2025"": 1, ""2026"": 1}","{""2019"": 0.006791, ""2021"": 0.001339, ""2025"": 0.001828, ""2026"": 0.012346}",0.005576,0.00050159,R&D,Cat#287-TC-500,6
complete™ protease inhibitor cocktail,11,"2018,2019,2021,2022,2024,2026","{""2018"": 3, ""2019"": 2, ""2021"": 1, ""2022"": 1, ""2024"": 3, ""2026"": 1}","{""2018"": 0.007916, ""2019"": 0.003396, ""2021"": 0.001339, ""2022"": 0.00156, ""2024"": 0.006897, ""2026"": 0.012346}",0.005575,0.00068689,Sigma-Aldrich,Cat#11697498001,6
water,13,"2018,2019,2020,2021,2023,2024,2025,2026","{""2018"": 1, ""2019"": 1, ""2020"": 1, ""2021"": 2, ""2023"": 1, ""2024"": 1, ""2025"": 4, ""2026"": 2}","{""2018"": 0.002639, ""2019"": 0.001698, ""2020"": 0.001531, ""2021"": 0.002677, ""2023"": 0.001742, ""2024"": 0.002299, ""2025"": 0.007313, ""2026"": 0.024691}",0.005574,0.00176093,Sigma Aldrich,Cat # W6-4,8
bamhi,20,"2018,2019,2020,2021,2022,2024,2025,2026","{""2018"": 2, ""2019"": 2, ""2020"": 2, ""2021"": 6, ""2022"": 3, ""2024"": 1, ""2025"": 3, ""2026"": 1}","{""2018"": 0.005277, ""2019"": 0.003396, ""2020"": 0.003063, ""2021"": 0.008032, ""2022"": 0.00468, ""2024"": 0.002299, ""2025"": 0.005484, ""2026"": 0.012346}",0.005572,0.00051895,New England Biolabs,Cat# R0136S,13
streptavidin-hrp,18,"2020,2021,2022,2023,2025","{""2020"": 3, ""2021"": 6, ""2022"": 4, ""2023"": 2, ""2025"": 3}","{""2020"": 0.004594, ""2021"": 0.008032, ""2022"": 0.00624, ""2023"": 0.003484, ""2025"": 0.005484}",0.005567,-0.00019256,Abcam,Ref #21132,14
pierce ecl western blotting substrate,19,"2018,2019,2020,2021,2023,2024,2025,2026","{""2018"": 2, ""2019"": 1, ""2020"": 5, ""2021"": 2, ""2023"": 3, ""2024"": 1, ""2025"": 4, ""2026"": 1}","{""2018"": 0.005277, ""2019"": 0.001698, ""2020"": 0.007657, ""2021"": 0.002677, ""2023"": 0.005226, ""2024"": 0.002299, ""2025"": 0.007313, ""2026"": 0.012346}",0.005562,0.00061586,Thermo Fisher Scientific,Cat# 32106,4
metronidazole,25,"2017,2018,2019,2020,2021,2022,2023,2024,2025","{""2017"": 1, ""2018"": 2, ""2019"": 1, ""2020"": 3, ""2021"": 2, ""2022"": 3, ""2023"": 3, ""2024"": 3, ""2025"": 7}","{""2017"": 0.006173, ""2018"": 0.005277, ""2019"": 0.001698, ""2020"": 0.004594, ""2021"": 0.002677, ""2022"": 0.00468, ""2023"": 0.005226, ""2024"": 0.006897, ""2025"": 0.012797}",0.005558,0.00064165,Sigma-Aldrich,Cat# M3761,8
nutlin-3,9,"2018,2019,2021","{""2018"": 3, ""2019"": 2, ""2021"": 4}","{""2018"": 0.007916, ""2019"": 0.003396, ""2021"": 0.005355}",0.005555,-0.00059172,Sigma-Aldrich,Cat# N6287,4
ovalbumin,25,"2017,2018,2019,2020,2021,2022,2023,2024,2025","{""2017"": 1, ""2018"": 1, ""2019"": 5, ""2020"": 3, ""2021"": 2, ""2022"": 2, ""2023"": 2, ""2024"": 5, ""2025"": 4}","{""2017"": 0.006173, ""2018"": 0.002639, ""2019"": 0.008489, ""2020"": 0.004594, ""2021"": 0.002677, ""2022"": 0.00312, ""2023"": 0.003484, ""2024"": 0.011494, ""2025"": 0.007313}",0.005554,0.00032738,Sigma-Aldrich,Cat# A5503,10
hydroxylamine,13,"2019,2020,2021,2023,2024,2026","{""2019"": 1, ""2020"": 1, ""2021"": 2, ""2023"": 6, ""2024"": 2, ""2026"": 1}","{""2019"": 0.001698, ""2020"": 0.001531, ""2021"": 0.002677, ""2023"": 0.010453, ""2024"": 0.004598, ""2026"": 0.012346}",0.00555,0.0015114,Sigma-Aldrich,Cat# 467804,7
superscript iv reverse transcriptase,27,"2018,2019,2020,2021,2022,2023,2024,2025","{""2018"": 1, ""2019"": 2, ""2020"": 4, ""2021"": 8, ""2022"": 2, ""2023"": 4, ""2024"": 1, ""2025"": 5}","{""2018"": 0.002639, ""2019"": 0.003396, ""2020"": 0.006126, ""2021"": 0.01071, ""2022"": 0.00312, ""2023"": 0.006969, ""2024"": 0.002299, ""2025"": 0.009141}",0.00555,0.00041633,Invitrogen,18090050,6
mgcl2,22,"2017,2018,2019,2020,2021,2023,2024,2025","{""2017"": 1, ""2018"": 2, ""2019"": 1, ""2020"": 1, ""2021"": 4, ""2023"": 4, ""2024"": 2, ""2025"": 7}","{""2017"": 0.006173, ""2018"": 0.005277, ""2019"": 0.001698, ""2020"": 0.001531, ""2021"": 0.005355, ""2023"": 0.006969, ""2024"": 0.004598, ""2025"": 0.012797}",0.00555,0.00066274,Sigma-Aldrich,Cat# AM9530G,13
vectashield antifade mounting medium,23,"2018,2019,2020,2021,2022,2023,2024,2025,2026","{""2018"": 2, ""2019"": 1, ""2020"": 4, ""2021"": 4, ""2022"": 5, ""2023"": 2, ""2024"": 1, ""2025"": 3, ""2026"": 1}","{""2018"": 0.005277, ""2019"": 0.001698, ""2020"": 0.006126, ""2021"": 0.005355, ""2022"": 0.0078, ""2023"": 0.003484, ""2024"": 0.002299, ""2025"": 0.005484, ""2026"": 0.012346}",0.005541,0.00050184,Vector Laboratories,H-1000–10,4
4-thiouridine,21,"2017,2018,2019,2020,2021,2022,2023,2024","{""2017"": 1, ""2018"": 4, ""2019"": 5, ""2020"": 4, ""2021"": 2, ""2022"": 1, ""2023"": 1, ""2024"": 3}","{""2017"": 0.006173, ""2018"": 0.010554, ""2019"": 0.008489, ""2020"": 0.006126, ""2021"": 0.002677, ""2022"": 0.00156, ""2023"": 0.001742, ""2024"": 0.006897}",0.005527,-0.00075272,Glentham Life Sciences,GN6085,4
dextran sulfate,22,"2017,2018,2019,2020,2021,2022,2024,2025","{""2017"": 1, ""2018"": 2, ""2019"": 2, ""2020"": 3, ""2021"": 2, ""2022"": 3, ""2024"": 2, ""2025"": 7}","{""2017"": 0.006173, ""2018"": 0.005277, ""2019"": 0.003396, ""2020"": 0.004594, ""2021"": 0.002677, ""2022"": 0.00468, ""2024"": 0.004598, ""2025"": 0.012797}",0.005524,0.00051895,Sigma-Aldrich,D8906,8
deoxyribonuclease i,19,"2019,2020,2021,2022,2023,2024,2025,2026","{""2019"": 4, ""2020"": 3, ""2021"": 1, ""2022"": 1, ""2023"": 5, ""2024"": 3, ""2025"": 1, ""2026"": 1}","{""2019"": 0.006791, ""2020"": 0.004594, ""2021"": 0.001339, ""2022"": 0.00156, ""2023"": 0.008711, ""2024"": 0.006897, ""2025"": 0.001828, ""2026"": 0.012346}",0.005508,0.00058185,Worthington,Cat# LS002139,12
ammonium bicarbonate,21,"2017,2019,2020,2021,2022,2023,2024,2025,2026","{""2017"": 1, ""2019"": 1, ""2020"": 4, ""2021"": 6, ""2022"": 1, ""2023"": 2, ""2024"": 2, ""2025"": 3, ""2026"": 1}","{""2017"": 0.006173, ""2019"": 0.001698, ""2020"": 0.006126, ""2021"": 0.008032, ""2022"": 0.00156, ""2023"": 0.003484, ""2024"": 0.004598, ""2025"": 0.005484, ""2026"": 0.012346}",0.0055,0.00040319,Sigma-Aldrich,Cat#: 09830,8
isopropyl β-d-1-thiogalactopyranoside (iptg),18,"2017,2019,2020,2021,2022,2023,2025,2026","{""2017"": 1, ""2019"": 4, ""2020"": 3, ""2021"": 4, ""2022"": 1, ""2023"": 2, ""2025"": 2, ""2026"": 1}","{""2017"": 0.006173, ""2019"": 0.006791, ""2020"": 0.004594, ""2021"": 0.005355, ""2022"": 0.00156, ""2023"": 0.003484, ""2025"": 0.003656, ""2026"": 0.012346}",0.005495,0.00022763,Sigma-Aldrich,Cat# I6758,13
mboi,7,"2017,2019,2022,2024,2026","{""2017"": 1, ""2019"": 3, ""2022"": 1, ""2024"": 1, ""2026"": 1}","{""2017"": 0.006173, ""2019"": 0.005093, ""2022"": 0.00156, ""2024"": 0.002299, ""2026"": 0.012346}",0.005494,0.00035384,New England Biolabs,Cat# R0147,5
ampure xp,21,"2019,2020,2021,2022,2023,2024,2025,2026","{""2019"": 1, ""2020"": 3, ""2021"": 7, ""2022"": 3, ""2023"": 3, ""2024"": 1, ""2025"": 2, ""2026"": 1}","{""2019"": 0.001698, ""2020"": 0.004594, ""2021"": 0.009371, ""2022"": 0.00468, ""2023"": 0.005226, ""2024"": 0.002299, ""2025"": 0.003656, ""2026"": 0.012346}",0.005484,0.00058543,Beckman Coulter,Cat#A63881,7
protein g dynabeads,24,"2018,2019,2020,2021,2022,2023,2024,2025","{""2018"": 3, ""2019"": 4, ""2020"": 1, ""2021"": 4, ""2022"": 1, ""2023"": 4, ""2024"": 2, ""2025"": 5}","{""2018"": 0.007916, ""2019"": 0.006791, ""2020"": 0.001531, ""2021"": 0.005355, ""2022"": 0.00156, ""2023"": 0.006969, ""2024"": 0.004598, ""2025"": 0.009141}",0.005483,0.00012055,Invitrogen,Cat#10004D,6
brilliant stain buffer,20,"2019,2020,2021,2022,2023,2024,2025,2026","{""2019"": 1, ""2020"": 2, ""2021"": 5, ""2022"": 3, ""2023"": 3, ""2024"": 2, ""2025"": 3, ""2026"": 1}","{""2019"": 0.001698, ""2020"": 0.003063, ""2021"": 0.006693, ""2022"": 0.00468, ""2023"": 0.005226, ""2024"": 0.004598, ""2025"": 0.005484, ""2026"": 0.012346}",0.005474,0.00096313,BD Biosciences,Cat#563794,7
prolong gold antifade mountant with dapi,26,"2018,2019,2020,2021,2022,2023,2024,2025","{""2018"": 1, ""2019"": 5, ""2020"": 4, ""2021"": 4, ""2022"": 3, ""2023"": 5, ""2024"": 1, ""2025"": 3}","{""2018"": 0.002639, ""2019"": 0.008489, ""2020"": 0.006126, ""2021"": 0.005355, ""2022"": 0.00468, ""2023"": 0.008711, ""2024"": 0.002299, ""2025"": 0.005484}",0.005473,-4.7e-05,Invitrogen,Cat# P36931,5
gdnf,19,"2017,2018,2019,2020,2021,2023,2024,2025,2026","{""2017"": 1, ""2018"": 2, ""2019"": 1, ""2020"": 3, ""2021"": 2, ""2023"": 5, ""2024"": 1, ""2025"": 3, ""2026"": 1}","{""2017"": 0.006173, ""2018"": 0.005277, ""2019"": 0.001698, ""2020"": 0.004594, ""2021"": 0.002677, ""2023"": 0.008711, ""2024"": 0.002299, ""2025"": 0.005484, ""2026"": 0.012346}",0.005473,0.00045704,PeproTech,Cat# 450-10,11
dmem media,12,"2018,2019,2020,2022,2023,2024,2025,2026","{""2018"": 1, ""2019"": 2, ""2020"": 1, ""2022"": 1, ""2023"": 2, ""2024"": 2, ""2025"": 1, ""2026"": 2}","{""2018"": 0.002639, ""2019"": 0.003396, ""2020"": 0.001531, ""2022"": 0.00156, ""2023"": 0.003484, ""2024"": 0.004598, ""2025"": 0.001828, ""2026"": 0.024691}",0.005466,0.00148892,Thermo Fisher Scientific,Cat#10566016,12
tryptone,11,"2018,2019,2023,2024,2025,2026","{""2018"": 2, ""2019"": 2, ""2023"": 3, ""2024"": 2, ""2025"": 1, ""2026"": 1}","{""2018"": 0.005277, ""2019"": 0.003396, ""2023"": 0.005226, ""2024"": 0.004598, ""2025"": 0.001828, ""2026"": 0.012346}",0.005445,0.00040484,Sigma,Cat# 211705,9
mem non-essential amino acids solution (100x),21,"2018,2019,2020,2021,2022,2023,2024,2025,2026","{""2018"": 1, ""2019"": 1, ""2020"": 2, ""2021"": 1, ""2022"": 3, ""2023"": 2, ""2024"": 3, ""2025"": 7, ""2026"": 1}","{""2018"": 0.002639, ""2019"": 0.001698, ""2020"": 0.003063, ""2021"": 0.001339, ""2022"": 0.00468, ""2023"": 0.003484, ""2024"": 0.006897, ""2025"": 0.012797, ""2026"": 0.012346}",0.005438,0.00136566,Thermo Fisher Scientific,Cat# 11140050,7
lipofectamine rnaimax reagent,7,"2017,2018,2019,2023,2025,2026","{""2017"": 2, ""2018"": 1, ""2019"": 1, ""2023"": 1, ""2025"": 1, ""2026"": 1}","{""2017"": 0.012346, ""2018"": 0.002639, ""2019"": 0.001698, ""2023"": 0.001742, ""2025"": 0.001828, ""2026"": 0.012346}",0.005433,1.317e-05,Life Technologies,Cat# 13778150,4
biotin-16-dutp,10,"2017,2018,2019,2020,2021,2023,2026","{""2017"": 2, ""2018"": 2, ""2019"": 1, ""2020"": 1, ""2021"": 1, ""2023"": 2, ""2026"": 1}","{""2017"": 0.012346, ""2018"": 0.005277, ""2019"": 0.001698, ""2020"": 0.001531, ""2021"": 0.001339, ""2023"": 0.003484, ""2026"": 0.012346}",0.005432,0.00025731,Roche,11093070910,5
ecori,16,"2017,2018,2020,2021,2022,2023,2025,2026","{""2017"": 1, ""2018"": 2, ""2020"": 3, ""2021"": 2, ""2022"": 1, ""2023"": 2, ""2025"": 4, ""2026"": 1}","{""2017"": 0.006173, ""2018"": 0.005277, ""2020"": 0.004594, ""2021"": 0.002677, ""2022"": 0.00156, ""2023"": 0.003484, ""2025"": 0.007313, ""2026"": 0.012346}",0.005428,0.00046684,New England Biolabs,Cat# R0101S,8
zymosan,7,"2017,2021,2023,2025,2026","{""2017"": 1, ""2021"": 1, ""2023"": 1, ""2025"": 3, ""2026"": 1}","{""2017"": 0.006173, ""2021"": 0.001339, ""2023"": 0.001742, ""2025"": 0.005484, ""2026"": 0.012346}",0.005417,0.00047933,Invivogen,Cat# tlrl-zyn,3
actev protease,11,"2018,2019,2020,2022","{""2018"": 4, ""2019"": 2, ""2020"": 3, ""2022"": 2}","{""2018"": 0.010554, ""2019"": 0.003396, ""2020"": 0.004594, ""2022"": 0.00312}",0.005416,-0.00146829,ThermoFisher,Cat# 12575015,3
creatine kinase,18,"2017,2018,2019,2020,2022,2023,2024,2025","{""2017"": 2, ""2018"": 3, ""2019"": 2, ""2020"": 2, ""2022"": 2, ""2023"": 3, ""2024"": 2, ""2025"": 2}","{""2017"": 0.012346, ""2018"": 0.007916, ""2019"": 0.003396, ""2020"": 0.003063, ""2022"": 0.00312, ""2023"": 0.005226, ""2024"": 0.004598, ""2025"": 0.003656}",0.005415,-0.0006832,Roche,Cat# 10127566001,6
flag peptide,24,"2018,2019,2020,2021,2022,2023,2024,2025","{""2018"": 1, ""2019"": 6, ""2020"": 2, ""2021"": 4, ""2022"": 3, ""2023"": 1, ""2024"": 6, ""2025"": 1}","{""2018"": 0.002639, ""2019"": 0.010187, ""2020"": 0.003063, ""2021"": 0.005355, ""2022"": 0.00468, ""2023"": 0.001742, ""2024"": 0.013793, ""2025"": 0.001828}",0.005411,9.194e-05,Sigma-Aldrich,Cat# F3290,10
protein g sepharose 4 fast flow,15,"2019,2020,2022,2024,2025","{""2019"": 2, ""2020"": 4, ""2022"": 3, ""2024"": 4, ""2025"": 2}","{""2019"": 0.003396, ""2020"": 0.006126, ""2022"": 0.00468, ""2024"": 0.009195, ""2025"": 0.003656}",0.005411,0.00026622,GE Healthcare,Cat#17061805,9
collagenase p,10,"2018,2019,2021,2025,2026","{""2018"": 1, ""2019"": 1, ""2021"": 5, ""2025"": 2, ""2026"": 1}","{""2018"": 0.002639, ""2019"": 0.001698, ""2021"": 0.006693, ""2025"": 0.003656, ""2026"": 0.012346}",0.005406,0.00085467,Roche,Cat# 11213865001,7
nigericin,21,"2017,2019,2020,2021,2022,2023,2024,2025","{""2017"": 2, ""2019"": 4, ""2020"": 4, ""2021"": 3, ""2022"": 4, ""2023"": 1, ""2024"": 1, ""2025"": 2}","{""2017"": 0.012346, ""2019"": 0.006791, ""2020"": 0.006126, ""2021"": 0.004016, ""2022"": 0.00624, ""2023"": 0.001742, ""2024"": 0.002299, ""2025"": 0.003656}",0.005402,-0.00108372,Invivogen,Cat# tlrl-nig,11
recombinant mouse il-33,7,"2017,2018,2019,2020","{""2017"": 2, ""2018"": 1, ""2019"": 3, ""2020"": 1}","{""2017"": 0.012346, ""2018"": 0.002639, ""2019"": 0.005093, ""2020"": 0.001531}",0.005402,-0.0029988,PeproTech,Cat # 580508,4
trifluoroacetic acid,24,"2018,2019,2020,2021,2022,2023,2024,2025","{""2018"": 2, ""2019"": 2, ""2020"": 2, ""2021"": 3, ""2022"": 4, ""2023"": 4, ""2024"": 3, ""2025"": 4}","{""2018"": 0.005277, ""2019"": 0.003396, ""2020"": 0.003063, ""2021"": 0.004016, ""2022"": 0.00624, ""2023"": 0.006969, ""2024"": 0.006897, ""2025"": 0.007313}",0.005396,0.00054399,Fisher Scientific,Cat# 10155347,12
phosphate-buffered saline (pbs),23,"2019,2020,2021,2022,2023,2024,2025","{""2019"": 1, ""2020"": 5, ""2021"": 5, ""2022"": 1, ""2023"": 5, ""2024"": 1, ""2025"": 5}","{""2019"": 0.001698, ""2020"": 0.007657, ""2021"": 0.006693, ""2022"": 0.00156, ""2023"": 0.008711, ""2024"": 0.002299, ""2025"": 0.009141}",0.005394,0.00048679,Thermo Fisher Scientific,Cat# D1283,16
lipofectamine ™ rnaimax transfection reagent,11,"2022,2023,2024,2025","{""2022"": 1, ""2023"": 2, ""2024"": 4, ""2025"": 4}","{""2022"": 0.00156, ""2023"": 0.003484, ""2024"": 0.009195, ""2025"": 0.007313}",0.005388,0.00229687,Thermo Fisher Scientific,13778150,4
recombinant human il-4,13,"2018,2020,2021,2022,2025,2026","{""2018"": 2, ""2020"": 3, ""2021"": 5, ""2022"": 1, ""2025"": 1, ""2026"": 1}","{""2018"": 0.005277, ""2020"": 0.004594, ""2021"": 0.006693, ""2022"": 0.00156, ""2025"": 0.001828, ""2026"": 0.012346}",0.005383,0.00038863,PeproTech,Cat#200-04,7
ribolock rnase inhibitor,16,"2018,2019,2021,2022,2024,2025,2026","{""2018"": 1, ""2019"": 3, ""2021"": 4, ""2022"": 4, ""2024"": 1, ""2025"": 2, ""2026"": 1}","{""2018"": 0.002639, ""2019"": 0.005093, ""2021"": 0.005355, ""2022"": 0.00624, ""2024"": 0.002299, ""2025"": 0.003656, ""2026"": 0.012346}",0.005375,0.00051743,Thermo Fisher Scientific,Cat#EO0381,6
t4 pnk,25,"2017,2018,2019,2020,2021,2022,2023,2024,2025","{""2017"": 1, ""2018"": 1, ""2019"": 2, ""2020"": 3, ""2021"": 2, ""2022"": 6, ""2023"": 2, ""2024"": 3, ""2025"": 5}","{""2017"": 0.006173, ""2018"": 0.002639, ""2019"": 0.003396, ""2020"": 0.004594, ""2021"": 0.002677, ""2022"": 0.00936, ""2023"": 0.003484, ""2024"": 0.006897, ""2025"": 0.009141}",0.005373,0.00049316,NEB,M0201S,6
thrombin,17,"2017,2019,2020,2021,2022,2023,2024,2026","{""2017"": 1, ""2019"": 2, ""2020"": 1, ""2021"": 4, ""2022"": 2, ""2023"": 5, ""2024"": 1, ""2026"": 1}","{""2017"": 0.006173, ""2019"": 0.003396, ""2020"": 0.001531, ""2021"": 0.005355, ""2022"": 0.00312, ""2023"": 0.008711, ""2024"": 0.002299, ""2026"": 0.012346}",0.005366,0.00059806,Sigma-Aldrich,Cat# T9326-150UN,14
t7 dna ligase,6,"2021,2024,2025,2026","{""2021"": 2, ""2024"": 2, ""2025"": 1, ""2026"": 1}","{""2021"": 0.002677, ""2024"": 0.004598, ""2025"": 0.001828, ""2026"": 0.012346}",0.005362,0.00132053,NEB,Cat# M0318S,3
coelenterazine,15,"2021,2022,2023,2024,2025","{""2021"": 2, ""2022"": 2, ""2023"": 6, ""2024"": 3, ""2025"": 2}","{""2021"": 0.002677, ""2022"": 0.00312, ""2023"": 0.010453, ""2024"": 0.006897, ""2025"": 0.003656}",0.005361,0.00057343,GoldBio,Cat# CZ05,9
hoechst33342,7,"2017,2018,2020,2022,2023,2026","{""2017"": 2, ""2018"": 1, ""2020"": 1, ""2022"": 1, ""2023"": 1, ""2026"": 1}","{""2017"": 0.012346, ""2018"": 0.002639, ""2020"": 0.001531, ""2022"": 0.00156, ""2023"": 0.001742, ""2026"": 0.012346}",0.005361,0.00014184,ThermoFisher,C10337 G,4
ethylene carbonate,6,"2022,2025","{""2022"": 1, ""2025"": 5}","{""2022"": 0.00156, ""2025"": 0.009141}",0.00535,,Sigma,Cat# 676802–1L,3
ttx,25,"2017,2018,2019,2020,2021,2022,2023,2024,2025","{""2017"": 1, ""2018"": 1, ""2019"": 2, ""2020"": 3, ""2021"": 3, ""2022"": 4, ""2023"": 5, ""2024"": 3, ""2025"": 3}","{""2017"": 0.006173, ""2018"": 0.002639, ""2019"": 0.003396, ""2020"": 0.004594, ""2021"": 0.004016, ""2022"": 0.00624, ""2023"": 0.008711, ""2024"": 0.006897, ""2025"": 0.005484}",0.00535,0.00037162,Tocris,Cat#1078,12
cnqx,24,"2018,2019,2020,2021,2022,2023,2024,2025","{""2018"": 3, ""2019"": 3, ""2020"": 3, ""2021"": 3, ""2022"": 3, ""2023"": 5, ""2024"": 1, ""2025"": 3}","{""2018"": 0.007916, ""2019"": 0.005093, ""2020"": 0.004594, ""2021"": 0.004016, ""2022"": 0.00468, ""2023"": 0.008711, ""2024"": 0.002299, ""2025"": 0.005484}",0.005349,-0.000214,Tocris,Cat# 0190,9
ha-ubiquitin,5,"2017,2018,2024","{""2017"": 1, ""2018"": 2, ""2024"": 2}","{""2017"": 0.006173, ""2018"": 0.005277, ""2024"": 0.004598}",0.005349,-0.00018602,Boston Biochem,U-110H,2
0.05% trypsin-edta,19,"2019,2020,2021,2022,2023,2024,2025,2026","{""2019"": 2, ""2020"": 5, ""2021"": 2, ""2022"": 2, ""2023"": 2, ""2024"": 2, ""2025"": 3, ""2026"": 1}","{""2019"": 0.003396, ""2020"": 0.007657, ""2021"": 0.002677, ""2022"": 0.00312, ""2023"": 0.003484, ""2024"": 0.004598, ""2025"": 0.005484, ""2026"": 0.012346}",0.005345,0.00068944,Gibco,Cat#25300054,7
"dulbecco’s modified eagle medium, low glucose",11,"2021,2022,2023","{""2021"": 6, ""2022"": 4, ""2023"": 1}","{""2021"": 0.008032, ""2022"": 0.00624, ""2023"": 0.001742}",0.005338,-0.00314498,Sigma-Aldrich,Cat#D6046,1
methotrexate,6,"2018,2021,2024,2026","{""2018"": 1, ""2021"": 3, ""2024"": 1, ""2026"": 1}","{""2018"": 0.002639, ""2021"": 0.004016, ""2024"": 0.002299, ""2026"": 0.012346}",0.005325,0.0009275,Selleck,Cat#S1210,4
collagenase/dispase,19,"2018,2019,2020,2021,2022,2023,2025,2026","{""2018"": 2, ""2019"": 1, ""2020"": 5, ""2021"": 4, ""2022"": 2, ""2023"": 2, ""2025"": 2, ""2026"": 1}","{""2018"": 0.005277, ""2019"": 0.001698, ""2020"": 0.007657, ""2021"": 0.005355, ""2022"": 0.00312, ""2023"": 0.003484, ""2025"": 0.003656, ""2026"": 0.012346}",0.005324,0.00049755,Roche,Cat# 10269638001,6
carbonyl cyanide 4-(trifluoromethoxy)phenylhydrazone (fccp),9,"2018,2019,2020,2021,2026","{""2018"": 2, ""2019"": 1, ""2020"": 3, ""2021"": 2, ""2026"": 1}","{""2018"": 0.005277, ""2019"": 0.001698, ""2020"": 0.004594, ""2021"": 0.002677, ""2026"": 0.012346}",0.005318,0.00111407,Sigma-Aldrich,Cat#C2920,2
prolong ™ gold antifade mountant,9,"2022,2023,2025","{""2022"": 1, ""2023"": 3, ""2025"": 5}","{""2022"": 0.00156, ""2023"": 0.005226, ""2025"": 0.009141}",0.005309,0.00244551,Thermo Fisher Scientific,Cat# P36934,4
recombinant human gm-csf,15,"2018,2020,2021,2023,2025","{""2018"": 2, ""2020"": 4, ""2021"": 2, ""2023"": 4, ""2025"": 3}","{""2018"": 0.005277, ""2020"": 0.006126, ""2021"": 0.002677, ""2023"": 0.006969, ""2025"": 0.005484}",0.005307,0.00011319,Peprotech,Cat#300-03,8
"complete™, mini, edta-free protease inhibitor cocktail",19,"2019,2020,2021,2022,2023,2024,2025,2026","{""2019"": 1, ""2020"": 4, ""2021"": 1, ""2022"": 4, ""2023"": 5, ""2024"": 1, ""2025"": 2, ""2026"": 1}","{""2019"": 0.001698, ""2020"": 0.006126, ""2021"": 0.001339, ""2022"": 0.00624, ""2023"": 0.008711, ""2024"": 0.002299, ""2025"": 0.003656, ""2026"": 0.012346}",0.005302,0.00080405,Roche,Cat# 11836170001,8
edta-free protease inhibitor cocktail,17,"2017,2019,2020,2021,2022,2023,2025","{""2017"": 2, ""2019"": 2, ""2020"": 5, ""2021"": 1, ""2022"": 1, ""2023"": 2, ""2025"": 4}","{""2017"": 0.012346, ""2019"": 0.003396, ""2020"": 0.007657, ""2021"": 0.001339, ""2022"": 0.00156, ""2023"": 0.003484, ""2025"": 0.007313}",0.005299,-0.00062028,Roche,Cat#11873580001,10
pierce bca protein assay kit,15,"2017,2019,2021,2022,2024,2025","{""2017"": 1, ""2019"": 3, ""2021"": 2, ""2022"": 2, ""2024"": 4, ""2025"": 3}","{""2017"": 0.006173, ""2019"": 0.005093, ""2021"": 0.002677, ""2022"": 0.00312, ""2024"": 0.009195, ""2025"": 0.005484}",0.005291,0.00015849,Thermo Fisher Scientific,Cat#23225,4
citric acid,15,"2019,2021,2022,2023,2024,2025,2026","{""2019"": 3, ""2021"": 2, ""2022"": 3, ""2023"": 2, ""2024"": 3, ""2025"": 1, ""2026"": 1}","{""2019"": 0.005093, ""2021"": 0.002677, ""2022"": 0.00468, ""2023"": 0.003484, ""2024"": 0.006897, ""2025"": 0.001828, ""2026"": 0.012346}",0.005287,0.00064457,Sigma-Aldrich,Cat# 251275,11
poly(i:c),13,"2017,2018,2020,2021,2023,2024","{""2017"": 1, ""2018"": 4, ""2020"": 1, ""2021"": 1, ""2023"": 3, ""2024"": 3}","{""2017"": 0.006173, ""2018"": 0.010554, ""2020"": 0.001531, ""2021"": 0.001339, ""2023"": 0.005226, ""2024"": 0.006897}",0.005287,-0.0002902,InvivoGen,cat# tlrl-pic,6
d-biotin,20,"2017,2018,2019,2020,2021,2022,2023,2024,2025","{""2017"": 3, ""2018"": 1, ""2019"": 1, ""2020"": 2, ""2021"": 3, ""2022"": 3, ""2023"": 4, ""2024"": 1, ""2025"": 2}","{""2017"": 0.018519, ""2018"": 0.002639, ""2019"": 0.001698, ""2020"": 0.003063, ""2021"": 0.004016, ""2022"": 0.00468, ""2023"": 0.006969, ""2024"": 0.002299, ""2025"": 0.003656}",0.005282,-0.00080515,Sigma-Aldrich,Cat# B4639,10
glutamax ™ supplement,9,"2022,2023,2025","{""2022"": 1, ""2023"": 4, ""2025"": 4}","{""2022"": 0.00156, ""2023"": 0.006969, ""2025"": 0.007313}",0.00528,0.00166816,ThermoFisher,Cat# 35050061,4
gibson assembly ® master mix,5,"2024,2025","{""2024"": 3, ""2025"": 2}","{""2024"": 0.006897, ""2025"": 0.003656}",0.005276,,New England Biolabs,E2611,2
trametinib,19,"2017,2019,2020,2021,2022,2024,2025","{""2017"": 1, ""2019"": 2, ""2020"": 2, ""2021"": 6, ""2022"": 1, ""2024"": 4, ""2025"": 3}","{""2017"": 0.006173, ""2019"": 0.003396, ""2020"": 0.003063, ""2021"": 0.008032, ""2022"": 0.00156, ""2024"": 0.009195, ""2025"": 0.005484}",0.005272,0.00024045,Selleckchem,Cat# S2673,8
7-aad viability staining solution,13,"2017,2019,2020,2021,2024,2025,2026","{""2017"": 1, ""2019"": 5, ""2020"": 2, ""2021"": 2, ""2024"": 1, ""2025"": 1, ""2026"": 1}","{""2017"": 0.006173, ""2019"": 0.008489, ""2020"": 0.003063, ""2021"": 0.002677, ""2024"": 0.002299, ""2025"": 0.001828, ""2026"": 0.012346}",0.005268,7.217e-05,BioLegend,Cat#420403,5
prolong ™ diamond antifade mountant,8,"2019,2023,2024,2025,2026","{""2019"": 1, ""2023"": 1, ""2024"": 3, ""2025"": 2, ""2026"": 1}","{""2019"": 0.001698, ""2023"": 0.001742, ""2024"": 0.006897, ""2025"": 0.003656, ""2026"": 0.012346}",0.005268,0.00116163,Invitrogen,Cat# P36965,2
halt protease inhibitor cocktail,21,"2017,2018,2019,2021,2022,2023,2024,2025","{""2017"": 1, ""2018"": 2, ""2019"": 4, ""2021"": 4, ""2022"": 2, ""2023"": 2, ""2024"": 2, ""2025"": 4}","{""2017"": 0.006173, ""2018"": 0.005277, ""2019"": 0.006791, ""2021"": 0.005355, ""2022"": 0.00312, ""2023"": 0.003484, ""2024"": 0.004598, ""2025"": 0.007313}",0.005264,-0.00010592,Thermo Fisher Scientific,Cat#78430,12
recombinant murine il-2,16,"2019,2020,2022,2023,2024","{""2019"": 2, ""2020"": 8, ""2022"": 2, ""2023"": 3, ""2024"": 1}","{""2019"": 0.003396, ""2020"": 0.012251, ""2022"": 0.00312, ""2023"": 0.005226, ""2024"": 0.002299}",0.005258,-0.00083419,Peprotech,Cat# 212-12,5
dynabeads myone streptavidin c1,24,"2017,2018,2019,2020,2021,2022,2023,2024,2025","{""2017"": 1, ""2018"": 2, ""2019"": 2, ""2020"": 5, ""2021"": 2, ""2022"": 3, ""2023"": 5, ""2024"": 3, ""2025"": 1}","{""2017"": 0.006173, ""2018"": 0.005277, ""2019"": 0.003396, ""2020"": 0.007657, ""2021"": 0.002677, ""2022"": 0.00468, ""2023"": 0.008711, ""2024"": 0.006897, ""2025"": 0.001828}",0.005255,-8.111e-05,Invitrogen,Cat# 65001,2
thrombin protease,6,"2019,2023,2025,2026","{""2019"": 3, ""2023"": 1, ""2025"": 1, ""2026"": 1}","{""2019"": 0.005093, ""2023"": 0.001742, ""2025"": 0.001828, ""2026"": 0.012346}",0.005252,0.00052409,Sigma-Aldrich,Cat. #T4648-10KU,6
roscovitine,11,"2017,2018,2019,2020,2021,2022","{""2017"": 3, ""2018"": 1, ""2019"": 1, ""2020"": 2, ""2021"": 3, ""2022"": 1}","{""2017"": 0.018519, ""2018"": 0.002639, ""2019"": 0.001698, ""2020"": 0.003063, ""2021"": 0.004016, ""2022"": 0.00156}",0.005249,-0.00226556,Calbiochem,S1153,6
succinate,17,"2017,2019,2020,2021,2022,2023,2025","{""2017"": 2, ""2019"": 4, ""2020"": 1, ""2021"": 2, ""2022"": 4, ""2023"": 2, ""2025"": 2}","{""2017"": 0.012346, ""2019"": 0.006791, ""2020"": 0.001531, ""2021"": 0.002677, ""2022"": 0.00624, ""2023"": 0.003484, ""2025"": 0.003656}",0.005247,-0.00087291,Sigma-Aldrich,Cat# S2378,9
mlui-hf,10,"2021,2022,2023,2025,2026","{""2021"": 4, ""2022"": 2, ""2023"": 1, ""2025"": 2, ""2026"": 1}","{""2021"": 0.005355, ""2022"": 0.00312, ""2023"": 0.001742, ""2025"": 0.003656, ""2026"": 0.012346}",0.005244,0.00116468,New England Biolabs,R3198S,5
iq sybr green supermix,17,"2017,2019,2020,2021,2022,2023,2024","{""2017"": 2, ""2019"": 3, ""2020"": 5, ""2021"": 2, ""2022"": 2, ""2023"": 2, ""2024"": 1}","{""2017"": 0.012346, ""2019"": 0.005093, ""2020"": 0.007657, ""2021"": 0.002677, ""2022"": 0.00312, ""2023"": 0.003484, ""2024"": 0.002299}",0.00524,-0.00129103,Bio-Rad,1708880,7
buprenorphine,13,"2017,2018,2020,2022,2023,2025","{""2017"": 2, ""2018"": 1, ""2020"": 4, ""2022"": 2, ""2023"": 2, ""2025"": 2}","{""2017"": 0.012346, ""2018"": 0.002639, ""2020"": 0.006126, ""2022"": 0.00312, ""2023"": 0.003484, ""2025"": 0.003656}",0.005228,-0.00071491,Bayer,PZN 01498870,12
rnaimax,16,"2019,2020,2021,2022,2023,2025,2026","{""2019"": 1, ""2020"": 2, ""2021"": 2, ""2022"": 5, ""2023"": 2, ""2025"": 3, ""2026"": 1}","{""2019"": 0.001698, ""2020"": 0.003063, ""2021"": 0.002677, ""2022"": 0.0078, ""2023"": 0.003484, ""2025"": 0.005484, ""2026"": 0.012346}",0.005222,0.00114081,Invitrogen,Cat#13778150,6
snap-cell tmr-star,5,"2017,2018,2022","{""2017"": 1, ""2018"": 3, ""2022"": 1}","{""2017"": 0.006173, ""2018"": 0.007916, ""2022"": 0.00156}",0.005216,-0.00111293,New England Biolabs,Cat#S9105S,2
concanavalin a,18,"2017,2018,2019,2020,2021,2022,2023,2025","{""2017"": 2, ""2018"": 3, ""2019"": 2, ""2020"": 2, ""2021"": 2, ""2022"": 1, ""2023"": 3, ""2025"": 3}","{""2017"": 0.012346, ""2018"": 0.007916, ""2019"": 0.003396, ""2020"": 0.003063, ""2021"": 0.002677, ""2022"": 0.00156, ""2023"": 0.005226, ""2025"": 0.005484}",0.005208,-0.00066981,Sigma-Aldrich,L7647-25MG,10
tbs,8,"2022,2023,2024","{""2022"": 3, ""2023"": 1, ""2024"": 4}","{""2022"": 0.00468, ""2023"": 0.001742, ""2024"": 0.009195}",0.005206,0.00225761,Thermo Fisher Scientific,Cat# J60764.K2,6
glucose oxidase,24,"2017,2018,2019,2020,2021,2022,2023,2024,2025","{""2017"": 1, ""2018"": 3, ""2019"": 4, ""2020"": 3, ""2021"": 5, ""2022"": 1, ""2023"": 2, ""2024"": 1, ""2025"": 4}","{""2017"": 0.006173, ""2018"": 0.007916, ""2019"": 0.006791, ""2020"": 0.004594, ""2021"": 0.006693, ""2022"": 0.00156, ""2023"": 0.003484, ""2024"": 0.002299, ""2025"": 0.007313}",0.005203,-0.00036565,Sigma,Cat# G2133,10
q5 high-fidelity dna polymerase,25,"2018,2019,2020,2021,2022,2023,2024,2025","{""2018"": 1, ""2019"": 2, ""2020"": 5, ""2021"": 6, ""2022"": 4, ""2023"": 2, ""2024"": 2, ""2025"": 3}","{""2018"": 0.002639, ""2019"": 0.003396, ""2020"": 0.007657, ""2021"": 0.008032, ""2022"": 0.00624, ""2023"": 0.003484, ""2024"": 0.004598, ""2025"": 0.005484}",0.005191,0.00013836,New England Biolabs,Cat# M0491L,5
t7 rna polymerase,16,"2017,2018,2019,2020,2022,2023,2024,2025,2026","{""2017"": 1, ""2018"": 3, ""2019"": 1, ""2020"": 1, ""2022"": 3, ""2023"": 1, ""2024"": 3, ""2025"": 2, ""2026"": 1}","{""2017"": 0.006173, ""2018"": 0.007916, ""2019"": 0.001698, ""2020"": 0.001531, ""2022"": 0.00468, ""2023"": 0.001742, ""2024"": 0.006897, ""2025"": 0.003656, ""2026"": 0.012346}",0.005182,0.0003154,New England Biolabs,M0251L,14
phos-tag acrylamide,7,"2017,2019,2020,2021,2025,2026","{""2017"": 2, ""2019"": 1, ""2020"": 1, ""2021"": 1, ""2025"": 1, ""2026"": 1}","{""2017"": 0.012346, ""2019"": 0.001698, ""2020"": 0.001531, ""2021"": 0.001339, ""2025"": 0.001828, ""2026"": 0.012346}",0.005181,7.123e-05,NARD Institute,Cat#AAL-107,7
mitotracker green fm,11,"2018,2020,2021,2022,2023,2026","{""2018"": 3, ""2020"": 3, ""2021"": 1, ""2022"": 2, ""2023"": 1, ""2026"": 1}","{""2018"": 0.007916, ""2020"": 0.004594, ""2021"": 0.001339, ""2022"": 0.00312, ""2023"": 0.001742, ""2026"": 0.012346}",0.005176,0.00051663,Invitrogen,M7514,3
cell recovery solution,13,"2021,2022,2023,2025","{""2021"": 5, ""2022"": 2, ""2023"": 1, ""2025"": 5}","{""2021"": 0.006693, ""2022"": 0.00312, ""2023"": 0.001742, ""2025"": 0.009141}",0.005174,0.00079413,Corning,Cat# 354253,1
"complete™, edta-free protease inhibitor cocktail",12,"2020,2022,2023,2024,2025,2026","{""2020"": 1, ""2022"": 5, ""2023"": 3, ""2024"": 1, ""2025"": 1, ""2026"": 1}","{""2020"": 0.001531, ""2022"": 0.0078, ""2023"": 0.005226, ""2024"": 0.002299, ""2025"": 0.001828, ""2026"": 0.012346}",0.005172,0.00086803,Roche,Cat# 11873580001,8
isopropyl β-d-1-thiogalactopyranoside,17,"2019,2020,2021,2022,2023","{""2019"": 1, ""2020"": 1, ""2021"": 6, ""2022"": 6, ""2023"": 3}","{""2019"": 0.001698, ""2020"": 0.001531, ""2021"": 0.008032, ""2022"": 0.00936, ""2023"": 0.005226}",0.00517,0.00148864,Meridian Bioscience,Cat#BIO-37036,8
monensin,22,"2018,2020,2021,2022,2023,2024,2025","{""2018"": 1, ""2020"": 3, ""2021"": 6, ""2022"": 4, ""2023"": 5, ""2024"": 1, ""2025"": 2}","{""2018"": 0.002639, ""2020"": 0.004594, ""2021"": 0.008032, ""2022"": 0.00624, ""2023"": 0.008711, ""2024"": 0.002299, ""2025"": 0.003656}",0.005167,4.791e-05,BioLegend,Cat# 420701,7
naloxone,6,"2017,2018,2019,2021","{""2017"": 2, ""2018"": 2, ""2019"": 1, ""2021"": 1}","{""2017"": 0.012346, ""2018"": 0.005277, ""2019"": 0.001698, ""2021"": 0.001339}",0.005165,-0.00252871,Sigma-Aldrich,Cat# 0599,5
poly-l-lysine solution,12,"2019,2020,2022,2023,2025,2026","{""2019"": 2, ""2020"": 2, ""2022"": 2, ""2023"": 2, ""2025"": 3, ""2026"": 1}","{""2019"": 0.003396, ""2020"": 0.003063, ""2022"": 0.00312, ""2023"": 0.003484, ""2025"": 0.005484, ""2026"": 0.012346}",0.005149,0.00100164,Sigma-Aldrich,Cat#P8920,2
kapa hifi hotstart readymix,21,"2018,2019,2020,2021,2022,2023,2024,2025,2026","{""2018"": 1, ""2019"": 2, ""2020"": 4, ""2021"": 4, ""2022"": 3, ""2023"": 2, ""2024"": 2, ""2025"": 2, ""2026"": 1}","{""2018"": 0.002639, ""2019"": 0.003396, ""2020"": 0.006126, ""2021"": 0.005355, ""2022"": 0.00468, ""2023"": 0.003484, ""2024"": 0.004598, ""2025"": 0.003656, ""2026"": 0.012346}",0.005142,0.00057808,Roche,KK2602,9
d-sucrose,8,"2023,2024,2025","{""2023"": 2, ""2024"": 2, ""2025"": 4}","{""2023"": 0.003484, ""2024"": 0.004598, ""2025"": 0.007313}",0.005132,0.00191415,Fisher Scientific,BP220-212,5
bromophenol blue sodium salt,6,"2017,2021,2023,2024,2026","{""2017"": 1, ""2021"": 1, ""2023"": 2, ""2024"": 1, ""2026"": 1}","{""2017"": 0.006173, ""2021"": 0.001339, ""2023"": 0.003484, ""2024"": 0.002299, ""2026"": 0.012346}",0.005128,0.00043021,Sigma-Aldrich,Cat#B8026,3
qiaprep spin miniprep kit,17,"2019,2020,2021,2022,2023,2024,2025,2026","{""2019"": 1, ""2020"": 2, ""2021"": 2, ""2022"": 2, ""2023"": 4, ""2024"": 4, ""2025"": 1, ""2026"": 1}","{""2019"": 0.001698, ""2020"": 0.003063, ""2021"": 0.002677, ""2022"": 0.00312, ""2023"": 0.006969, ""2024"": 0.009195, ""2025"": 0.001828, ""2026"": 0.012346}",0.005112,0.00109244,QIAGEN,Cat# 27106,3
ethylenediaminetetraacetic acid (edta),21,"2017,2018,2019,2020,2021,2022,2023,2024,2025,2026","{""2017"": 1, ""2018"": 1, ""2019"": 2, ""2020"": 3, ""2021"": 3, ""2022"": 4, ""2023"": 3, ""2024"": 2, ""2025"": 1, ""2026"": 1}","{""2017"": 0.006173, ""2018"": 0.002639, ""2019"": 0.003396, ""2020"": 0.004594, ""2021"": 0.004016, ""2022"": 0.00624, ""2023"": 0.005226, ""2024"": 0.004598, ""2025"": 0.001828, ""2026"": 0.012346}",0.005106,0.00036373,Sigma-Aldrich,Cat#BP120,13
sybr green master mix,9,"2018,2021,2022,2025,2026","{""2018"": 1, ""2021"": 3, ""2022"": 3, ""2025"": 1, ""2026"": 1}","{""2018"": 0.002639, ""2021"": 0.004016, ""2022"": 0.00468, ""2025"": 0.001828, ""2026"": 0.012346}",0.005102,0.00073043,Applied Biosystems,Cat#K0223,9
cldu,14,"2017,2018,2020,2021,2022,2023","{""2017"": 1, ""2018"": 4, ""2020"": 3, ""2021"": 2, ""2022"": 2, ""2023"": 2}","{""2017"": 0.006173, ""2018"": 0.010554, ""2020"": 0.004594, ""2021"": 0.002677, ""2022"": 0.00312, ""2023"": 0.003484}",0.0051,-0.00094497,Sigma-Aldrich,Cat#C6891,4
l-arabinose,5,"2019,2023,2024,2026","{""2019"": 1, ""2023"": 1, ""2024"": 2, ""2026"": 1}","{""2019"": 0.001698, ""2023"": 0.001742, ""2024"": 0.004598, ""2026"": 0.012346}",0.005096,0.00134014,Sigma-Aldrich,Cat#A-300,5
crystal violet solution,16,"2017,2020,2021,2022,2023,2024,2025,2026","{""2017"": 1, ""2020"": 3, ""2021"": 4, ""2022"": 3, ""2023"": 2, ""2024"": 1, ""2025"": 1, ""2026"": 1}","{""2017"": 0.006173, ""2020"": 0.004594, ""2021"": 0.005355, ""2022"": 0.00468, ""2023"": 0.003484, ""2024"": 0.002299, ""2025"": 0.001828, ""2026"": 0.012346}",0.005095,0.00012357,Sigma-Aldrich,V5265,5
chloroquine diphosphate salt,13,"2017,2019,2020,2021,2023,2024,2025,2026","{""2017"": 2, ""2019"": 1, ""2020"": 2, ""2021"": 4, ""2023"": 1, ""2024"": 1, ""2025"": 1, ""2026"": 1}","{""2017"": 0.012346, ""2019"": 0.001698, ""2020"": 0.003063, ""2021"": 0.005355, ""2023"": 0.001742, ""2024"": 0.002299, ""2025"": 0.001828, ""2026"": 0.012346}",0.005084,-0.00017438,Sigma-Aldrich,Cat# C6628,3
n-2 supplement,18,"2019,2020,2021,2022,2023,2024,2025,2026","{""2019"": 5, ""2020"": 3, ""2021"": 2, ""2022"": 2, ""2023"": 3, ""2024"": 1, ""2025"": 1, ""2026"": 1}","{""2019"": 0.008489, ""2020"": 0.004594, ""2021"": 0.002677, ""2022"": 0.00312, ""2023"": 0.005226, ""2024"": 0.002299, ""2025"": 0.001828, ""2026"": 0.012346}",0.005072,0.00016831,Thermo Fisher Scientific,Cat# 17502048,5
seahorse xf dmem medium,8,"2021,2022,2024,2025,2026","{""2021"": 2, ""2022"": 1, ""2024"": 3, ""2025"": 1, ""2026"": 1}","{""2021"": 0.002677, ""2022"": 0.00156, ""2024"": 0.006897, ""2025"": 0.001828, ""2026"": 0.012346}",0.005062,0.001482,Agilent Technologies,Cat# 103575-100,3
bodipy,6,"2019,2020,2022,2026","{""2019"": 1, ""2020"": 2, ""2022"": 2, ""2026"": 1}","{""2019"": 0.001698, ""2020"": 0.003063, ""2022"": 0.00312, ""2026"": 0.012346}",0.005057,0.00150332,Invitrogen,Cat# D3922,3
ethanolamine,11,"2019,2020,2023,2024,2025,2026","{""2019"": 2, ""2020"": 3, ""2023"": 1, ""2024"": 2, ""2025"": 2, ""2026"": 1}","{""2019"": 0.003396, ""2020"": 0.004594, ""2023"": 0.001742, ""2024"": 0.004598, ""2025"": 0.003656, ""2026"": 0.012346}",0.005055,0.00068595,Sigma,Cat# E9508,7
fructose,5,"2024,2025","{""2024"": 2, ""2025"": 3}","{""2024"": 0.004598, ""2025"": 0.005484}",0.005041,,Fisher Scientific,Cat# AAA1771830,5
fluoromount g,5,"2024,2025","{""2024"": 2, ""2025"": 3}","{""2024"": 0.004598, ""2025"": 0.005484}",0.005041,,Southern Biotech,0100–01,3
"5,6-dichlorobenzimidazole 1-β-d-ribofuranoside (drb)",6,"2017,2018,2019,2023","{""2017"": 2, ""2018"": 1, ""2019"": 2, ""2023"": 1}","{""2017"": 0.012346, ""2018"": 0.002639, ""2019"": 0.003396, ""2023"": 0.001742}",0.00503,-0.0012237,Sigma-Aldrich,D1916,1
hemin,20,"2017,2018,2019,2020,2021,2023,2024,2025","{""2017"": 1, ""2018"": 2, ""2019"": 1, ""2020"": 5, ""2021"": 4, ""2023"": 2, ""2024"": 3, ""2025"": 2}","{""2017"": 0.006173, ""2018"": 0.005277, ""2019"": 0.001698, ""2020"": 0.007657, ""2021"": 0.005355, ""2023"": 0.003484, ""2024"": 0.006897, ""2025"": 0.003656}",0.005025,-7.247e-05,Sigma-Aldrich,Cat#51280,9
bouin’s solution,14,"2017,2018,2019,2020,2021,2023,2025","{""2017"": 2, ""2018"": 3, ""2019"": 1, ""2020"": 1, ""2021"": 2, ""2023"": 2, ""2025"": 3}","{""2017"": 0.012346, ""2018"": 0.007916, ""2019"": 0.001698, ""2020"": 0.001531, ""2021"": 0.002677, ""2023"": 0.003484, ""2025"": 0.005484}",0.00502,-0.00060929,Sigma-Aldrich,HT10132,6
igepal,17,"2018,2019,2020,2022,2023,2025","{""2018"": 2, ""2019"": 2, ""2020"": 4, ""2022"": 3, ""2023"": 4, ""2025"": 2}","{""2018"": 0.005277, ""2019"": 0.003396, ""2020"": 0.006126, ""2022"": 0.00468, ""2023"": 0.006969, ""2025"": 0.003656}",0.005017,-1.5e-05,Sigma-Aldrich,Cat# I8896,6
random primers,17,"2018,2019,2020,2021,2024,2025","{""2018"": 2, ""2019"": 4, ""2020"": 2, ""2021"": 4, ""2024"": 1, ""2025"": 4}","{""2018"": 0.005277, ""2019"": 0.006791, ""2020"": 0.003063, ""2021"": 0.005355, ""2024"": 0.002299, ""2025"": 0.007313}",0.005016,-3.465e-05,Promega,Cat#48190011,5
"dulbecco’s modified eagle medium, high glucose",14,"2017,2020,2021,2022,2023","{""2017"": 1, ""2020"": 1, ""2021"": 7, ""2022"": 4, ""2023"": 1}","{""2017"": 0.006173, ""2020"": 0.001531, ""2021"": 0.009371, ""2022"": 0.00624, ""2023"": 0.001742}",0.005011,-0.00030543,Sigma-Aldrich,Cat#D5796,1
nt-3,11,"2020,2022,2023,2024,2025,2026","{""2020"": 3, ""2022"": 2, ""2023"": 1, ""2024"": 2, ""2025"": 2, ""2026"": 1}","{""2020"": 0.004594, ""2022"": 0.00312, ""2023"": 0.001742, ""2024"": 0.004598, ""2025"": 0.003656, ""2026"": 0.012346}",0.005009,0.00094397,PeproTech,450-03,5
rpmi-1640 medium,18,"2018,2020,2021,2022,2023,2024,2025,2026","{""2018"": 1, ""2020"": 5, ""2021"": 5, ""2022"": 2, ""2023"": 2, ""2024"": 1, ""2025"": 1, ""2026"": 1}","{""2018"": 0.002639, ""2020"": 0.007657, ""2021"": 0.006693, ""2022"": 0.00312, ""2023"": 0.003484, ""2024"": 0.002299, ""2025"": 0.001828, ""2026"": 0.012346}",0.005008,0.00030803,Sigma-Aldrich,Cat#R8758-500ml,13
neurobasal™ medium,5,"2022,2024","{""2022"": 2, ""2024"": 3}","{""2022"": 0.00312, ""2024"": 0.006897}",0.005008,,Thermo Fisher Scientific,21103049,3
dntps,23,"2018,2019,2020,2021,2022,2023,2024,2025","{""2018"": 2, ""2019"": 3, ""2020"": 4, ""2021"": 5, ""2022"": 1, ""2023"": 3, ""2024"": 2, ""2025"": 3}","{""2018"": 0.005277, ""2019"": 0.005093, ""2020"": 0.006126, ""2021"": 0.006693, ""2022"": 0.00156, ""2023"": 0.005226, ""2024"": 0.004598, ""2025"": 0.005484}",0.005007,-0.00010544,Thermo Fisher Scientific,Cat#N0447S,17
anisomycin,22,"2017,2018,2019,2020,2021,2022,2023,2024,2025","{""2017"": 1, ""2018"": 2, ""2019"": 1, ""2020"": 1, ""2021"": 2, ""2022"": 5, ""2023"": 3, ""2024"": 4, ""2025"": 3}","{""2017"": 0.006173, ""2018"": 0.005277, ""2019"": 0.001698, ""2020"": 0.001531, ""2021"": 0.002677, ""2022"": 0.0078, ""2023"": 0.005226, ""2024"": 0.009195, ""2025"": 0.005484}",0.005007,0.00037213,Sigma-Aldrich,Cat# A9789,5
mirin,12,"2017,2018,2019,2020,2021,2023,2025,2026","{""2017"": 2, ""2018"": 1, ""2019"": 2, ""2020"": 2, ""2021"": 2, ""2023"": 1, ""2025"": 1, ""2026"": 1}","{""2017"": 0.012346, ""2018"": 0.002639, ""2019"": 0.003396, ""2020"": 0.003063, ""2021"": 0.002677, ""2023"": 0.001742, ""2025"": 0.001828, ""2026"": 0.012346}",0.005004,4.92e-06,Sigma-Aldrich,Cat# M9948,5
nupage sample reducing agent (10x),5,"2019,2024,2025,2026","{""2019"": 1, ""2024"": 1, ""2025"": 2, ""2026"": 1}","{""2019"": 0.001698, ""2024"": 0.002299, ""2025"": 0.003656, ""2026"": 0.012346}",0.005,0.00102959,ThermoFisher,Cat# NP0009,2
pngase f,22,"2018,2019,2020,2021,2022,2023,2024,2025","{""2018"": 3, ""2019"": 2, ""2020"": 3, ""2021"": 2, ""2022"": 4, ""2023"": 5, ""2024"": 2, ""2025"": 1}","{""2018"": 0.007916, ""2019"": 0.003396, ""2020"": 0.004594, ""2021"": 0.002677, ""2022"": 0.00624, ""2023"": 0.008711, ""2024"": 0.004598, ""2025"": 0.001828}",0.004995,-0.00024629,New England Biolabs,Cat#P0704S,7
trichostatin a,13,"2018,2019,2021,2023,2024,2025,2026","{""2018"": 2, ""2019"": 2, ""2021"": 2, ""2023"": 2, ""2024"": 1, ""2025"": 3, ""2026"": 1}","{""2018"": 0.005277, ""2019"": 0.003396, ""2021"": 0.002677, ""2023"": 0.003484, ""2024"": 0.002299, ""2025"": 0.005484, ""2026"": 0.012346}",0.004995,0.00054045,Sigma-Aldrich,T8552,2
power sybr ™ green pcr master mix,5,"2023,2024,2025,2026","{""2023"": 2, ""2024"": 1, ""2025"": 1, ""2026"": 1}","{""2023"": 0.003484, ""2024"": 0.002299, ""2025"": 0.001828, ""2026"": 0.012346}",0.004989,0.00261134,Applied Biosystems,Cat#4367659,5
sodium phosphate,5,"2023,2024,2025,2026","{""2023"": 2, ""2024"": 1, ""2025"": 1, ""2026"": 1}","{""2023"": 0.003484, ""2024"": 0.002299, ""2025"": 0.001828, ""2026"": 0.012346}",0.004989,0.00261134,VWR,Cat# S8282,4
nebuilder hifi dna assembly master mix,16,"2019,2020,2022,2023,2024,2025","{""2019"": 1, ""2020"": 1, ""2022"": 1, ""2023"": 6, ""2024"": 4, ""2025"": 3}","{""2019"": 0.001698, ""2020"": 0.001531, ""2022"": 0.00156, ""2023"": 0.010453, ""2024"": 0.009195, ""2025"": 0.005484}",0.004987,0.00119828,New England Biolabs,Cat#E2621S,5
cas9 protein,8,"2021,2023,2024,2025,2026","{""2021"": 2, ""2023"": 2, ""2024"": 2, ""2025"": 1, ""2026"": 1}","{""2021"": 0.002677, ""2023"": 0.003484, ""2024"": 0.004598, ""2025"": 0.001828, ""2026"": 0.012346}",0.004987,0.00135066,IDT,M0646T,8
stemregenin 1 (sr1),5,"2018,2019,2022,2026","{""2018"": 1, ""2019"": 2, ""2022"": 1, ""2026"": 1}","{""2018"": 0.002639, ""2019"": 0.003396, ""2022"": 0.00156, ""2026"": 0.012346}",0.004985,0.00112508,BioVision,Cat# 1967,3
torin 1,19,"2019,2020,2021,2022,2023,2024","{""2019"": 3, ""2020"": 4, ""2021"": 6, ""2022"": 2, ""2023"": 3, ""2024"": 1}","{""2019"": 0.005093, ""2020"": 0.006126, ""2021"": 0.008032, ""2022"": 0.00312, ""2023"": 0.005226, ""2024"": 0.002299}",0.004983,-0.00061663,Selleckchem,Cat# 14379,11
necrostatin-1,12,"2017,2019,2020,2021,2023,2024,2025,2026","{""2017"": 2, ""2019"": 1, ""2020"": 2, ""2021"": 2, ""2023"": 1, ""2024"": 1, ""2025"": 2, ""2026"": 1}","{""2017"": 0.012346, ""2019"": 0.001698, ""2020"": 0.003063, ""2021"": 0.002677, ""2023"": 0.001742, ""2024"": 0.002299, ""2025"": 0.003656, ""2026"": 0.012346}",0.004978,-5.742e-05,Sigma,N9037,8
expi293 expression medium,22,"2019,2020,2021,2022,2023,2024,2025","{""2019"": 2, ""2020"": 4, ""2021"": 5, ""2022"": 7, ""2023"": 1, ""2024"": 1, ""2025"": 2}","{""2019"": 0.003396, ""2020"": 0.006126, ""2021"": 0.006693, ""2022"": 0.01092, ""2023"": 0.001742, ""2024"": 0.002299, ""2025"": 0.003656}",0.004976,-0.00042223,Thermo Fisher Scientific,Cat# A1435101,5
noggin,21,"2017,2018,2019,2020,2021,2022,2023,2024,2025,2026","{""2017"": 1, ""2018"": 1, ""2019"": 1, ""2020"": 4, ""2021"": 4, ""2022"": 5, ""2023"": 2, ""2024"": 1, ""2025"": 1, ""2026"": 1}","{""2017"": 0.006173, ""2018"": 0.002639, ""2019"": 0.001698, ""2020"": 0.006126, ""2021"": 0.005355, ""2022"": 0.0078, ""2023"": 0.003484, ""2024"": 0.002299, ""2025"": 0.001828, ""2026"": 0.012346}",0.004975,0.00028733,PeproTech,Cat#120-10C,9
epps,8,"2021,2023,2024,2025,2026","{""2021"": 1, ""2023"": 3, ""2024"": 1, ""2025"": 2, ""2026"": 1}","{""2021"": 0.001339, ""2023"": 0.005226, ""2024"": 0.002299, ""2025"": 0.003656, ""2026"": 0.012346}",0.004973,0.00162691,Sigma-Aldrich,Cat# E9502,4
nbqx disodium salt,19,"2017,2019,2020,2021,2022,2023,2024","{""2017"": 1, ""2019"": 3, ""2020"": 5, ""2021"": 3, ""2022"": 5, ""2023"": 1, ""2024"": 1}","{""2017"": 0.006173, ""2019"": 0.005093, ""2020"": 0.007657, ""2021"": 0.004016, ""2022"": 0.0078, ""2023"": 0.001742, ""2024"": 0.002299}",0.004969,-0.00055613,Abcam,Cat# 1044,8
acetone,24,"2017,2018,2019,2020,2021,2022,2023,2024,2025","{""2017"": 1, ""2018"": 1, ""2019"": 2, ""2020"": 3, ""2021"": 6, ""2022"": 2, ""2023"": 2, ""2024"": 1, ""2025"": 6}","{""2017"": 0.006173, ""2018"": 0.002639, ""2019"": 0.003396, ""2020"": 0.004594, ""2021"": 0.008032, ""2022"": 0.00312, ""2023"": 0.003484, ""2024"": 0.002299, ""2025"": 0.010969}",0.004967,0.00028115,Sigma,Cat#179124,18
β-glycerophosphate disodium salt hydrate,6,"2017,2022,2024,2025","{""2017"": 2, ""2022"": 1, ""2024"": 1, ""2025"": 2}","{""2017"": 0.012346, ""2022"": 0.00156, ""2024"": 0.002299, ""2025"": 0.003656}",0.004965,-0.00121478,Sigma-Aldrich,Cat#G9422,1
mitosox,13,"2018,2019,2020,2021,2022,2024,2026","{""2018"": 3, ""2019"": 1, ""2020"": 1, ""2021"": 2, ""2022"": 4, ""2024"": 1, ""2026"": 1}","{""2018"": 0.007916, ""2019"": 0.001698, ""2020"": 0.001531, ""2021"": 0.002677, ""2022"": 0.00624, ""2024"": 0.002299, ""2026"": 0.012346}",0.004958,0.00065635,Invitrogen,Cat# M36008,2
rhodamine phalloidin,12,"2020,2021,2022,2023,2025,2026","{""2020"": 2, ""2021"": 2, ""2022"": 4, ""2023"": 1, ""2025"": 2, ""2026"": 1}","{""2020"": 0.003063, ""2021"": 0.002677, ""2022"": 0.00624, ""2023"": 0.001742, ""2025"": 0.003656, ""2026"": 0.012346}",0.004954,0.00106287,Invitrogen,Cat# PHDR1,5
idu,14,"2017,2018,2020,2021,2022,2023","{""2017"": 1, ""2018"": 3, ""2020"": 3, ""2021"": 2, ""2022"": 2, ""2023"": 3}","{""2017"": 0.006173, ""2018"": 0.007916, ""2020"": 0.004594, ""2021"": 0.002677, ""2022"": 0.00312, ""2023"": 0.005226}",0.004951,-0.00054796,Sigma-Aldrich,Cat#I7125,3
"dmem, high glucose, pyruvate",17,"2019,2020,2021,2022,2023,2024,2025,2026","{""2019"": 1, ""2020"": 4, ""2021"": 3, ""2022"": 2, ""2023"": 1, ""2024"": 3, ""2025"": 2, ""2026"": 1}","{""2019"": 0.001698, ""2020"": 0.006126, ""2021"": 0.004016, ""2022"": 0.00312, ""2023"": 0.001742, ""2024"": 0.006897, ""2025"": 0.003656, ""2026"": 0.012346}",0.00495,0.00082681,Thermo Fisher Scientific,11995065,5
"pierce 16% formaldehyde (w/v), methanol-free",10,"2019,2020,2021","{""2019"": 3, ""2020"": 2, ""2021"": 5}","{""2019"": 0.005093, ""2020"": 0.003063, ""2021"": 0.006693}",0.00495,0.00080003,Thermo Fisher,Cat# 28908,2
sodium pyruvate (100 mm),21,"2018,2019,2020,2021,2022,2023,2024,2025","{""2018"": 3, ""2019"": 1, ""2020"": 2, ""2021"": 4, ""2022"": 1, ""2023"": 2, ""2024"": 4, ""2025"": 4}","{""2018"": 0.007916, ""2019"": 0.001698, ""2020"": 0.003063, ""2021"": 0.005355, ""2022"": 0.00156, ""2023"": 0.003484, ""2024"": 0.009195, ""2025"": 0.007313}",0.004948,0.00036592,Thermo Fisher Scientific,Cat# 11360070,6
phusion high-fidelity dna polymerase,22,"2018,2019,2020,2021,2022,2023,2024,2025","{""2018"": 2, ""2019"": 5, ""2020"": 1, ""2021"": 3, ""2022"": 2, ""2023"": 3, ""2024"": 2, ""2025"": 4}","{""2018"": 0.005277, ""2019"": 0.008489, ""2020"": 0.001531, ""2021"": 0.004016, ""2022"": 0.00312, ""2023"": 0.005226, ""2024"": 0.004598, ""2025"": 0.007313}",0.004946,5.931e-05,New England Biolabs,Cat#F530L,6
urethane,14,"2017,2018,2019,2021,2022,2023,2024","{""2017"": 2, ""2018"": 1, ""2019"": 1, ""2021"": 2, ""2022"": 2, ""2023"": 3, ""2024"": 3}","{""2017"": 0.012346, ""2018"": 0.002639, ""2019"": 0.001698, ""2021"": 0.002677, ""2022"": 0.00312, ""2023"": 0.005226, ""2024"": 0.006897}",0.004943,-0.00027812,Sigma-Aldrich,Cat# U2500,4
poly-l-lysine hydrobromide,12,"2019,2021,2022,2023,2025,2026","{""2019"": 2, ""2021"": 4, ""2022"": 2, ""2023"": 2, ""2025"": 1, ""2026"": 1}","{""2019"": 0.003396, ""2021"": 0.005355, ""2022"": 0.00312, ""2023"": 0.003484, ""2025"": 0.001828, ""2026"": 0.012346}",0.004921,0.00069373,Sigma-Aldrich,Cat# P1524,5
penicillin-streptomycin-glutamine,13,"2019,2021,2022,2023,2024,2025,2026","{""2019"": 1, ""2021"": 2, ""2022"": 2, ""2023"": 1, ""2024"": 4, ""2025"": 2, ""2026"": 1}","{""2019"": 0.001698, ""2021"": 0.002677, ""2022"": 0.00312, ""2023"": 0.001742, ""2024"": 0.009195, ""2025"": 0.003656, ""2026"": 0.012346}",0.004919,0.00123929,Thermo Fisher Scientific,Cat# 10378016,2
paclitaxel,20,"2017,2018,2019,2020,2021,2023,2024,2025","{""2017"": 1, ""2018"": 1, ""2019"": 6, ""2020"": 5, ""2021"": 2, ""2023"": 1, ""2024"": 2, ""2025"": 2}","{""2017"": 0.006173, ""2018"": 0.002639, ""2019"": 0.010187, ""2020"": 0.007657, ""2021"": 0.002677, ""2023"": 0.001742, ""2024"": 0.004598, ""2025"": 0.003656}",0.004916,-0.00040456,Sigma,T7402,12
protein a/g magnetic beads,5,"2020,2023,2024,2026","{""2020"": 1, ""2023"": 2, ""2024"": 1, ""2026"": 1}","{""2020"": 0.001531, ""2023"": 0.003484, ""2024"": 0.002299, ""2026"": 0.012346}",0.004915,0.00159075,Diagenode,Cat# 88802,4
trypsin-edta (0.25%),14,"2021,2022,2023,2024,2025","{""2021"": 3, ""2022"": 2, ""2023"": 5, ""2024"": 3, ""2025"": 1}","{""2021"": 0.004016, ""2022"": 0.00312, ""2023"": 0.008711, ""2024"": 0.006897, ""2025"": 0.001828}",0.004914,-5.994e-05,Gibco,Cat# 25200056,4
ebioscience fixable viability dye efluor 780,6,"2020,2021,2022,2026","{""2020"": 2, ""2021"": 2, ""2022"": 1, ""2026"": 1}","{""2020"": 0.003063, ""2021"": 0.002677, ""2022"": 0.00156, ""2026"": 0.012346}",0.004911,0.00171895,Invitrogen,Cat# 65-0865-14,4
rbc lysis buffer,23,"2017,2018,2019,2020,2021,2022,2023,2024,2025","{""2017"": 1, ""2018"": 1, ""2019"": 2, ""2020"": 4, ""2021"": 3, ""2022"": 5, ""2023"": 2, ""2024"": 3, ""2025"": 2}","{""2017"": 0.006173, ""2018"": 0.002639, ""2019"": 0.003396, ""2020"": 0.006126, ""2021"": 0.004016, ""2022"": 0.0078, ""2023"": 0.003484, ""2024"": 0.006897, ""2025"": 0.003656}",0.00491,7.6e-05,BioLegend,Cat# 00-4333-57,10
opti-mem reduced serum media,5,"2021,2024,2025,2026","{""2021"": 1, ""2024"": 1, ""2025"": 2, ""2026"": 1}","{""2021"": 0.001339, ""2024"": 0.002299, ""2025"": 0.003656, ""2026"": 0.012346}",0.00491,0.00173797,Gibco,Cat# 31985070,4
protein a dynabeads,15,"2019,2020,2021,2023,2025","{""2019"": 5, ""2020"": 2, ""2021"": 3, ""2023"": 2, ""2025"": 3}","{""2019"": 0.008489, ""2020"": 0.003063, ""2021"": 0.004016, ""2023"": 0.003484, ""2025"": 0.005484}",0.004907,-0.00025242,Invitrogen,Cat#10002D,5
rneasy mini kit,23,"2018,2019,2020,2021,2022,2023,2024,2025","{""2018"": 1, ""2019"": 4, ""2020"": 4, ""2021"": 4, ""2022"": 2, ""2023"": 4, ""2024"": 2, ""2025"": 2}","{""2018"": 0.002639, ""2019"": 0.006791, ""2020"": 0.006126, ""2021"": 0.005355, ""2022"": 0.00312, ""2023"": 0.006969, ""2024"": 0.004598, ""2025"": 0.003656}",0.004907,-4.224e-05,QIAGEN,Cat#74104,4
lysyl endopeptidase,14,"2017,2019,2020,2022,2023,2024","{""2017"": 1, ""2019"": 3, ""2020"": 1, ""2022"": 1, ""2023"": 6, ""2024"": 2}","{""2017"": 0.006173, ""2019"": 0.005093, ""2020"": 0.001531, ""2022"": 0.00156, ""2023"": 0.010453, ""2024"": 0.004598}",0.004901,0.00013639,Wako Chemicals,Cat# 129-02541,9
live/dead fixable aqua dead cell stain kit,22,"2018,2019,2020,2021,2022,2023,2024,2025","{""2018"": 4, ""2019"": 1, ""2020"": 1, ""2021"": 6, ""2022"": 4, ""2023"": 4, ""2024"": 1, ""2025"": 1}","{""2018"": 0.010554, ""2019"": 0.001698, ""2020"": 0.001531, ""2021"": 0.008032, ""2022"": 0.00624, ""2023"": 0.006969, ""2024"": 0.002299, ""2025"": 0.001828}",0.004894,-0.00051853,Thermo Fisher Scientific,Cat# L34957,3
recombinant murine tpo,11,"2017,2018,2020,2021,2023,2024","{""2017"": 2, ""2018"": 1, ""2020"": 2, ""2021"": 2, ""2023"": 1, ""2024"": 3}","{""2017"": 0.012346, ""2018"": 0.002639, ""2020"": 0.003063, ""2021"": 0.002677, ""2023"": 0.001742, ""2024"": 0.006897}",0.004894,-0.00057348,Peprotech,Cat# 315-14,3
human ace2-higg1fc,10,"2021,2022,2023","{""2021"": 5, ""2022"": 4, ""2023"": 1}","{""2021"": 0.006693, ""2022"": 0.00624, ""2023"": 0.001742}",0.004892,-0.00247564,This paper,,3
his-tagged sars-cov-2 rbd,10,"2021,2022,2023","{""2021"": 5, ""2022"": 4, ""2023"": 1}","{""2021"": 0.006693, ""2022"": 0.00624, ""2023"": 0.001742}",0.004892,-0.00247564,This paper,,6
verteporfin,6,"2017,2019,2021,2022,2026","{""2017"": 1, ""2019"": 1, ""2021"": 2, ""2022"": 1, ""2026"": 1}","{""2017"": 0.006173, ""2019"": 0.001698, ""2021"": 0.002677, ""2022"": 0.00156, ""2026"": 0.012346}",0.004891,0.00076525,Sigma-Aldrich,Cat# SML0534,2
thiamine hydrochloride,5,"2020,2024,2025,2026","{""2020"": 2, ""2024"": 1, ""2025"": 1, ""2026"": 1}","{""2020"": 0.003063, ""2024"": 0.002299, ""2025"": 0.001828, ""2026"": 0.012346}",0.004884,0.000923,Sigma,Cat# T4625–10G,3
polyethyleneimine,17,"2017,2018,2019,2020,2021,2023,2024,2025,2026","{""2017"": 1, ""2018"": 1, ""2019"": 2, ""2020"": 3, ""2021"": 4, ""2023"": 2, ""2024"": 1, ""2025"": 2, ""2026"": 1}","{""2017"": 0.006173, ""2018"": 0.002639, ""2019"": 0.003396, ""2020"": 0.004594, ""2021"": 0.005355, ""2023"": 0.003484, ""2024"": 0.002299, ""2025"": 0.003656, ""2026"": 0.012346}",0.004882,0.0003247,Polysciences,Cat# 24765-1,14
sodium orthovanadate,22,"2017,2018,2019,2020,2021,2022,2023,2024,2025","{""2017"": 1, ""2018"": 3, ""2019"": 4, ""2020"": 3, ""2021"": 4, ""2022"": 2, ""2023"": 2, ""2024"": 2, ""2025"": 1}","{""2017"": 0.006173, ""2018"": 0.007916, ""2019"": 0.006791, ""2020"": 0.004594, ""2021"": 0.005355, ""2022"": 0.00312, ""2023"": 0.003484, ""2024"": 0.004598, ""2025"": 0.001828}",0.004873,-0.00059033,Sigma-Aldrich,S6508,7
2-mercaptoethanol (bme),8,"2019,2022,2023,2025,2026","{""2019"": 1, ""2022"": 2, ""2023"": 2, ""2025"": 2, ""2026"": 1}","{""2019"": 0.001698, ""2022"": 0.00312, ""2023"": 0.003484, ""2025"": 0.003656, ""2026"": 0.012346}",0.004861,0.00114795,Sigma,Cat#M6250,5
ferrostatin-1,11,"2022,2023,2024,2025","{""2022"": 4, ""2023"": 1, ""2024"": 1, ""2025"": 5}","{""2022"": 0.00624, ""2023"": 0.001742, ""2024"": 0.002299, ""2025"": 0.009141}",0.004856,0.00092582,Sigma-Aldrich,SML0583,5
n-acetylcysteine,22,"2018,2019,2020,2021,2022,2023,2024,2025","{""2018"": 2, ""2019"": 1, ""2020"": 2, ""2021"": 3, ""2022"": 6, ""2023"": 2, ""2024"": 2, ""2025"": 4}","{""2018"": 0.005277, ""2019"": 0.001698, ""2020"": 0.003063, ""2021"": 0.004016, ""2022"": 0.00936, ""2023"": 0.003484, ""2024"": 0.004598, ""2025"": 0.007313}",0.004851,0.00042092,Sigma-Aldrich,Cat# A9165,6
taq dna polymerase,16,"2017,2018,2019,2020,2021,2023,2024,2025","{""2017"": 2, ""2018"": 3, ""2019"": 3, ""2020"": 2, ""2021"": 2, ""2023"": 1, ""2024"": 1, ""2025"": 2}","{""2017"": 0.012346, ""2018"": 0.007916, ""2019"": 0.005093, ""2020"": 0.003063, ""2021"": 0.002677, ""2023"": 0.001742, ""2024"": 0.002299, ""2025"": 0.003656}",0.004849,-0.00096007,NEB,Cat# M0267,10
matrigel matrix,13,"2019,2020,2021,2022,2024,2025,2026","{""2019"": 1, ""2020"": 3, ""2021"": 1, ""2022"": 1, ""2024"": 3, ""2025"": 3, ""2026"": 1}","{""2019"": 0.001698, ""2020"": 0.004594, ""2021"": 0.001339, ""2022"": 0.00156, ""2024"": 0.006897, ""2025"": 0.005484, ""2026"": 0.012346}",0.004845,0.00118599,Corning,Cat# 354234,11
ldn-193189,23,"2017,2018,2019,2020,2021,2022,2023,2024,2025","{""2017"": 1, ""2018"": 1, ""2019"": 3, ""2020"": 1, ""2021"": 4, ""2022"": 5, ""2023"": 2, ""2024"": 1, ""2025"": 5}","{""2017"": 0.006173, ""2018"": 0.002639, ""2019"": 0.005093, ""2020"": 0.001531, ""2021"": 0.005355, ""2022"": 0.0078, ""2023"": 0.003484, ""2024"": 0.002299, ""2025"": 0.009141}",0.004835,0.00023173,Stemgent,04-0074,10
superscript™ iii reverse transcriptase,8,"2022,2023,2024","{""2022"": 3, ""2023"": 3, ""2024"": 2}","{""2022"": 0.00468, ""2023"": 0.005226, ""2024"": 0.004598}",0.004835,-4.124e-05,Life Technologies,18080093,3
sodium arsenite,11,"2019,2022,2023,2025","{""2019"": 2, ""2022"": 1, ""2023"": 3, ""2025"": 5}","{""2019"": 0.003396, ""2022"": 0.00156, ""2023"": 0.005226, ""2025"": 0.009141}",0.004831,0.00094034,Sigma,S7400; CAS: 7784-46-5,10
2-deoxyglucose,8,"2017,2018,2019,2021,2022,2025,2026","{""2017"": 2, ""2018"": 1, ""2019"": 1, ""2021"": 1, ""2022"": 1, ""2025"": 1, ""2026"": 1}","{""2017"": 0.012346, ""2018"": 0.002639, ""2019"": 0.001698, ""2021"": 0.001339, ""2022"": 0.00156, ""2025"": 0.001828, ""2026"": 0.012346}",0.004822,7.177e-05,Sigma-Aldrich,Cat# D8375,4
dl-dithiothreitol (dtt),10,"2019,2021,2023,2024,2025,2026","{""2019"": 1, ""2021"": 2, ""2023"": 2, ""2024"": 3, ""2025"": 1, ""2026"": 1}","{""2019"": 0.001698, ""2021"": 0.002677, ""2023"": 0.003484, ""2024"": 0.006897, ""2025"": 0.001828, ""2026"": 0.012346}",0.004822,0.00104247,Sigma-Aldrich,Cat# D0632,6
3c protease,8,"2021,2022,2024,2025,2026","{""2021"": 2, ""2022"": 2, ""2024"": 1, ""2025"": 2, ""2026"": 1}","{""2021"": 0.002677, ""2022"": 0.00312, ""2024"": 0.002299, ""2025"": 0.003656, ""2026"": 0.012346}",0.00482,0.00137876,This study,Cat#7360,7
qiazol lysis reagent,21,"2017,2018,2019,2020,2021,2022,2023,2025","{""2017"": 1, ""2018"": 1, ""2019"": 1, ""2020"": 5, ""2021"": 4, ""2022"": 5, ""2023"": 1, ""2025"": 3}","{""2017"": 0.006173, ""2018"": 0.002639, ""2019"": 0.001698, ""2020"": 0.007657, ""2021"": 0.005355, ""2022"": 0.0078, ""2023"": 0.001742, ""2025"": 0.005484}",0.004818,8.057e-05,QIAGEN,Cat# 79306,1
r848,16,"2019,2020,2021,2022,2023,2024,2025,2026","{""2019"": 1, ""2020"": 3, ""2021"": 3, ""2022"": 2, ""2023"": 1, ""2024"": 4, ""2025"": 1, ""2026"": 1}","{""2019"": 0.001698, ""2020"": 0.004594, ""2021"": 0.004016, ""2022"": 0.00312, ""2023"": 0.001742, ""2024"": 0.009195, ""2025"": 0.001828, ""2026"": 0.012346}",0.004817,0.00089125,Invivogen,Cat# tlrl-r848,7
spermidine,21,"2017,2018,2019,2020,2021,2022,2023,2024,2025","{""2017"": 1, ""2018"": 2, ""2019"": 1, ""2020"": 1, ""2021"": 3, ""2022"": 3, ""2023"": 3, ""2024"": 4, ""2025"": 3}","{""2017"": 0.006173, ""2018"": 0.005277, ""2019"": 0.001698, ""2020"": 0.001531, ""2021"": 0.004016, ""2022"": 0.00468, ""2023"": 0.005226, ""2024"": 0.009195, ""2025"": 0.005484}",0.004809,0.00032013,Sigma,Cat#S2626,9
4% paraformaldehyde,17,"2020,2021,2022,2023,2024,2025","{""2020"": 4, ""2021"": 3, ""2022"": 1, ""2023"": 3, ""2024"": 2, ""2025"": 4}","{""2020"": 0.006126, ""2021"": 0.004016, ""2022"": 0.00156, ""2023"": 0.005226, ""2024"": 0.004598, ""2025"": 0.007313}",0.004806,0.00032419,Boster,Cat#AAJ19943K2,13
ammonium persulfate,15,"2018,2019,2021,2022,2023,2024,2025,2026","{""2018"": 1, ""2019"": 1, ""2021"": 1, ""2022"": 2, ""2023"": 1, ""2024"": 2, ""2025"": 6, ""2026"": 1}","{""2018"": 0.002639, ""2019"": 0.001698, ""2021"": 0.001339, ""2022"": 0.00312, ""2023"": 0.001742, ""2024"": 0.004598, ""2025"": 0.010969, ""2026"": 0.012346}",0.004806,0.00120051,Sigma,Cat# A3678,7
tween 80,19,"2018,2019,2020,2021,2022,2023,2024,2025,2026","{""2018"": 1, ""2019"": 4, ""2020"": 3, ""2021"": 2, ""2022"": 3, ""2023"": 1, ""2024"": 1, ""2025"": 3, ""2026"": 1}","{""2018"": 0.002639, ""2019"": 0.006791, ""2020"": 0.004594, ""2021"": 0.002677, ""2022"": 0.00468, ""2023"": 0.001742, ""2024"": 0.002299, ""2025"": 0.005484, ""2026"": 0.012346}",0.004806,0.00048971,Sigma-Aldrich,Cat# P1754,8
methyl methanesulfonate (mms),9,"2017,2018,2020,2021,2023","{""2017"": 2, ""2018"": 1, ""2020"": 1, ""2021"": 3, ""2023"": 2}","{""2017"": 0.012346, ""2018"": 0.002639, ""2020"": 0.001531, ""2021"": 0.004016, ""2023"": 0.003484}",0.004803,-0.00101061,Sigma-Aldrich,129925,3
dnase1,8,"2019,2020,2021,2024,2026","{""2019"": 3, ""2020"": 1, ""2021"": 2, ""2024"": 1, ""2026"": 1}","{""2019"": 0.005093, ""2020"": 0.001531, ""2021"": 0.002677, ""2024"": 0.002299, ""2026"": 0.012346}",0.004789,0.00096942,Merck,Cat# 10104159001,7
hepes (1m),14,"2019,2020,2021,2022,2023,2025,2026","{""2019"": 1, ""2020"": 2, ""2021"": 2, ""2022"": 3, ""2023"": 1, ""2025"": 4, ""2026"": 1}","{""2019"": 0.001698, ""2020"": 0.003063, ""2021"": 0.002677, ""2022"": 0.00468, ""2023"": 0.001742, ""2025"": 0.007313, ""2026"": 0.012346}",0.004788,0.00125771,Thermo Fisher Scientific,Cat# 15630130,8
potassium hydroxide,5,"2021,2024","{""2021"": 2, ""2024"": 3}","{""2021"": 0.002677, ""2024"": 0.006897}",0.004787,,Sigma-Aldrich,Cat#P1767,4
cfse,17,"2018,2019,2020,2021,2022,2023,2024,2025,2026","{""2018"": 4, ""2019"": 2, ""2020"": 2, ""2021"": 2, ""2022"": 1, ""2023"": 2, ""2024"": 1, ""2025"": 2, ""2026"": 1}","{""2018"": 0.010554, ""2019"": 0.003396, ""2020"": 0.003063, ""2021"": 0.002677, ""2022"": 0.00156, ""2023"": 0.003484, ""2024"": 0.002299, ""2025"": 0.003656, ""2026"": 0.012346}",0.004782,0.00012046,Thermo Fisher Scientific,Cat# ab113853,13
marimastat,5,"2017,2021,2023,2024,2026","{""2017"": 1, ""2021"": 1, ""2023"": 1, ""2024"": 1, ""2026"": 1}","{""2017"": 0.006173, ""2021"": 0.001339, ""2023"": 0.001742, ""2024"": 0.002299, ""2026"": 0.012346}",0.00478,0.00040043,Sigma-Aldrich,Cat# 154039-60-8,5
papain from papaya latex,10,"2019,2021,2022,2023,2024,2026","{""2019"": 1, ""2021"": 2, ""2022"": 1, ""2023"": 2, ""2024"": 3, ""2026"": 1}","{""2019"": 0.001698, ""2021"": 0.002677, ""2022"": 0.00156, ""2023"": 0.003484, ""2024"": 0.006897, ""2026"": 0.012346}",0.004777,0.00151046,Sigma-Aldrich,SKU# P4762,6
igf-1,9,"2021,2023,2025","{""2021"": 4, ""2023"": 2, ""2025"": 3}","{""2021"": 0.005355, ""2023"": 0.003484, ""2025"": 0.005484}",0.004775,3.243e-05,Peprotech,Cat# 291-G1-200,7
tannic acid,10,"2018,2019,2020,2022,2025,2026","{""2018"": 1, ""2019"": 1, ""2020"": 1, ""2022"": 2, ""2025"": 4, ""2026"": 1}","{""2018"": 0.002639, ""2019"": 0.001698, ""2020"": 0.001531, ""2022"": 0.00312, ""2025"": 0.007313, ""2026"": 0.012346}",0.004774,0.00116548,Sigma-Aldrich,Cat# 403040,7
dextrose,16,"2020,2021,2022,2023,2024,2025","{""2020"": 1, ""2021"": 3, ""2022"": 2, ""2023"": 3, ""2024"": 4, ""2025"": 3}","{""2020"": 0.001531, ""2021"": 0.004016, ""2022"": 0.00312, ""2023"": 0.005226, ""2024"": 0.009195, ""2025"": 0.005484}",0.004762,0.00106885,Sigma-Aldrich,Cat# D9434,9
ripa buffer (10x),5,"2019,2021,2025,2026","{""2019"": 1, ""2021"": 1, ""2025"": 2, ""2026"": 1}","{""2019"": 0.001698, ""2021"": 0.001339, ""2025"": 0.003656, ""2026"": 0.012346}",0.00476,0.0012104,Cell Signaling,Cat# 9806S,2
mtt,11,"2019,2021,2022,2023,2025,2026","{""2019"": 1, ""2021"": 2, ""2022"": 3, ""2023"": 2, ""2025"": 2, ""2026"": 1}","{""2019"": 0.001698, ""2021"": 0.002677, ""2022"": 0.00468, ""2023"": 0.003484, ""2025"": 0.003656, ""2026"": 0.012346}",0.004757,0.00111112,Sigma,Cat# M5655,5
"tetramethylrhodamine, ethyl ester, perchlorate (tmre)",5,"2021,2023,2025,2026","{""2021"": 1, ""2023"": 2, ""2025"": 1, ""2026"": 1}","{""2021"": 0.001339, ""2023"": 0.003484, ""2025"": 0.001828, ""2026"": 0.012346}",0.004749,0.00161141,ThermoFisher Scientific,Cat#T669,1
vectashield with dapi,19,"2017,2018,2019,2020,2021,2022,2023,2024","{""2017"": 1, ""2018"": 1, ""2019"": 3, ""2020"": 4, ""2021"": 1, ""2022"": 4, ""2023"": 2, ""2024"": 3}","{""2017"": 0.006173, ""2018"": 0.002639, ""2019"": 0.005093, ""2020"": 0.006126, ""2021"": 0.001339, ""2022"": 0.00624, ""2023"": 0.003484, ""2024"": 0.006897}",0.004749,9.463e-05,Vector Laboratories,Cat#H-1200,5
dmxaa,6,"2019,2022","{""2019"": 1, ""2022"": 5}","{""2019"": 0.001698, ""2022"": 0.0078}",0.004749,,Invivogen,Cat# tlrl-dmx,3
propylene glycol,5,"2019,2022,2025,2026","{""2019"": 1, ""2022"": 2, ""2025"": 1, ""2026"": 1}","{""2019"": 0.001698, ""2022"": 0.00312, ""2025"": 0.001828, ""2026"": 0.012346}",0.004748,0.00102607,Sigma,484326,4
recombinant mouse il-6,14,"2019,2020,2021,2024,2025","{""2019"": 2, ""2020"": 2, ""2021"": 4, ""2024"": 2, ""2025"": 4}","{""2019"": 0.003396, ""2020"": 0.003063, ""2021"": 0.005355, ""2024"": 0.004598, ""2025"": 0.007313}",0.004745,0.00053026,PeproTech,Cat# 575702,8
5m nacl,10,"2018,2019,2022,2023,2025,2026","{""2018"": 1, ""2019"": 2, ""2022"": 3, ""2023"": 1, ""2025"": 2, ""2026"": 1}","{""2018"": 0.002639, ""2019"": 0.003396, ""2022"": 0.00468, ""2023"": 0.001742, ""2025"": 0.003656, ""2026"": 0.012346}",0.004743,0.00072019,Sigma Aldrich,Cat# S5150,5
heparin sodium salt,16,"2019,2021,2022,2023,2024,2025","{""2019"": 2, ""2021"": 2, ""2022"": 3, ""2023"": 2, ""2024"": 3, ""2025"": 4}","{""2019"": 0.003396, ""2021"": 0.002677, ""2022"": 0.00468, ""2023"": 0.003484, ""2024"": 0.006897, ""2025"": 0.007313}",0.004741,0.00072295,Sigma-Aldrich,H3393,5
ly294002,16,"2018,2019,2020,2021,2022,2023,2025,2026","{""2018"": 1, ""2019"": 2, ""2020"": 5, ""2021"": 1, ""2022"": 1, ""2023"": 2, ""2025"": 3, ""2026"": 1}","{""2018"": 0.002639, ""2019"": 0.003396, ""2020"": 0.007657, ""2021"": 0.001339, ""2022"": 0.00156, ""2023"": 0.003484, ""2025"": 0.005484, ""2026"": 0.012346}",0.004738,0.000746,Cell Signaling Technology,Cat#70920,12
tween20,19,"2018,2019,2020,2021,2022,2023,2024","{""2018"": 2, ""2019"": 3, ""2020"": 4, ""2021"": 1, ""2022"": 5, ""2023"": 3, ""2024"": 1}","{""2018"": 0.005277, ""2019"": 0.005093, ""2020"": 0.006126, ""2021"": 0.001339, ""2022"": 0.0078, ""2023"": 0.005226, ""2024"": 0.002299}",0.004737,-0.00024977,Sigma-Aldrich,Cat# P1379-500ML,9
pronase,17,"2018,2019,2020,2021,2022,2023","{""2018"": 1, ""2019"": 2, ""2020"": 5, ""2021"": 1, ""2022"": 3, ""2023"": 5}","{""2018"": 0.002639, ""2019"": 0.003396, ""2020"": 0.007657, ""2021"": 0.001339, ""2022"": 0.00468, ""2023"": 0.008711}",0.004737,0.00079705,Roche,Cat#10165921001,11
cytidine,8,"2019,2020,2022,2025,2026","{""2019"": 1, ""2020"": 2, ""2022"": 3, ""2025"": 1, ""2026"": 1}","{""2019"": 0.001698, ""2020"": 0.003063, ""2022"": 0.00468, ""2025"": 0.001828, ""2026"": 0.012346}",0.004723,0.00091942,Sigma-Aldrich,Cat#C4654,3
gentamicin sulfate,14,"2017,2018,2020,2021,2023,2025","{""2017"": 1, ""2018"": 1, ""2020"": 1, ""2021"": 4, ""2023"": 2, ""2025"": 5}","{""2017"": 0.006173, ""2018"": 0.002639, ""2020"": 0.001531, ""2021"": 0.005355, ""2023"": 0.003484, ""2025"": 0.009141}",0.00472,0.00041546,Sigma,G-400-1,12
recombinant human stem cell factor (scf),5,"2020,2021,2024,2026","{""2020"": 1, ""2021"": 2, ""2024"": 1, ""2026"": 1}","{""2020"": 0.001531, ""2021"": 0.002677, ""2024"": 0.002299, ""2026"": 0.012346}",0.004713,0.00149891,Peprotech,Cat#300–07,4
"3,3′,5,5′-tetramethylbenzidine (tmb)",5,"2020,2021,2024,2026","{""2020"": 1, ""2021"": 2, ""2024"": 1, ""2026"": 1}","{""2020"": 0.001531, ""2021"": 0.002677, ""2024"": 0.002299, ""2026"": 0.012346}",0.004713,0.00149891,Sigma-Aldrich,Cat#42R-TB10265R-S104PHRP,5
recombinant human egf,17,"2018,2019,2020,2021,2022,2023,2024","{""2018"": 3, ""2019"": 2, ""2020"": 1, ""2021"": 4, ""2022"": 1, ""2023"": 1, ""2024"": 5}","{""2018"": 0.007916, ""2019"": 0.003396, ""2020"": 0.001531, ""2021"": 0.005355, ""2022"": 0.00156, ""2023"": 0.001742, ""2024"": 0.011494}",0.004713,0.00026635,Peprotech,Cat#AF-100-15,7
vectashield mounting medium,20,"2018,2019,2020,2021,2022,2023,2024,2025","{""2018"": 4, ""2019"": 3, ""2020"": 4, ""2021"": 1, ""2022"": 3, ""2023"": 2, ""2024"": 2, ""2025"": 1}","{""2018"": 0.010554, ""2019"": 0.005093, ""2020"": 0.006126, ""2021"": 0.001339, ""2022"": 0.00468, ""2023"": 0.003484, ""2024"": 0.004598, ""2025"": 0.001828}",0.004713,-0.00081122,Vector Laboratories,Cat#H-1000,4
nupage™ lds sample buffer (4x),8,"2019,2021,2022,2023,2026","{""2019"": 1, ""2021"": 1, ""2022"": 3, ""2023"": 2, ""2026"": 1}","{""2019"": 0.001698, ""2021"": 0.001339, ""2022"": 0.00468, ""2023"": 0.003484, ""2026"": 0.012346}",0.004709,0.00155693,ThermoFisher Scientific,Cat#NP0007,4
zvad-fmk,5,"2017,2018,2021","{""2017"": 1, ""2018"": 2, ""2021"": 2}","{""2017"": 0.006173, ""2018"": 0.005277, ""2021"": 0.002677}",0.004709,-0.00087218,Apex Bio,A1902,3
protein a/g agarose,6,"2017,2019,2020,2022","{""2017"": 2, ""2019"": 2, ""2020"": 1, ""2022"": 1}","{""2017"": 0.012346, ""2019"": 0.003396, ""2020"": 0.001531, ""2022"": 0.00156}",0.004708,-0.00214586,Santa Cruz,SC-2003,6
q5 site-directed mutagenesis kit,5,"2020,2022,2025,2026","{""2020"": 1, ""2022"": 2, ""2025"": 1, ""2026"": 1}","{""2020"": 0.001531, ""2022"": 0.00312, ""2025"": 0.001828, ""2026"": 0.012346}",0.004706,0.00124276,New England Biolabs,E0554S,3
human il-7,7,"2017,2020,2023,2024,2025,2026","{""2017"": 1, ""2020"": 1, ""2023"": 1, ""2024"": 2, ""2025"": 1, ""2026"": 1}","{""2017"": 0.006173, ""2020"": 0.001531, ""2023"": 0.001742, ""2024"": 0.004598, ""2025"": 0.001828, ""2026"": 0.012346}",0.004703,0.00030902,PeproTech,Cat#78053.1,5
triton-x 100,10,"2022,2023,2024,2025","{""2022"": 2, ""2023"": 4, ""2024"": 3, ""2025"": 1}","{""2022"": 0.00312, ""2023"": 0.006969, ""2024"": 0.006897, ""2025"": 0.001828}",0.004703,-0.0003948,Thermo Fisher Scientific,Cat# BP151,5
carprofen,10,"2017,2020,2022,2023,2024,2025,2026","{""2017"": 1, ""2020"": 1, ""2022"": 3, ""2023"": 1, ""2024"": 2, ""2025"": 1, ""2026"": 1}","{""2017"": 0.006173, ""2020"": 0.001531, ""2022"": 0.00468, ""2023"": 0.001742, ""2024"": 0.004598, ""2025"": 0.001828, ""2026"": 0.012346}",0.0047,0.00030804,Zoetis,Cat#PHR1452,8
na 2 hpo 4,14,"2020,2021,2023,2024,2025","{""2020"": 5, ""2021"": 4, ""2023"": 1, ""2024"": 3, ""2025"": 1}","{""2020"": 0.007657, ""2021"": 0.005355, ""2023"": 0.001742, ""2024"": 0.006897, ""2025"": 0.001828}",0.004696,-0.00079861,Fluka,Cat# 71639,11
indomethacin,16,"2017,2018,2020,2021,2022,2023,2024,2025","{""2017"": 2, ""2018"": 1, ""2020"": 1, ""2021"": 3, ""2022"": 3, ""2023"": 1, ""2024"": 3, ""2025"": 2}","{""2017"": 0.012346, ""2018"": 0.002639, ""2020"": 0.001531, ""2021"": 0.004016, ""2022"": 0.00468, ""2023"": 0.001742, ""2024"": 0.006897, ""2025"": 0.003656}",0.004688,-0.00044553,Sigma-Aldrich,Cat# I7378,5
"rnase inhibitor, murine",14,"2018,2019,2021,2022,2025","{""2018"": 1, ""2019"": 1, ""2021"": 2, ""2022"": 7, ""2025"": 3}","{""2018"": 0.002639, ""2019"": 0.001698, ""2021"": 0.002677, ""2022"": 0.01092, ""2025"": 0.005484}",0.004684,0.00071824,New England Biolabs,Cat# M0314L,4
edta-free complete protease inhibitor cocktail,12,"2017,2018,2019,2020,2022,2023,2025","{""2017"": 2, ""2018"": 4, ""2019"": 1, ""2020"": 2, ""2022"": 1, ""2023"": 1, ""2025"": 1}","{""2017"": 0.012346, ""2018"": 0.010554, ""2019"": 0.001698, ""2020"": 0.003063, ""2022"": 0.00156, ""2023"": 0.001742, ""2025"": 0.001828}",0.004684,-0.00122889,Roche,Cat#COEDTAF-RO,4
nupage mops sds running buffer (20x),5,"2017,2019,2021,2025,2026","{""2017"": 1, ""2019"": 1, ""2021"": 1, ""2025"": 1, ""2026"": 1}","{""2017"": 0.006173, ""2019"": 0.001698, ""2021"": 0.001339, ""2025"": 0.001828, ""2026"": 0.012346}",0.004677,0.0004548,ThermoFisher,Cat# NP0001,3
fugene 6 transfection reagent,20,"2017,2019,2020,2021,2022,2023,2024,2025","{""2017"": 1, ""2019"": 3, ""2020"": 4, ""2021"": 2, ""2022"": 5, ""2023"": 1, ""2024"": 1, ""2025"": 3}","{""2017"": 0.006173, ""2019"": 0.005093, ""2020"": 0.006126, ""2021"": 0.002677, ""2022"": 0.0078, ""2023"": 0.001742, ""2024"": 0.002299, ""2025"": 0.005484}",0.004674,-0.0002989,Promega,Cat#E2691,4
tris(hydroxymethyl)aminomethane,5,"2019,2020,2022,2026","{""2019"": 1, ""2020"": 1, ""2022"": 2, ""2026"": 1}","{""2019"": 0.001698, ""2020"": 0.001531, ""2022"": 0.00312, ""2026"": 0.012346}",0.004674,0.00159653,Biosolve,Cat#200923,5
tetrodotoxin (ttx),17,"2018,2019,2020,2021,2022,2024,2025","{""2018"": 3, ""2019"": 3, ""2020"": 1, ""2021"": 3, ""2022"": 2, ""2024"": 4, ""2025"": 1}","{""2018"": 0.007916, ""2019"": 0.005093, ""2020"": 0.001531, ""2021"": 0.004016, ""2022"": 0.00312, ""2024"": 0.009195, ""2025"": 0.001828}",0.004671,-0.00017218,Tocris,Cat#: 1078,10
dialyzed fbs,13,"2019,2021,2023,2024,2025","{""2019"": 2, ""2021"": 4, ""2023"": 1, ""2024"": 4, ""2025"": 2}","{""2019"": 0.003396, ""2021"": 0.005355, ""2023"": 0.001742, ""2024"": 0.009195, ""2025"": 0.003656}",0.004669,0.00026822,Omega Scientific,Cat# A3382001,13
"fcr blocking reagent, human",14,"2017,2019,2020,2021,2022,2023,2024,2025","{""2017"": 3, ""2019"": 1, ""2020"": 1, ""2021"": 1, ""2022"": 2, ""2023"": 4, ""2024"": 1, ""2025"": 1}","{""2017"": 0.018519, ""2019"": 0.001698, ""2020"": 0.001531, ""2021"": 0.001339, ""2022"": 0.00312, ""2023"": 0.006969, ""2024"": 0.002299, ""2025"": 0.001828}",0.004663,-0.00123755,Miltenyi,Cat# 130-059-901,2
rnase a/t1,5,"2017,2019,2020,2022,2026","{""2017"": 1, ""2019"": 1, ""2020"": 1, ""2022"": 1, ""2026"": 1}","{""2017"": 0.006173, ""2019"": 0.001698, ""2020"": 0.001531, ""2022"": 0.00156, ""2026"": 0.012346}",0.004662,0.00081905,Ambion,Cat# AM2286,3
r-spondin,5,"2021,2022,2025,2026","{""2021"": 1, ""2022"": 2, ""2025"": 1, ""2026"": 1}","{""2021"": 0.001339, ""2022"": 0.00312, ""2025"": 0.001828, ""2026"": 0.012346}",0.004658,0.00150468,"Stem Cell Institute, University of Cambridge",Cat#: 315-32,4
megascript t7 transcription kit,8,"2019,2021,2022,2025,2026","{""2019"": 1, ""2021"": 3, ""2022"": 1, ""2025"": 2, ""2026"": 1}","{""2019"": 0.001698, ""2021"": 0.004016, ""2022"": 0.00156, ""2025"": 0.003656, ""2026"": 0.012346}",0.004655,0.00112279,Invitrogen,Cat#AM1334,4
um171,9,"2018,2019,2022,2024,2025,2026","{""2018"": 1, ""2019"": 2, ""2022"": 2, ""2024"": 2, ""2025"": 1, ""2026"": 1}","{""2018"": 0.002639, ""2019"": 0.003396, ""2022"": 0.00312, ""2024"": 0.004598, ""2025"": 0.001828, ""2026"": 0.012346}",0.004654,0.00063775,STEMCell Technologies,Cat# 72912,7
phosphate buffered saline tablets,15,"2018,2020,2021,2022,2023","{""2018"": 1, ""2020"": 1, ""2021"": 7, ""2022"": 4, ""2023"": 2}","{""2018"": 0.002639, ""2020"": 0.001531, ""2021"": 0.009371, ""2022"": 0.00624, ""2023"": 0.003484}",0.004653,0.00056858,Sigma-Aldrich,Cat#P4417,3
xylene,16,"2019,2020,2021,2022,2023,2024,2025,2026","{""2019"": 1, ""2020"": 1, ""2021"": 3, ""2022"": 3, ""2023"": 4, ""2024"": 1, ""2025"": 2, ""2026"": 1}","{""2019"": 0.001698, ""2020"": 0.001531, ""2021"": 0.004016, ""2022"": 0.00468, ""2023"": 0.006969, ""2024"": 0.002299, ""2025"": 0.003656, ""2026"": 0.012346}",0.004649,0.00097972,Fisher Scientific,PROL28973.363,15
hanks balanced salt solution (hbss),5,"2021,2023,2025,2026","{""2021"": 2, ""2023"": 1, ""2025"": 1, ""2026"": 1}","{""2021"": 0.002677, ""2023"": 0.001742, ""2025"": 0.001828, ""2026"": 0.012346}",0.004648,0.00145041,Merck,H4641,5
c646,5,"2018,2021","{""2018"": 2, ""2021"": 3}","{""2018"": 0.005277, ""2021"": 0.004016}",0.004647,,Sigma Aldrich,Cat. 382113,3
nahco3,13,"2020,2022,2023,2024,2025","{""2020"": 1, ""2022"": 2, ""2023"": 2, ""2024"": 1, ""2025"": 7}","{""2020"": 0.001531, ""2022"": 0.00312, ""2023"": 0.003484, ""2024"": 0.002299, ""2025"": 0.012797}",0.004646,0.00167737,Sigma,Cat# S5761,9
poly-d-lysine hydrobromide,15,"2018,2020,2021,2022,2023,2024","{""2018"": 4, ""2020"": 4, ""2021"": 3, ""2022"": 2, ""2023"": 1, ""2024"": 1}","{""2018"": 0.010554, ""2020"": 0.006126, ""2021"": 0.004016, ""2022"": 0.00312, ""2023"": 0.001742, ""2024"": 0.002299}",0.004643,-0.00143882,Sigma-Aldrich,Cat# P6407,4
7aad,11,"2019,2020,2021,2022,2024,2026","{""2019"": 2, ""2020"": 1, ""2021"": 5, ""2022"": 1, ""2024"": 1, ""2026"": 1}","{""2019"": 0.003396, ""2020"": 0.001531, ""2021"": 0.006693, ""2022"": 0.00156, ""2024"": 0.002299, ""2026"": 0.012346}",0.004638,0.0010011,BD Biosciences,Cat#420403,7
celltrace™ cfse cell proliferation kit,5,"2019,2021,2025,2026","{""2019"": 1, ""2021"": 2, ""2025"": 1, ""2026"": 1}","{""2019"": 0.001698, ""2021"": 0.002677, ""2025"": 0.001828, ""2026"": 0.012346}",0.004637,0.00101327,Invitrogen,Cat# C34554,1
staurosporine,17,"2017,2019,2020,2021,2022,2023,2024,2025","{""2017"": 2, ""2019"": 2, ""2020"": 3, ""2021"": 1, ""2022"": 5, ""2023"": 2, ""2024"": 1, ""2025"": 1}","{""2017"": 0.012346, ""2019"": 0.003396, ""2020"": 0.004594, ""2021"": 0.001339, ""2022"": 0.0078, ""2023"": 0.003484, ""2024"": 0.002299, ""2025"": 0.001828}",0.004636,-0.00091623,Sigma-Aldrich,Cat# S1421,12
anti-flag m2 magnetic beads,16,"2019,2020,2021,2023,2024,2025","{""2019"": 5, ""2020"": 2, ""2021"": 2, ""2023"": 2, ""2024"": 2, ""2025"": 3}","{""2019"": 0.008489, ""2020"": 0.003063, ""2021"": 0.002677, ""2023"": 0.003484, ""2024"": 0.004598, ""2025"": 0.005484}",0.004633,-0.00018345,Sigma-Aldrich,Cat#M8823,2
dulbecco’s phosphate-buffered saline,12,"2018,2021,2022,2023,2024,2025,2026","{""2018"": 1, ""2021"": 2, ""2022"": 2, ""2023"": 3, ""2024"": 2, ""2025"": 1, ""2026"": 1}","{""2018"": 0.002639, ""2021"": 0.002677, ""2022"": 0.00312, ""2023"": 0.005226, ""2024"": 0.004598, ""2025"": 0.001828, ""2026"": 0.012346}",0.004633,0.00075735,Corning,21–031-CV,8
nupage lds sample buffer,18,"2017,2018,2019,2020,2021,2022,2023,2024","{""2017"": 1, ""2018"": 3, ""2019"": 3, ""2020"": 2, ""2021"": 4, ""2022"": 2, ""2023"": 1, ""2024"": 2}","{""2017"": 0.006173, ""2018"": 0.007916, ""2019"": 0.005093, ""2020"": 0.003063, ""2021"": 0.005355, ""2022"": 0.00312, ""2023"": 0.001742, ""2024"": 0.004598}",0.004632,-0.00054191,Invitrogen,Cat# NP0007,2
sybr gold,13,"2017,2018,2019,2020,2021,2023,2025,2026","{""2017"": 1, ""2018"": 1, ""2019"": 1, ""2020"": 4, ""2021"": 2, ""2023"": 1, ""2025"": 2, ""2026"": 1}","{""2017"": 0.006173, ""2018"": 0.002639, ""2019"": 0.001698, ""2020"": 0.006126, ""2021"": 0.002677, ""2023"": 0.001742, ""2025"": 0.003656, ""2026"": 0.012346}",0.004632,0.00044177,Invitrogen,S11494,1
protein g agarose,9,"2017,2019,2021,2022,2023","{""2017"": 2, ""2019"": 1, ""2021"": 2, ""2022"": 3, ""2023"": 1}","{""2017"": 0.012346, ""2019"": 0.001698, ""2021"": 0.002677, ""2022"": 0.00468, ""2023"": 0.001742}",0.004629,-0.00132448,GE Healthcare,Cat#: Cytiva 17-0618-02,6
licl,12,"2018,2019,2021,2023,2024,2025,2026","{""2018"": 1, ""2019"": 2, ""2021"": 3, ""2023"": 1, ""2024"": 2, ""2025"": 2, ""2026"": 1}","{""2018"": 0.002639, ""2019"": 0.003396, ""2021"": 0.004016, ""2023"": 0.001742, ""2024"": 0.004598, ""2025"": 0.003656, ""2026"": 0.012346}",0.004627,0.00067253,Sigma-Aldrich,Cat# L4408,6
sodium butyrate,15,"2019,2020,2021,2022,2023,2024,2025,2026","{""2019"": 2, ""2020"": 1, ""2021"": 2, ""2022"": 1, ""2023"": 1, ""2024"": 2, ""2025"": 5, ""2026"": 1}","{""2019"": 0.003396, ""2020"": 0.001531, ""2021"": 0.002677, ""2022"": 0.00156, ""2023"": 0.001742, ""2024"": 0.004598, ""2025"": 0.009141, ""2026"": 0.012346}",0.004624,0.00126953,Sigma-Aldrich,303410-100G,7
d-(+)-glucose solution,5,"2020,2021,2023,2026","{""2020"": 2, ""2021"": 1, ""2023"": 1, ""2026"": 1}","{""2020"": 0.003063, ""2021"": 0.001339, ""2023"": 0.001742, ""2026"": 0.012346}",0.004622,0.00163886,Sigma-Aldrich,Cat# G8644,3
protease inhibitor cocktail tablets,11,"2017,2018,2019,2020,2021","{""2017"": 1, ""2018"": 2, ""2019"": 1, ""2020"": 3, ""2021"": 4}","{""2017"": 0.006173, ""2018"": 0.005277, ""2019"": 0.001698, ""2020"": 0.004594, ""2021"": 0.005355}",0.004619,-0.0002319,Roche,Cat#11873580001,7
x-gal,9,"2018,2019,2023,2024,2025,2026","{""2018"": 1, ""2019"": 3, ""2023"": 2, ""2024"": 1, ""2025"": 1, ""2026"": 1}","{""2018"": 0.002639, ""2019"": 0.005093, ""2023"": 0.003484, ""2024"": 0.002299, ""2025"": 0.001828, ""2026"": 0.012346}",0.004615,0.00043496,Sigma-Aldrich,Cat#2315.3,9
trizol™ reagent,14,"2020,2021,2022,2023,2024","{""2020"": 2, ""2021"": 5, ""2022"": 3, ""2023"": 1, ""2024"": 3}","{""2020"": 0.003063, ""2021"": 0.006693, ""2022"": 0.00468, ""2023"": 0.001742, ""2024"": 0.006897}",0.004615,0.00027162,Thermo Fisher Scientific,Cat# 15596026,2
ibmx,19,"2017,2018,2019,2020,2021,2022,2024,2025","{""2017"": 1, ""2018"": 1, ""2019"": 2, ""2020"": 3, ""2021"": 4, ""2022"": 3, ""2024"": 2, ""2025"": 3}","{""2017"": 0.006173, ""2018"": 0.002639, ""2019"": 0.003396, ""2020"": 0.004594, ""2021"": 0.005355, ""2022"": 0.00468, ""2024"": 0.004598, ""2025"": 0.005484}",0.004615,0.00010177,Sigma-Aldrich,I5879,6
recombinant human flt3-ligand,8,"2017,2020,2021,2023,2025,2026","{""2017"": 1, ""2020"": 1, ""2021"": 3, ""2023"": 1, ""2025"": 1, ""2026"": 1}","{""2017"": 0.006173, ""2020"": 0.001531, ""2021"": 0.004016, ""2023"": 0.001742, ""2025"": 0.001828, ""2026"": 0.012346}",0.004606,0.00033333,PeproTech,Cat# 300-19,3
adenosine,17,"2017,2018,2019,2020,2021,2022,2023,2024,2025,2026","{""2017"": 1, ""2018"": 1, ""2019"": 2, ""2020"": 1, ""2021"": 2, ""2022"": 2, ""2023"": 2, ""2024"": 3, ""2025"": 2, ""2026"": 1}","{""2017"": 0.006173, ""2018"": 0.002639, ""2019"": 0.003396, ""2020"": 0.001531, ""2021"": 0.002677, ""2022"": 0.00312, ""2023"": 0.003484, ""2024"": 0.006897, ""2025"": 0.003656, ""2026"": 0.012346}",0.004592,0.00052416,Sigma-Aldrich,A9251,8
lipofectamine2000,13,"2017,2018,2020,2021,2022,2024,2025","{""2017"": 2, ""2018"": 1, ""2020"": 1, ""2021"": 2, ""2022"": 3, ""2024"": 2, ""2025"": 2}","{""2017"": 0.012346, ""2018"": 0.002639, ""2020"": 0.001531, ""2021"": 0.002677, ""2022"": 0.00468, ""2024"": 0.004598, ""2025"": 0.003656}",0.00459,-0.00049483,Thermo Fisher Scientific,Cat#11668019,5
4x laemmli sample buffer,21,"2018,2019,2020,2021,2022,2023,2024,2025","{""2018"": 1, ""2019"": 1, ""2020"": 2, ""2021"": 3, ""2022"": 4, ""2023"": 2, ""2024"": 2, ""2025"": 6}","{""2018"": 0.002639, ""2019"": 0.001698, ""2020"": 0.003063, ""2021"": 0.004016, ""2022"": 0.00624, ""2023"": 0.003484, ""2024"": 0.004598, ""2025"": 0.010969}",0.004588,0.00090835,Bio-Rad,Cat# 1610747,2
liberase,15,"2017,2019,2020,2021,2022,2023,2024,2025,2026","{""2017"": 1, ""2019"": 1, ""2020"": 1, ""2021"": 2, ""2022"": 1, ""2023"": 3, ""2024"": 2, ""2025"": 3, ""2026"": 1}","{""2017"": 0.006173, ""2019"": 0.001698, ""2020"": 0.001531, ""2021"": 0.002677, ""2022"": 0.00156, ""2023"": 0.005226, ""2024"": 0.004598, ""2025"": 0.005484, ""2026"": 0.012346}",0.004588,0.00062635,Roche,Cat#5401020001,11
turbonuclease,12,"2017,2020,2021,2022,2024","{""2017"": 1, ""2020"": 1, ""2021"": 5, ""2022"": 4, ""2024"": 1}","{""2017"": 0.006173, ""2020"": 0.001531, ""2021"": 0.006693, ""2022"": 0.00624, ""2024"": 0.002299}",0.004587,-0.00031711,Sigma-Aldrich,Cat#T4330,4
sytox green,20,"2018,2019,2020,2021,2022,2023,2024,2025","{""2018"": 3, ""2019"": 2, ""2020"": 3, ""2021"": 1, ""2022"": 3, ""2023"": 4, ""2024"": 1, ""2025"": 3}","{""2018"": 0.007916, ""2019"": 0.003396, ""2020"": 0.004594, ""2021"": 0.001339, ""2022"": 0.00468, ""2023"": 0.006969, ""2024"": 0.002299, ""2025"": 0.005484}",0.004585,-0.00014329,Invitrogen,Cat# S7020,5
prolong gold,9,"2017,2018,2019,2020,2022,2023,2026","{""2017"": 1, ""2018"": 2, ""2019"": 1, ""2020"": 1, ""2022"": 1, ""2023"": 2, ""2026"": 1}","{""2017"": 0.006173, ""2018"": 0.005277, ""2019"": 0.001698, ""2020"": 0.001531, ""2022"": 0.00156, ""2023"": 0.003484, ""2026"": 0.012346}",0.004581,0.00057161,Invitrogen,Cat# P36930,4
rnase-free dnase set,16,"2018,2019,2020,2021,2022,2025","{""2018"": 2, ""2019"": 2, ""2020"": 3, ""2021"": 3, ""2022"": 3, ""2025"": 3}","{""2018"": 0.005277, ""2019"": 0.003396, ""2020"": 0.004594, ""2021"": 0.004016, ""2022"": 0.00468, ""2025"": 0.005484}",0.004575,0.00012896,QIAGEN,Cat#79254,2
celltrace violet cell proliferation kit,8,"2019,2020,2021,2022,2026","{""2019"": 1, ""2020"": 3, ""2021"": 2, ""2022"": 1, ""2026"": 1}","{""2019"": 0.001698, ""2020"": 0.004594, ""2021"": 0.002677, ""2022"": 0.00156, ""2026"": 0.012346}",0.004575,0.00142375,ThermoFisher Scientific,Cat# C34557,2
mitotracker deep red fm,12,"2018,2019,2020,2021,2023,2025,2026","{""2018"": 2, ""2019"": 1, ""2020"": 1, ""2021"": 3, ""2023"": 2, ""2025"": 2, ""2026"": 1}","{""2018"": 0.005277, ""2019"": 0.001698, ""2020"": 0.001531, ""2021"": 0.004016, ""2023"": 0.003484, ""2025"": 0.003656, ""2026"": 0.012346}",0.004573,0.00071625,Invitrogen,Cat# M22426,3
expifectamine 293 transfection kit,9,"2020,2021,2022","{""2020"": 4, ""2021"": 1, ""2022"": 4}","{""2020"": 0.006126, ""2021"": 0.001339, ""2022"": 0.00624}",0.004568,5.734e-05,GIBCO,A14524,4
phenol:chloroform:isoamyl alcohol,12,"2018,2021,2023,2024,2025","{""2018"": 2, ""2021"": 4, ""2023"": 2, ""2024"": 3, ""2025"": 1}","{""2018"": 0.005277, ""2021"": 0.005355, ""2023"": 0.003484, ""2024"": 0.006897, ""2025"": 0.001828}",0.004568,-0.00026848,Sigma-Aldrich,P3803-100ML,9
pam3csk4,20,"2017,2018,2019,2020,2021,2022,2023,2024,2025","{""2017"": 1, ""2018"": 1, ""2019"": 2, ""2020"": 1, ""2021"": 3, ""2022"": 3, ""2023"": 2, ""2024"": 5, ""2025"": 2}","{""2017"": 0.006173, ""2018"": 0.002639, ""2019"": 0.003396, ""2020"": 0.001531, ""2021"": 0.004016, ""2022"": 0.00468, ""2023"": 0.003484, ""2024"": 0.011494, ""2025"": 0.003656}",0.004563,0.00033046,Invivogen,Cat#tlrl-pms,3
2-nbdg,15,"2018,2019,2020,2021,2022,2023,2025,2026","{""2018"": 2, ""2019"": 3, ""2020"": 2, ""2021"": 3, ""2022"": 2, ""2023"": 1, ""2025"": 1, ""2026"": 1}","{""2018"": 0.005277, ""2019"": 0.005093, ""2020"": 0.003063, ""2021"": 0.004016, ""2022"": 0.00312, ""2023"": 0.001742, ""2025"": 0.001828, ""2026"": 0.012346}",0.004561,0.00034596,Invitrogen,Cat# N13195,2
sybr green pcr master mix,18,"2018,2019,2021,2022,2023,2024,2025","{""2018"": 3, ""2019"": 2, ""2021"": 6, ""2022"": 2, ""2023"": 2, ""2024"": 1, ""2025"": 2}","{""2018"": 0.007916, ""2019"": 0.003396, ""2021"": 0.008032, ""2022"": 0.00312, ""2023"": 0.003484, ""2024"": 0.002299, ""2025"": 0.003656}",0.004558,-0.00055075,Applied Biosystems,Cat#4309155,11
recombinant human m-csf,17,"2017,2018,2019,2020,2021,2022,2023,2024,2025,2026","{""2017"": 1, ""2018"": 2, ""2019"": 2, ""2020"": 4, ""2021"": 1, ""2022"": 1, ""2023"": 3, ""2024"": 1, ""2025"": 1, ""2026"": 1}","{""2017"": 0.006173, ""2018"": 0.005277, ""2019"": 0.003396, ""2020"": 0.006126, ""2021"": 0.001339, ""2022"": 0.00156, ""2023"": 0.005226, ""2024"": 0.002299, ""2025"": 0.001828, ""2026"": 0.012346}",0.004557,0.00014214,Peprotech,Cat# 300-25,7
vemurafenib,6,"2019,2021","{""2019"": 3, ""2021"": 3}","{""2019"": 0.005093, ""2021"": 0.004016}",0.004555,,Selleckchem,S1267,2
bicuculline,17,"2018,2019,2021,2022,2023,2024,2025","{""2018"": 4, ""2019"": 2, ""2021"": 4, ""2022"": 2, ""2023"": 2, ""2024"": 1, ""2025"": 2}","{""2018"": 0.010554, ""2019"": 0.003396, ""2021"": 0.005355, ""2022"": 0.00312, ""2023"": 0.003484, ""2024"": 0.002299, ""2025"": 0.003656}",0.004552,-0.0007508,Sigma-Aldrich,14343,8
4% paraformaldehyde in pbs,8,"2022,2023,2025","{""2022"": 3, ""2023"": 2, ""2025"": 3}","{""2022"": 0.00468, ""2023"": 0.003484, ""2025"": 0.005484}",0.00455,0.00037266,Nacalai Tesque,Cat# 09154-85,6
tetracycline,14,"2017,2019,2020,2021,2022,2023","{""2017"": 1, ""2019"": 4, ""2020"": 1, ""2021"": 2, ""2022"": 2, ""2023"": 4}","{""2017"": 0.006173, ""2019"": 0.006791, ""2020"": 0.001531, ""2021"": 0.002677, ""2022"": 0.00312, ""2023"": 0.006969}",0.004544,-0.000196,Sigma-Aldrich,Cat# T7660,9
blotting-grade blocker,11,"2018,2019,2020,2021,2022,2024,2026","{""2018"": 3, ""2019"": 1, ""2020"": 1, ""2021"": 1, ""2022"": 3, ""2024"": 1, ""2026"": 1}","{""2018"": 0.007916, ""2019"": 0.001698, ""2020"": 0.001531, ""2021"": 0.001339, ""2022"": 0.00468, ""2024"": 0.002299, ""2026"": 0.012346}",0.004544,0.00064969,Bio-Rad,1706404,2
supersignal west femto maximum sensitivity substrate,15,"2017,2019,2020,2021,2022,2023,2024,2025,2026","{""2017"": 1, ""2019"": 1, ""2020"": 2, ""2021"": 3, ""2022"": 2, ""2023"": 1, ""2024"": 3, ""2025"": 1, ""2026"": 1}","{""2017"": 0.006173, ""2019"": 0.001698, ""2020"": 0.003063, ""2021"": 0.004016, ""2022"": 0.00312, ""2023"": 0.001742, ""2024"": 0.006897, ""2025"": 0.001828, ""2026"": 0.012346}",0.004542,0.00041873,Thermo Fisher Scientific,Cat# 34095,4
picric acid,10,"2019,2020,2022,2023,2025,2026","{""2019"": 2, ""2020"": 2, ""2022"": 2, ""2023"": 2, ""2025"": 1, ""2026"": 1}","{""2019"": 0.003396, ""2020"": 0.003063, ""2022"": 0.00312, ""2023"": 0.003484, ""2025"": 0.001828, ""2026"": 0.012346}",0.004539,0.00075789,Sigma-Aldrich,Cat# 197378,6
alizarin red s,9,"2017,2018,2020,2021,2022,2024,2026","{""2017"": 1, ""2018"": 1, ""2020"": 1, ""2021"": 1, ""2022"": 2, ""2024"": 2, ""2026"": 1}","{""2017"": 0.006173, ""2018"": 0.002639, ""2020"": 0.001531, ""2021"": 0.001339, ""2022"": 0.00312, ""2024"": 0.004598, ""2026"": 0.012346}",0.004535,0.00065676,Sigma-Aldrich,Cat#A5533,5
mgso 4,15,"2017,2019,2021,2022,2023,2024,2025","{""2017"": 1, ""2019"": 2, ""2021"": 2, ""2022"": 2, ""2023"": 2, ""2024"": 4, ""2025"": 2}","{""2017"": 0.006173, ""2019"": 0.003396, ""2021"": 0.002677, ""2022"": 0.00312, ""2023"": 0.003484, ""2024"": 0.009195, ""2025"": 0.003656}",0.004529,5.663e-05,Sigma-Aldrich,M7506,12
halt ™ protease inhibitor cocktail (100x),5,"2023,2025","{""2023"": 1, ""2025"": 4}","{""2023"": 0.001742, ""2025"": 0.007313}",0.004527,,Thermo Fisher Scientific,Cat# 78430,4
xhoi,19,"2017,2018,2019,2020,2021,2022,2023,2025","{""2017"": 1, ""2018"": 1, ""2019"": 1, ""2020"": 3, ""2021"": 4, ""2022"": 2, ""2023"": 2, ""2025"": 5}","{""2017"": 0.006173, ""2018"": 0.002639, ""2019"": 0.001698, ""2020"": 0.004594, ""2021"": 0.005355, ""2022"": 0.00312, ""2023"": 0.003484, ""2025"": 0.009141}",0.004525,0.00039361,New England Biolabs,R0146S,9
bapta-am,14,"2018,2019,2020,2022,2023,2024,2025,2026","{""2018"": 1, ""2019"": 1, ""2020"": 2, ""2022"": 3, ""2023"": 2, ""2024"": 2, ""2025"": 2, ""2026"": 1}","{""2018"": 0.002639, ""2019"": 0.001698, ""2020"": 0.003063, ""2022"": 0.00468, ""2023"": 0.003484, ""2024"": 0.004598, ""2025"": 0.003656, ""2026"": 0.012346}",0.00452,0.00079385,Sigma,Cat# A1076,9
blasticidin s,18,"2017,2018,2019,2020,2021,2022,2023,2024,2025","{""2017"": 2, ""2018"": 1, ""2019"": 1, ""2020"": 4, ""2021"": 1, ""2022"": 3, ""2023"": 2, ""2024"": 2, ""2025"": 2}","{""2017"": 0.012346, ""2018"": 0.002639, ""2019"": 0.001698, ""2020"": 0.006126, ""2021"": 0.001339, ""2022"": 0.00468, ""2023"": 0.003484, ""2024"": 0.004598, ""2025"": 0.003656}",0.004507,-0.00044587,Santa Cruz Biotechnology,Cat#sc-204655; CAS: 3513-03-9,9
igg sepharose 6 fast flow,5,"2017,2018,2019,2021","{""2017"": 2, ""2018"": 1, ""2019"": 1, ""2021"": 1}","{""2017"": 0.012346, ""2018"": 0.002639, ""2019"": 0.001698, ""2021"": 0.001339}",0.004505,-0.00230255,GE Healthcare,Cat#17-0969-01,4
kynurenic acid,21,"2017,2018,2019,2020,2021,2022,2023,2024,2025","{""2017"": 1, ""2018"": 1, ""2019"": 5, ""2020"": 5, ""2021"": 3, ""2022"": 1, ""2023"": 1, ""2024"": 2, ""2025"": 2}","{""2017"": 0.006173, ""2018"": 0.002639, ""2019"": 0.008489, ""2020"": 0.007657, ""2021"": 0.004016, ""2022"": 0.00156, ""2023"": 0.001742, ""2024"": 0.004598, ""2025"": 0.003656}",0.004503,-0.00039632,Sigma-Aldrich,Cat# K3375,4
pyridine,11,"2017,2018,2019,2022,2023,2024,2025,2026","{""2017"": 1, ""2018"": 1, ""2019"": 1, ""2022"": 2, ""2023"": 1, ""2024"": 2, ""2025"": 2, ""2026"": 1}","{""2017"": 0.006173, ""2018"": 0.002639, ""2019"": 0.001698, ""2022"": 0.00312, ""2023"": 0.001742, ""2024"": 0.004598, ""2025"": 0.003656, ""2026"": 0.012346}",0.004496,0.00042478,Sigma-Aldrich,Cat#270970,5
ruxolitinib,14,"2017,2020,2021,2022,2023,2025","{""2017"": 1, ""2020"": 6, ""2021"": 1, ""2022"": 2, ""2023"": 2, ""2025"": 2}","{""2017"": 0.006173, ""2020"": 0.009188, ""2021"": 0.001339, ""2022"": 0.00312, ""2023"": 0.003484, ""2025"": 0.003656}",0.004493,-0.00048623,Selleckchem,Cat# S1378,7
opti-mem i reduced serum medium,17,"2018,2020,2021,2022,2023,2024,2025","{""2018"": 2, ""2020"": 1, ""2021"": 3, ""2022"": 1, ""2023"": 2, ""2024"": 2, ""2025"": 6}","{""2018"": 0.005277, ""2020"": 0.001531, ""2021"": 0.004016, ""2022"": 0.00156, ""2023"": 0.003484, ""2024"": 0.004598, ""2025"": 0.010969}",0.004491,0.000628,Thermo Fisher Scientific,Cat# 31985062,6
sodium pyruvate (100mm),7,"2022,2024,2025","{""2022"": 1, ""2024"": 2, ""2025"": 4}","{""2022"": 0.00156, ""2024"": 0.004598, ""2025"": 0.007313}",0.00449,0.00186056,Gibco,11360-070,4
oligofectamine,10,"2017,2018,2019,2020,2022","{""2017"": 1, ""2018"": 2, ""2019"": 1, ""2020"": 2, ""2022"": 4}","{""2017"": 0.006173, ""2018"": 0.005277, ""2019"": 0.001698, ""2020"": 0.003063, ""2022"": 0.00624}",0.00449,-2.225e-05,Invitrogen,Cat#12252011,4
glacial acetic acid,12,"2019,2020,2022,2023,2024,2025,2026","{""2019"": 1, ""2020"": 2, ""2022"": 2, ""2023"": 3, ""2024"": 1, ""2025"": 2, ""2026"": 1}","{""2019"": 0.001698, ""2020"": 0.003063, ""2022"": 0.00312, ""2023"": 0.005226, ""2024"": 0.002299, ""2025"": 0.003656, ""2026"": 0.012346}",0.004487,0.0009263,Fisher Scientific,A6283,11
propidium iodide solution,16,"2017,2018,2019,2020,2021,2022,2023,2024","{""2017"": 1, ""2018"": 4, ""2019"": 3, ""2020"": 1, ""2021"": 1, ""2022"": 2, ""2023"": 2, ""2024"": 2}","{""2017"": 0.006173, ""2018"": 0.010554, ""2019"": 0.005093, ""2020"": 0.001531, ""2021"": 0.001339, ""2022"": 0.00312, ""2023"": 0.003484, ""2024"": 0.004598}",0.004487,-0.00062485,Sigma,Cat# P4864,3
cresyl violet,6,"2017,2018,2019,2023,2024,2026","{""2017"": 1, ""2018"": 1, ""2019"": 1, ""2023"": 1, ""2024"": 1, ""2026"": 1}","{""2017"": 0.006173, ""2018"": 0.002639, ""2019"": 0.001698, ""2023"": 0.001742, ""2024"": 0.002299, ""2026"": 0.012346}",0.004483,0.00047318,Sigma-Aldrich,C5042,5
mounting medium,7,"2020,2022,2023,2025,2026","{""2020"": 1, ""2022"": 2, ""2023"": 1, ""2025"": 2, ""2026"": 1}","{""2020"": 0.001531, ""2022"": 0.00312, ""2023"": 0.001742, ""2025"": 0.003656, ""2026"": 0.012346}",0.004479,0.00141036,Biotium,Cat#23008,7
lambda protein phosphatase,16,"2017,2019,2020,2021,2022,2024,2025","{""2017"": 1, ""2019"": 3, ""2020"": 2, ""2021"": 4, ""2022"": 1, ""2024"": 2, ""2025"": 3}","{""2017"": 0.006173, ""2019"": 0.005093, ""2020"": 0.003063, ""2021"": 0.005355, ""2022"": 0.00156, ""2024"": 0.004598, ""2025"": 0.005484}",0.004475,-0.00010938,New England Biolabs,Cat#P0753S,6
l-arginine,21,"2018,2019,2020,2021,2022,2023,2024,2025","{""2018"": 1, ""2019"": 1, ""2020"": 1, ""2021"": 7, ""2022"": 3, ""2023"": 2, ""2024"": 3, ""2025"": 3}","{""2018"": 0.002639, ""2019"": 0.001698, ""2020"": 0.001531, ""2021"": 0.009371, ""2022"": 0.00468, ""2023"": 0.003484, ""2024"": 0.006897, ""2025"": 0.005484}",0.004473,0.00056052,Sigma-Aldrich,Cat# A8094,7
sag,12,"2019,2020,2021,2023,2024,2025,2026","{""2019"": 2, ""2020"": 1, ""2021"": 2, ""2023"": 1, ""2024"": 1, ""2025"": 4, ""2026"": 1}","{""2019"": 0.003396, ""2020"": 0.001531, ""2021"": 0.002677, ""2023"": 0.001742, ""2024"": 0.002299, ""2025"": 0.007313, ""2026"": 0.012346}",0.004472,0.0010511,Selleckchem,Cat#6390,8
il6,7,"2019,2021,2023,2025,2026","{""2019"": 3, ""2021"": 1, ""2023"": 1, ""2025"": 1, ""2026"": 1}","{""2019"": 0.005093, ""2021"": 0.001339, ""2023"": 0.001742, ""2025"": 0.001828, ""2026"": 0.012346}",0.00447,0.00067415,PeproTech,200–06,5
"1,6-hexanediol",14,"2017,2020,2021,2022,2023,2025","{""2017"": 1, ""2020"": 2, ""2021"": 3, ""2022"": 3, ""2023"": 3, ""2025"": 2}","{""2017"": 0.006173, ""2020"": 0.003063, ""2021"": 0.004016, ""2022"": 0.00468, ""2023"": 0.005226, ""2025"": 0.003656}",0.004469,-0.00018573,Sigma-Aldrich,Cat# 240117,4
erythromycin,14,"2017,2018,2019,2020,2022,2023,2024,2025","{""2017"": 2, ""2018"": 2, ""2019"": 1, ""2020"": 1, ""2022"": 2, ""2023"": 2, ""2024"": 2, ""2025"": 2}","{""2017"": 0.012346, ""2018"": 0.005277, ""2019"": 0.001698, ""2020"": 0.001531, ""2022"": 0.00312, ""2023"": 0.003484, ""2024"": 0.004598, ""2025"": 0.003656}",0.004464,-0.00052723,Sigma-Aldrich,E5389,8
pfuultra ii fusion hs dna polymerase,7,"2017,2019,2020,2021,2025,2026","{""2017"": 1, ""2019"": 1, ""2020"": 1, ""2021"": 1, ""2025"": 2, ""2026"": 1}","{""2017"": 0.006173, ""2019"": 0.001698, ""2020"": 0.001531, ""2021"": 0.001339, ""2025"": 0.003656, ""2026"": 0.012346}",0.004457,0.00061665,Agilent,Cat# 600672,6
trizol ls reagent,18,"2018,2019,2020,2021,2022,2024,2025","{""2018"": 2, ""2019"": 2, ""2020"": 1, ""2021"": 5, ""2022"": 3, ""2024"": 1, ""2025"": 4}","{""2018"": 0.005277, ""2019"": 0.003396, ""2020"": 0.001531, ""2021"": 0.006693, ""2022"": 0.00468, ""2024"": 0.002299, ""2025"": 0.007313}",0.004456,0.00019687,Thermo Fisher Scientific,Cat# 10296028,4
passive lysis buffer,17,"2017,2019,2020,2021,2022,2023,2024","{""2017"": 1, ""2019"": 2, ""2020"": 1, ""2021"": 5, ""2022"": 6, ""2023"": 1, ""2024"": 1}","{""2017"": 0.006173, ""2019"": 0.003396, ""2020"": 0.001531, ""2021"": 0.006693, ""2022"": 0.00936, ""2023"": 0.001742, ""2024"": 0.002299}",0.004456,-0.00025293,Promega,Cat# E1941,2
phenylmethanesulfonyl fluoride (pmsf),10,"2017,2018,2020,2021,2023,2024","{""2017"": 2, ""2018"": 1, ""2020"": 1, ""2021"": 2, ""2023"": 3, ""2024"": 1}","{""2017"": 0.012346, ""2018"": 0.002639, ""2020"": 0.001531, ""2021"": 0.002677, ""2023"": 0.005226, ""2024"": 0.002299}",0.004453,-0.00074989,SRL,Cat# 84375,5
collagenase type i,21,"2018,2019,2020,2021,2022,2023,2024,2025","{""2018"": 1, ""2019"": 2, ""2020"": 3, ""2021"": 4, ""2022"": 3, ""2023"": 2, ""2024"": 1, ""2025"": 5}","{""2018"": 0.002639, ""2019"": 0.003396, ""2020"": 0.004594, ""2021"": 0.005355, ""2022"": 0.00468, ""2023"": 0.003484, ""2024"": 0.002299, ""2025"": 0.009141}",0.004448,0.0004289,Millipore Sigma,SCR103,12
methylene blue,11,"2017,2021,2022,2023,2024","{""2017"": 1, ""2021"": 3, ""2022"": 4, ""2023"": 2, ""2024"": 1}","{""2017"": 0.006173, ""2021"": 0.004016, ""2022"": 0.00624, ""2023"": 0.003484, ""2024"": 0.002299}",0.004442,-0.00046133,Nacalai Tesque,Cat# 22412-14,7
amylose resin,18,"2018,2019,2020,2021,2022,2024,2025","{""2018"": 1, ""2019"": 2, ""2020"": 2, ""2021"": 5, ""2022"": 1, ""2024"": 2, ""2025"": 5}","{""2018"": 0.002639, ""2019"": 0.003396, ""2020"": 0.003063, ""2021"": 0.006693, ""2022"": 0.00156, ""2024"": 0.004598, ""2025"": 0.009141}",0.004441,0.00064076,New England Biolabs,E8021L,6
apyrase,12,"2017,2019,2020,2021,2022,2023,2024,2025,2026","{""2017"": 2, ""2019"": 1, ""2020"": 2, ""2021"": 1, ""2022"": 1, ""2023"": 2, ""2024"": 1, ""2025"": 1, ""2026"": 1}","{""2017"": 0.012346, ""2019"": 0.001698, ""2020"": 0.003063, ""2021"": 0.001339, ""2022"": 0.00156, ""2023"": 0.003484, ""2024"": 0.002299, ""2025"": 0.001828, ""2026"": 0.012346}",0.00444,-0.00010011,New England Biolabs,Cat# A6237,7
hepes buffer,17,"2018,2019,2020,2021,2022,2023,2024,2025,2026","{""2018"": 1, ""2019"": 2, ""2020"": 4, ""2021"": 1, ""2022"": 3, ""2023"": 2, ""2024"": 1, ""2025"": 2, ""2026"": 1}","{""2018"": 0.002639, ""2019"": 0.003396, ""2020"": 0.006126, ""2021"": 0.001339, ""2022"": 0.00468, ""2023"": 0.003484, ""2024"": 0.002299, ""2025"": 0.003656, ""2026"": 0.012346}",0.00444,0.00056838,Corning,15630080,11
"16% formaldehyde (w/v), methanol-free",10,"2020,2021,2022,2023,2024,2026","{""2020"": 1, ""2021"": 4, ""2022"": 1, ""2023"": 2, ""2024"": 1, ""2026"": 1}","{""2020"": 0.001531, ""2021"": 0.005355, ""2022"": 0.00156, ""2023"": 0.003484, ""2024"": 0.002299, ""2026"": 0.012346}",0.004429,0.00134274,Thermo Scientific,Cat# 28908,3
liberase tm,18,"2019,2020,2021,2022,2023,2024,2025","{""2019"": 3, ""2020"": 3, ""2021"": 2, ""2022"": 3, ""2023"": 3, ""2024"": 3, ""2025"": 1}","{""2019"": 0.005093, ""2020"": 0.004594, ""2021"": 0.002677, ""2022"": 0.00468, ""2023"": 0.005226, ""2024"": 0.006897, ""2025"": 0.001828}",0.004428,-9.435e-05,Roche,Cat#5401119001,9
halt protease inhibitor cocktail (100x),9,"2019,2021,2022,2024,2025,2026","{""2019"": 1, ""2021"": 2, ""2022"": 1, ""2024"": 2, ""2025"": 2, ""2026"": 1}","{""2019"": 0.001698, ""2021"": 0.002677, ""2022"": 0.00156, ""2024"": 0.004598, ""2025"": 0.003656, ""2026"": 0.012346}",0.004422,0.00113868,Thermo-Fisher,87786,5
erastin,7,"2020,2022,2023,2025,2026","{""2020"": 2, ""2022"": 2, ""2023"": 1, ""2025"": 1, ""2026"": 1}","{""2020"": 0.003063, ""2022"": 0.00312, ""2023"": 0.001742, ""2025"": 0.001828, ""2026"": 0.012346}",0.00442,0.0010511,Selleck Chemicals,Cat# S7242,4
mineral oil,20,"2017,2018,2019,2020,2021,2022,2023,2024,2025","{""2017"": 1, ""2018"": 1, ""2019"": 5, ""2020"": 1, ""2021"": 1, ""2022"": 3, ""2023"": 2, ""2024"": 1, ""2025"": 5}","{""2017"": 0.006173, ""2018"": 0.002639, ""2019"": 0.008489, ""2020"": 0.001531, ""2021"": 0.001339, ""2022"": 0.00468, ""2023"": 0.003484, ""2024"": 0.002299, ""2025"": 0.009141}",0.004419,6.654e-05,Sigma,Cat#M5904,8
eosin,19,"2018,2019,2020,2021,2022,2023,2024,2025","{""2018"": 2, ""2019"": 1, ""2020"": 2, ""2021"": 3, ""2022"": 2, ""2023"": 2, ""2024"": 4, ""2025"": 3}","{""2018"": 0.005277, ""2019"": 0.001698, ""2020"": 0.003063, ""2021"": 0.004016, ""2022"": 0.00312, ""2023"": 0.003484, ""2024"": 0.009195, ""2025"": 0.005484}",0.004417,0.00046796,Sigma-Aldrich,E4009,18
xav-939,7,"2021,2024,2025","{""2021"": 1, ""2024"": 2, ""2025"": 4}","{""2021"": 0.001339, ""2024"": 0.004598, ""2025"": 0.007313}",0.004416,0.00139953,Tocris,Cat#3748,5
n-acetyl cysteine,11,"2018,2020,2021,2022,2024,2025,2026","{""2018"": 2, ""2020"": 1, ""2021"": 2, ""2022"": 2, ""2024"": 1, ""2025"": 2, ""2026"": 1}","{""2018"": 0.005277, ""2020"": 0.001531, ""2021"": 0.002677, ""2022"": 0.00312, ""2024"": 0.002299, ""2025"": 0.003656, ""2026"": 0.012346}",0.004415,0.00059218,Sigma-Aldrich,A9165,4
rnase i,17,"2018,2019,2020,2022,2023,2024,2025","{""2018"": 1, ""2019"": 1, ""2020"": 2, ""2022"": 3, ""2023"": 5, ""2024"": 2, ""2025"": 3}","{""2018"": 0.002639, ""2019"": 0.001698, ""2020"": 0.003063, ""2022"": 0.00468, ""2023"": 0.008711, ""2024"": 0.004598, ""2025"": 0.005484}",0.00441,0.00061891,Invitrogen,AM2294,6
pertussis toxin,16,"2017,2019,2020,2021,2023,2024,2025","{""2017"": 1, ""2019"": 3, ""2020"": 2, ""2021"": 4, ""2023"": 3, ""2024"": 1, ""2025"": 2}","{""2017"": 0.006173, ""2019"": 0.005093, ""2020"": 0.003063, ""2021"": 0.005355, ""2023"": 0.005226, ""2024"": 0.002299, ""2025"": 0.003656}",0.004409,-0.00029912,List Biological Laboratories,P7208,10
opti-mem i,10,"2019,2020,2021,2022,2025,2026","{""2019"": 1, ""2020"": 4, ""2021"": 1, ""2022"": 2, ""2025"": 1, ""2026"": 1}","{""2019"": 0.001698, ""2020"": 0.006126, ""2021"": 0.001339, ""2022"": 0.00312, ""2025"": 0.001828, ""2026"": 0.012346}",0.004409,0.00081823,GIBCO,31985-070,6
4-oht,11,"2017,2019,2020,2021,2022,2025","{""2017"": 2, ""2019"": 2, ""2020"": 2, ""2021"": 2, ""2022"": 2, ""2025"": 1}","{""2017"": 0.012346, ""2019"": 0.003396, ""2020"": 0.003063, ""2021"": 0.002677, ""2022"": 0.00312, ""2025"": 0.001828}",0.004405,-0.00107127,Sigma,Cat# H7904,8
prescission protease,16,"2017,2018,2019,2020,2021,2022,2023,2024","{""2017"": 1, ""2018"": 2, ""2019"": 3, ""2020"": 1, ""2021"": 1, ""2022"": 2, ""2023"": 2, ""2024"": 4}","{""2017"": 0.006173, ""2018"": 0.005277, ""2019"": 0.005093, ""2020"": 0.001531, ""2021"": 0.001339, ""2022"": 0.00312, ""2023"": 0.003484, ""2024"": 0.009195}",0.004402,7.24e-05,GE Healthcare,Cat# 27084301,7
mem neaa (100x),9,"2021,2022,2025","{""2021"": 5, ""2022"": 3, ""2025"": 1}","{""2021"": 0.006693, ""2022"": 0.00468, ""2025"": 0.001828}",0.004401,-0.00115502,GIBCO,Cat#2203945,2
"hoechst 33,342",5,"2023,2025","{""2023"": 4, ""2025"": 1}","{""2023"": 0.006969, ""2025"": 0.001828}",0.004398,,Thermo Fisher Scientific,Cat#H3570,4
mowiol 4-88,17,"2019,2020,2021,2022,2023,2025","{""2019"": 1, ""2020"": 4, ""2021"": 5, ""2022"": 3, ""2023"": 2, ""2025"": 2}","{""2019"": 0.001698, ""2020"": 0.006126, ""2021"": 0.006693, ""2022"": 0.00468, ""2023"": 0.003484, ""2025"": 0.003656}",0.00439,-3.452e-05,Carl Roth,Cat#475904,11
penicillin and streptomycin,12,"2019,2020,2021,2023,2024,2025,2026","{""2019"": 2, ""2020"": 1, ""2021"": 3, ""2023"": 2, ""2024"": 1, ""2025"": 2, ""2026"": 1}","{""2019"": 0.003396, ""2020"": 0.001531, ""2021"": 0.004016, ""2023"": 0.003484, ""2024"": 0.002299, ""2025"": 0.003656, ""2026"": 0.012346}",0.00439,0.0008057,Thermo Fisher Scientific,Cat# 15140122,10
rnase-free water,7,"2017,2021,2022,2023,2025,2026","{""2017"": 1, ""2021"": 2, ""2022"": 1, ""2023"": 1, ""2025"": 1, ""2026"": 1}","{""2017"": 0.006173, ""2021"": 0.002677, ""2022"": 0.00156, ""2023"": 0.001742, ""2025"": 0.001828, ""2026"": 0.012346}",0.004388,0.00027842,Dharmacon,Cat#B-003000-WB-100,7
α-amanitin,8,"2017,2021,2022,2023,2025","{""2017"": 2, ""2021"": 1, ""2022"": 3, ""2023"": 1, ""2025"": 1}","{""2017"": 0.012346, ""2021"": 0.001339, ""2022"": 0.00468, ""2023"": 0.001742, ""2025"": 0.001828}",0.004387,-0.00133712,Sigma-Aldrich,Cat# A2263,2
fugene,14,"2018,2019,2020,2022,2023,2024","{""2018"": 1, ""2019"": 2, ""2020"": 1, ""2022"": 2, ""2023"": 5, ""2024"": 3}","{""2018"": 0.002639, ""2019"": 0.003396, ""2020"": 0.001531, ""2022"": 0.00312, ""2023"": 0.008711, ""2024"": 0.006897}",0.004382,0.00089262,Promega,E2311,5
deoxyribonuclease i from bovine pancreas,17,"2018,2020,2021,2022,2023,2024,2025","{""2018"": 1, ""2020"": 3, ""2021"": 2, ""2022"": 2, ""2023"": 3, ""2024"": 3, ""2025"": 3}","{""2018"": 0.002639, ""2020"": 0.004594, ""2021"": 0.002677, ""2022"": 0.00312, ""2023"": 0.005226, ""2024"": 0.006897, ""2025"": 0.005484}",0.004377,0.00050004,Sigma-Aldrich,Cat# DN25,6
tnf-α,9,"2017,2019,2020,2023,2024","{""2017"": 1, ""2019"": 1, ""2020"": 2, ""2023"": 1, ""2024"": 4}","{""2017"": 0.006173, ""2019"": 0.001698, ""2020"": 0.003063, ""2023"": 0.001742, ""2024"": 0.009195}",0.004374,0.00026112,Life Technologies,Cat# 315-01A,9
strep-tactin®xt,9,"2021,2022,2023","{""2021"": 5, ""2022"": 3, ""2023"": 1}","{""2021"": 0.006693, ""2022"": 0.00468, ""2023"": 0.001742}",0.004372,-0.00247564,IBA Lifesciences,Cat#2-1206-025,1
n-ethylmaleimide,17,"2017,2018,2019,2020,2021,2022,2023,2024","{""2017"": 1, ""2018"": 1, ""2019"": 2, ""2020"": 2, ""2021"": 1, ""2022"": 4, ""2023"": 3, ""2024"": 3}","{""2017"": 0.006173, ""2018"": 0.002639, ""2019"": 0.003396, ""2020"": 0.003063, ""2021"": 0.001339, ""2022"": 0.00624, ""2023"": 0.005226, ""2024"": 0.006897}",0.004371,0.00029542,Sigma-Aldrich,Cat#E3876,4
calcein,5,"2017,2019,2023","{""2017"": 1, ""2019"": 1, ""2023"": 3}","{""2017"": 0.006173, ""2019"": 0.001698, ""2023"": 0.005226}",0.004366,-9.17e-06,eBioscience,CAT#C0875,4
poly(da:dt),7,"2020,2021,2022,2023,2026","{""2020"": 1, ""2021"": 1, ""2022"": 2, ""2023"": 2, ""2026"": 1}","{""2020"": 0.001531, ""2021"": 0.001339, ""2022"": 0.00312, ""2023"": 0.003484, ""2026"": 0.012346}",0.004364,0.00187441,InvivoGen,Cat# tlrl-patn-1,3
spectinomycin,6,"2019,2021,2024,2025,2026","{""2019"": 1, ""2021"": 1, ""2024"": 2, ""2025"": 1, ""2026"": 1}","{""2019"": 0.001698, ""2021"": 0.001339, ""2024"": 0.004598, ""2025"": 0.001828, ""2026"": 0.012346}",0.004362,0.0010536,Sigma-Aldrich,S4014,2
ponceau s,12,"2018,2021,2023,2024,2025","{""2018"": 1, ""2021"": 2, ""2023"": 5, ""2024"": 1, ""2025"": 3}","{""2018"": 0.002639, ""2021"": 0.002677, ""2023"": 0.008711, ""2024"": 0.002299, ""2025"": 0.005484}",0.004362,0.00039508,Sigma-Aldrich,P7170,7
sybr gold nucleic acid gel stain,19,"2018,2019,2020,2021,2022,2023,2024,2025","{""2018"": 3, ""2019"": 1, ""2020"": 4, ""2021"": 1, ""2022"": 2, ""2023"": 5, ""2024"": 1, ""2025"": 2}","{""2018"": 0.007916, ""2019"": 0.001698, ""2020"": 0.006126, ""2021"": 0.001339, ""2022"": 0.00312, ""2023"": 0.008711, ""2024"": 0.002299, ""2025"": 0.003656}",0.004358,-0.00020562,Invitrogen,Cat#S11494,2
l-asparagine,6,"2018,2021,2024,2025,2026","{""2018"": 1, ""2021"": 2, ""2024"": 1, ""2025"": 1, ""2026"": 1}","{""2018"": 0.002639, ""2021"": 0.002677, ""2024"": 0.002299, ""2025"": 0.001828, ""2026"": 0.012346}",0.004358,0.00067296,Sigma-Aldrich,Cat# A4159,2
user enzyme,9,"2018,2019,2021,2022,2025,2026","{""2018"": 1, ""2019"": 1, ""2021"": 2, ""2022"": 2, ""2025"": 2, ""2026"": 1}","{""2018"": 0.002639, ""2019"": 0.001698, ""2021"": 0.002677, ""2022"": 0.00312, ""2025"": 0.003656, ""2026"": 0.012346}",0.004356,0.00091245,New England Biolabs,M5505,3
phusion dna polymerase,10,"2017,2019,2021,2022,2023,2024","{""2017"": 2, ""2019"": 3, ""2021"": 1, ""2022"": 1, ""2023"": 2, ""2024"": 1}","{""2017"": 0.012346, ""2019"": 0.005093, ""2021"": 0.001339, ""2022"": 0.00156, ""2023"": 0.003484, ""2024"": 0.002299}",0.004353,-0.00129836,NEB,F530L,6
edu (5-ethynyl-2′-deoxyuridine),12,"2017,2019,2020,2021,2022,2023,2024,2026","{""2017"": 1, ""2019"": 1, ""2020"": 5, ""2021"": 1, ""2022"": 1, ""2023"": 1, ""2024"": 1, ""2026"": 1}","{""2017"": 0.006173, ""2019"": 0.001698, ""2020"": 0.007657, ""2021"": 0.001339, ""2022"": 0.00156, ""2023"": 0.001742, ""2024"": 0.002299, ""2026"": 0.012346}",0.004352,0.00035377,Invitrogen,Cat# E10187,8
l-tryptophan,11,"2018,2021,2022,2023,2024,2025,2026","{""2018"": 1, ""2021"": 1, ""2022"": 3, ""2023"": 2, ""2024"": 1, ""2025"": 2, ""2026"": 1}","{""2018"": 0.002639, ""2021"": 0.001339, ""2022"": 0.00468, ""2023"": 0.003484, ""2024"": 0.002299, ""2025"": 0.003656, ""2026"": 0.012346}",0.004349,0.00080123,Sigma-Aldrich,Cat#T0254; CAS: 73-22-3,4
kifunensine,11,"2018,2020,2021,2023,2024,2025,2026","{""2018"": 1, ""2020"": 1, ""2021"": 3, ""2023"": 2, ""2024"": 2, ""2025"": 1, ""2026"": 1}","{""2018"": 0.002639, ""2020"": 0.001531, ""2021"": 0.004016, ""2023"": 0.003484, ""2024"": 0.004598, ""2025"": 0.001828, ""2026"": 0.012346}",0.004349,0.00074159,Sigma-Aldrich,Cat# K1140,6
"his-tagged sars-cov-2 rbd k417n, e484k, n501y",6,"2021,2022","{""2021"": 3, ""2022"": 3}","{""2021"": 0.004016, ""2022"": 0.00468}",0.004348,,"Zhou et al., 2021",,3
"dpbs, no calcium, no magnesium",14,"2018,2019,2020,2021,2024,2025","{""2018"": 2, ""2019"": 2, ""2020"": 3, ""2021"": 3, ""2024"": 3, ""2025"": 1}","{""2018"": 0.005277, ""2019"": 0.003396, ""2020"": 0.004594, ""2021"": 0.004016, ""2024"": 0.006897, ""2025"": 0.001828}",0.004335,-9.139e-05,Thermo Fisher Scientific,Cat#14190144,8
protein transport inhibitor,5,"2019,2023","{""2019"": 1, ""2023"": 4}","{""2019"": 0.001698, ""2023"": 0.006969}",0.004333,,BD Biosciences,554724,3
hank’s balanced salt solution (hbss),12,"2019,2020,2021,2022,2023,2025,2026","{""2019"": 2, ""2020"": 2, ""2021"": 1, ""2022"": 2, ""2023"": 3, ""2025"": 1, ""2026"": 1}","{""2019"": 0.003396, ""2020"": 0.003063, ""2021"": 0.001339, ""2022"": 0.00312, ""2023"": 0.005226, ""2025"": 0.001828, ""2026"": 0.012346}",0.004331,0.00085675,Gibco,Cat# 14170112,11
l-serine,13,"2018,2019,2021,2022,2023,2024,2025,2026","{""2018"": 2, ""2019"": 3, ""2021"": 2, ""2022"": 1, ""2023"": 1, ""2024"": 1, ""2025"": 2, ""2026"": 1}","{""2018"": 0.005277, ""2019"": 0.005093, ""2021"": 0.002677, ""2022"": 0.00156, ""2023"": 0.001742, ""2024"": 0.002299, ""2025"": 0.003656, ""2026"": 0.012346}",0.004331,0.00034168,Sigma-Aldrich,Cat# S4500,4
tryple express enzyme,18,"2018,2020,2021,2022,2023,2024,2025","{""2018"": 1, ""2020"": 1, ""2021"": 7, ""2022"": 2, ""2023"": 1, ""2024"": 2, ""2025"": 4}","{""2018"": 0.002639, ""2020"": 0.001531, ""2021"": 0.009371, ""2022"": 0.00312, ""2023"": 0.001742, ""2024"": 0.004598, ""2025"": 0.007313}",0.00433,0.0004079,Thermo Fisher Scientific,Cat# 12604013,7
tmb substrate,15,"2018,2020,2021,2022,2023,2025","{""2018"": 2, ""2020"": 3, ""2021"": 2, ""2022"": 4, ""2023"": 2, ""2025"": 2}","{""2018"": 0.005277, ""2020"": 0.004594, ""2021"": 0.002677, ""2022"": 0.00624, ""2023"": 0.003484, ""2025"": 0.003656}",0.004322,-0.00018834,Sigma,N301,9
retronectin,12,"2020,2021,2022,2023,2024,2025,2026","{""2020"": 1, ""2021"": 4, ""2022"": 1, ""2023"": 2, ""2024"": 1, ""2025"": 2, ""2026"": 1}","{""2020"": 0.001531, ""2021"": 0.005355, ""2022"": 0.00156, ""2023"": 0.003484, ""2024"": 0.002299, ""2025"": 0.003656, ""2026"": 0.012346}",0.004319,0.00106374,Takara Bio,Cat#T100B,8
q-vd-oph,6,"2017,2019,2022,2024,2025,2026","{""2017"": 1, ""2019"": 1, ""2022"": 1, ""2024"": 1, ""2025"": 1, ""2026"": 1}","{""2017"": 0.006173, ""2019"": 0.001698, ""2022"": 0.00156, ""2024"": 0.002299, ""2025"": 0.001828, ""2026"": 0.012346}",0.004317,0.00030541,Cayman Chemical,Cat# HY-12305,6
paraformaldehyde solution 4% in pbs,8,"2020,2022,2023,2024,2025,2026","{""2020"": 1, ""2022"": 1, ""2023"": 1, ""2024"": 3, ""2025"": 1, ""2026"": 1}","{""2020"": 0.001531, ""2022"": 0.00156, ""2023"": 0.001742, ""2024"": 0.006897, ""2025"": 0.001828, ""2026"": 0.012346}",0.004317,0.00140576,Santa Cruz Biotechnology,Cat# sc-281692,4
prolong gold antifade reagent,19,"2018,2019,2020,2021,2022,2023,2024,2025","{""2018"": 2, ""2019"": 1, ""2020"": 2, ""2021"": 2, ""2022"": 3, ""2023"": 3, ""2024"": 2, ""2025"": 4}","{""2018"": 0.005277, ""2019"": 0.001698, ""2020"": 0.003063, ""2021"": 0.002677, ""2022"": 0.00468, ""2023"": 0.005226, ""2024"": 0.004598, ""2025"": 0.007313}",0.004316,0.00044336,Invitrogen,Cat# P36930,4
carfilzomib,6,"2019,2022,2024,2025,2026","{""2019"": 1, ""2022"": 1, ""2024"": 1, ""2025"": 2, ""2026"": 1}","{""2019"": 0.001698, ""2022"": 0.00156, ""2024"": 0.002299, ""2025"": 0.003656, ""2026"": 0.012346}",0.004312,0.00110343,Selleck Chemicals LLC,Cat#S2853,6
h2dcfda,6,"2019,2022,2024,2025,2026","{""2019"": 1, ""2022"": 1, ""2024"": 1, ""2025"": 2, ""2026"": 1}","{""2019"": 0.001698, ""2022"": 0.00156, ""2024"": 0.002299, ""2025"": 0.003656, ""2026"": 0.012346}",0.004312,0.00110343,MedChemExpress,Cat#HY-D0940,5
sulfo-nhs-lc-biotin,5,"2021,2024","{""2021"": 3, ""2024"": 2}","{""2021"": 0.004016, ""2024"": 0.004598}",0.004307,,Thermo Fisher Scientific,Cat#21335,3
mitotracker deep red,14,"2018,2019,2020,2021,2022,2023,2024,2026","{""2018"": 1, ""2019"": 1, ""2020"": 2, ""2021"": 3, ""2022"": 2, ""2023"": 3, ""2024"": 1, ""2026"": 1}","{""2018"": 0.002639, ""2019"": 0.001698, ""2020"": 0.003063, ""2021"": 0.004016, ""2022"": 0.00312, ""2023"": 0.005226, ""2024"": 0.002299, ""2026"": 0.012346}",0.004301,0.00092872,Invitrogen,Cat# M22426,3
rnase out,13,"2019,2020,2022,2023,2025","{""2019"": 2, ""2020"": 5, ""2022"": 1, ""2023"": 3, ""2025"": 2}","{""2019"": 0.003396, ""2020"": 0.007657, ""2022"": 0.00156, ""2023"": 0.005226, ""2025"": 0.003656}",0.004299,-0.00021957,Invitrogen,Cat# 10777019,3
nupage transfer buffer,6,"2020,2023,2024,2025,2026","{""2020"": 1, ""2023"": 2, ""2024"": 1, ""2025"": 1, ""2026"": 1}","{""2020"": 0.001531, ""2023"": 0.003484, ""2024"": 0.002299, ""2025"": 0.001828, ""2026"": 0.012346}",0.004298,0.00120306,Thermo Fisher Scientific,NP00061,3
sodium citrate dihydrate,6,"2020,2023,2024,2025,2026","{""2020"": 1, ""2023"": 2, ""2024"": 1, ""2025"": 1, ""2026"": 1}","{""2020"": 0.001531, ""2023"": 0.003484, ""2024"": 0.002299, ""2025"": 0.001828, ""2026"": 0.012346}",0.004298,0.00120306,Sigma-Aldrich,Cat#W302600,3
nitrocellulose membrane,14,"2020,2021,2022,2023,2024,2025","{""2020"": 2, ""2021"": 1, ""2022"": 1, ""2023"": 4, ""2024"": 4, ""2025"": 2}","{""2020"": 0.003063, ""2021"": 0.001339, ""2022"": 0.00156, ""2023"": 0.006969, ""2024"": 0.009195, ""2025"": 0.003656}",0.004297,0.00091275,Bio-rad,10600002,11
palmitic acid,15,"2017,2019,2020,2021,2022,2023,2024,2025","{""2017"": 2, ""2019"": 1, ""2020"": 2, ""2021"": 2, ""2022"": 3, ""2023"": 2, ""2024"": 2, ""2025"": 1}","{""2017"": 0.012346, ""2019"": 0.001698, ""2020"": 0.003063, ""2021"": 0.002677, ""2022"": 0.00468, ""2023"": 0.003484, ""2024"": 0.004598, ""2025"": 0.001828}",0.004297,-0.00072134,Sigma-Aldrich,P0500,5
complete protease inhibitor,16,"2018,2019,2020,2021,2022,2023,2024,2025,2026","{""2018"": 1, ""2019"": 3, ""2020"": 2, ""2021"": 2, ""2022"": 1, ""2023"": 2, ""2024"": 1, ""2025"": 3, ""2026"": 1}","{""2018"": 0.002639, ""2019"": 0.005093, ""2020"": 0.003063, ""2021"": 0.002677, ""2022"": 0.00156, ""2023"": 0.003484, ""2024"": 0.002299, ""2025"": 0.005484, ""2026"": 0.012346}",0.004294,0.00065468,Roche,Cat# 11697498001,10
epidermal growth factor,11,"2017,2018,2019,2020,2023,2024,2025","{""2017"": 2, ""2018"": 1, ""2019"": 1, ""2020"": 1, ""2023"": 1, ""2024"": 2, ""2025"": 3}","{""2017"": 0.012346, ""2018"": 0.002639, ""2019"": 0.001698, ""2020"": 0.001531, ""2023"": 0.001742, ""2024"": 0.004598, ""2025"": 0.005484}",0.004291,-0.00031804,Peprotech,Cat#AF-100-15,10
16% formaldehyde,15,"2019,2020,2022,2023,2024,2025","{""2019"": 1, ""2020"": 6, ""2022"": 2, ""2023"": 2, ""2024"": 2, ""2025"": 2}","{""2019"": 0.001698, ""2020"": 0.009188, ""2022"": 0.00312, ""2023"": 0.003484, ""2024"": 0.004598, ""2025"": 0.003656}",0.004291,-0.00015325,Fisher Scientific,Cat#28908,7
dihydroethidium (dhe),6,"2018,2020,2022,2025,2026","{""2018"": 1, ""2020"": 2, ""2022"": 1, ""2025"": 1, ""2026"": 1}","{""2018"": 0.002639, ""2020"": 0.003063, ""2022"": 0.00156, ""2025"": 0.001828, ""2026"": 0.012346}",0.004287,0.00075671,Invitrogen,Cat# D11347,4
7-aad,16,"2017,2018,2019,2020,2021,2022,2024,2025","{""2017"": 1, ""2018"": 3, ""2019"": 2, ""2020"": 4, ""2021"": 2, ""2022"": 1, ""2024"": 2, ""2025"": 1}","{""2017"": 0.006173, ""2018"": 0.007916, ""2019"": 0.003396, ""2020"": 0.006126, ""2021"": 0.002677, ""2022"": 0.00156, ""2024"": 0.004598, ""2025"": 0.001828}",0.004284,-0.00054272,Biolegend,Cat# 559925,9
tn5 transposase,7,"2020,2024,2025","{""2020"": 3, ""2024"": 2, ""2025"": 2}","{""2020"": 0.004594, ""2024"": 0.004598, ""2025"": 0.003656}",0.004283,-0.00013373,Illumina,Cat#70715027865,7
creatine phosphate,18,"2017,2018,2019,2020,2021,2022,2023,2024,2025","{""2017"": 1, ""2018"": 3, ""2019"": 1, ""2020"": 2, ""2021"": 1, ""2022"": 2, ""2023"": 4, ""2024"": 2, ""2025"": 2}","{""2017"": 0.006173, ""2018"": 0.007916, ""2019"": 0.001698, ""2020"": 0.003063, ""2021"": 0.001339, ""2022"": 0.00312, ""2023"": 0.006969, ""2024"": 0.004598, ""2025"": 0.003656}",0.004281,-0.00015701,Roche,Cat#10621714001,10
beta-mercaptoethanol,15,"2020,2021,2022,2023,2024,2025","{""2020"": 3, ""2021"": 2, ""2022"": 1, ""2023"": 1, ""2024"": 1, ""2025"": 7}","{""2020"": 0.004594, ""2021"": 0.002677, ""2022"": 0.00156, ""2023"": 0.001742, ""2024"": 0.002299, ""2025"": 0.012797}",0.004278,0.0011446,Sigma,M3148,9
hexadimethrine bromide (polybrene),11,"2018,2019,2021,2022,2023,2025,2026","{""2018"": 1, ""2019"": 3, ""2021"": 1, ""2022"": 2, ""2023"": 1, ""2025"": 2, ""2026"": 1}","{""2018"": 0.002639, ""2019"": 0.005093, ""2021"": 0.001339, ""2022"": 0.00312, ""2023"": 0.001742, ""2025"": 0.003656, ""2026"": 0.012346}",0.004276,0.00067156,Sigma-Aldrich,Cat#107689,3
recombinant human il-15,17,"2017,2018,2020,2021,2022,2023,2024,2025","{""2017"": 1, ""2018"": 2, ""2020"": 1, ""2021"": 4, ""2022"": 3, ""2023"": 3, ""2024"": 1, ""2025"": 2}","{""2017"": 0.006173, ""2018"": 0.005277, ""2020"": 0.001531, ""2021"": 0.005355, ""2022"": 0.00468, ""2023"": 0.005226, ""2024"": 0.002299, ""2025"": 0.003656}",0.004275,-0.00025132,Peprotech,Cat# 200-15,11
adenosine 5′-triphosphate disodium salt hydrate,8,"2017,2019,2020,2021,2022","{""2017"": 2, ""2019"": 1, ""2020"": 1, ""2021"": 2, ""2022"": 2}","{""2017"": 0.012346, ""2019"": 0.001698, ""2020"": 0.001531, ""2021"": 0.002677, ""2022"": 0.00312}",0.004274,-0.00172586,Sigma-Aldrich,Cat#A2383,3
"pierce™ 16% formaldehyde (w/v), methanol-free",7,"2017,2022,2024,2025","{""2017"": 1, ""2022"": 2, ""2024"": 1, ""2025"": 3}","{""2017"": 0.006173, ""2022"": 0.00312, ""2024"": 0.002299, ""2025"": 0.005484}",0.004269,-0.00025824,Thermo Fisher Scientific,Cat#28908,2
bis(maleimido)ethane (bmoe),5,"2017,2021,2022,2025","{""2017"": 2, ""2021"": 1, ""2022"": 1, ""2025"": 1}","{""2017"": 0.012346, ""2021"": 0.001339, ""2022"": 0.00156, ""2025"": 0.001828}",0.004268,-0.00136727,Thermo Scientific,Cat#22323,1
cyclosporin a,8,"2019,2020,2023","{""2019"": 2, ""2020"": 5, ""2023"": 1}","{""2019"": 0.003396, ""2020"": 0.007657, ""2023"": 0.001742}",0.004265,-0.00077295,Sigma-Aldrich,Cat# 30024,5
fectopro dna transfection reagent,5,"2022,2023","{""2022"": 1, ""2023"": 4}","{""2022"": 0.00156, ""2023"": 0.006969}",0.004264,,VWR,Cat#10118-444,1
collagenase i,19,"2018,2019,2020,2021,2022,2023,2024,2025","{""2018"": 1, ""2019"": 2, ""2020"": 2, ""2021"": 1, ""2022"": 5, ""2023"": 3, ""2024"": 3, ""2025"": 2}","{""2018"": 0.002639, ""2019"": 0.003396, ""2020"": 0.003063, ""2021"": 0.001339, ""2022"": 0.0078, ""2023"": 0.005226, ""2024"": 0.006897, ""2025"": 0.003656}",0.004252,0.00044741,Sigma-Aldrich,Cat# C0130,9
ammonium formate,11,"2019,2022,2023,2024,2025","{""2019"": 1, ""2022"": 1, ""2023"": 4, ""2024"": 4, ""2025"": 1}","{""2019"": 0.001698, ""2022"": 0.00156, ""2023"": 0.006969, ""2024"": 0.009195, ""2025"": 0.001828}",0.00425,0.00061323,Sigma-Aldrich,Cat#5093.1,6
recombinant murine il-3,10,"2017,2019,2020,2021,2023,2025","{""2017"": 2, ""2019"": 1, ""2020"": 1, ""2021"": 2, ""2023"": 1, ""2025"": 3}","{""2017"": 0.012346, ""2019"": 0.001698, ""2020"": 0.001531, ""2021"": 0.002677, ""2023"": 0.001742, ""2025"": 0.005484}",0.004246,-0.00060345,PeproTech,213–13,2
recombinant mouse il-2,11,"2017,2018,2019,2021,2023,2024,2025","{""2017"": 2, ""2018"": 1, ""2019"": 2, ""2021"": 1, ""2023"": 1, ""2024"": 2, ""2025"": 2}","{""2017"": 0.012346, ""2018"": 0.002639, ""2019"": 0.003396, ""2021"": 0.001339, ""2023"": 0.001742, ""2024"": 0.004598, ""2025"": 0.003656}",0.004245,-0.00055494,Biolegend,Cat# 575402,7
u0126,12,"2017,2018,2019,2020,2021,2022","{""2017"": 1, ""2018"": 2, ""2019"": 2, ""2020"": 3, ""2021"": 1, ""2022"": 3}","{""2017"": 0.006173, ""2018"": 0.005277, ""2019"": 0.003396, ""2020"": 0.004594, ""2021"": 0.001339, ""2022"": 0.00468}",0.004243,-0.00051656,Tocris Bioscience,Cat# 1144; CAS: 109511-58-2,8
antigen unmasking solution,5,"2017,2020,2023","{""2017"": 1, ""2020"": 2, ""2023"": 2}","{""2017"": 0.006173, ""2020"": 0.003063, ""2023"": 0.003484}",0.00424,-0.00044809,Vector Laboratories,H-3300,3
hydrochloric acid,19,"2018,2019,2020,2021,2022,2023,2024,2025","{""2018"": 1, ""2019"": 3, ""2020"": 3, ""2021"": 2, ""2022"": 2, ""2023"": 3, ""2024"": 3, ""2025"": 2}","{""2018"": 0.002639, ""2019"": 0.005093, ""2020"": 0.004594, ""2021"": 0.002677, ""2022"": 0.00312, ""2023"": 0.005226, ""2024"": 0.006897, ""2025"": 0.003656}",0.004238,0.00022,Sigma-Aldrich,A142-212,14
streptavidin hrp,6,"2021,2022","{""2021"": 4, ""2022"": 2}","{""2021"": 0.005355, ""2022"": 0.00312}",0.004237,,Mabtech,Cat # 3310-9-1000,6
tmrm,17,"2018,2019,2020,2021,2022,2023,2024","{""2018"": 2, ""2019"": 3, ""2020"": 2, ""2021"": 4, ""2022"": 1, ""2023"": 4, ""2024"": 1}","{""2018"": 0.005277, ""2019"": 0.005093, ""2020"": 0.003063, ""2021"": 0.005355, ""2022"": 0.00156, ""2023"": 0.006969, ""2024"": 0.002299}",0.004231,-0.00023881,Thermo Fisher Scientific,T668,4
"complete ™ , edta-free protease inhibitor cocktail",11,"2018,2022,2023,2024,2025","{""2018"": 1, ""2022"": 2, ""2023"": 2, ""2024"": 2, ""2025"": 4}","{""2018"": 0.002639, ""2022"": 0.00312, ""2023"": 0.003484, ""2024"": 0.004598, ""2025"": 0.007313}",0.004231,0.00053432,Roche,Cat# COEDTAF-RO,5
"edta (0.5 m), ph 8.0, rnase-free",10,"2019,2021,2023,2025","{""2019"": 1, ""2021"": 2, ""2023"": 3, ""2025"": 4}","{""2019"": 0.001698, ""2021"": 0.002677, ""2023"": 0.005226, ""2025"": 0.007313}",0.004229,0.00096968,Thermo Fisher Scientific,Cat# AM9261,3
adp,13,"2017,2018,2019,2020,2022,2023,2024","{""2017"": 1, ""2018"": 3, ""2019"": 4, ""2020"": 1, ""2022"": 2, ""2023"": 1, ""2024"": 1}","{""2017"": 0.006173, ""2018"": 0.007916, ""2019"": 0.006791, ""2020"": 0.001531, ""2022"": 0.00312, ""2023"": 0.001742, ""2024"": 0.002299}",0.004225,-0.00079475,Sigma-Aldrich,A2754,5
dmem-f12,10,"2018,2019,2020,2023,2024,2025,2026","{""2018"": 1, ""2019"": 1, ""2020"": 1, ""2023"": 1, ""2024"": 1, ""2025"": 4, ""2026"": 1}","{""2018"": 0.002639, ""2019"": 0.001698, ""2020"": 0.001531, ""2023"": 0.001742, ""2024"": 0.002299, ""2025"": 0.007313, ""2026"": 0.012346}",0.004224,0.00092982,Gibco,Cat# 11330057,7
klenow fragment,9,"2019,2020,2021,2022,2024,2026","{""2019"": 2, ""2020"": 2, ""2021"": 2, ""2022"": 1, ""2024"": 1, ""2026"": 1}","{""2019"": 0.003396, ""2020"": 0.003063, ""2021"": 0.002677, ""2022"": 0.00156, ""2024"": 0.002299, ""2026"": 0.012346}",0.004223,0.00102914,New England BioLabs,Cat# M0212L,5
ssoadvanced universal sybr green supermix,12,"2017,2021,2022,2023,2024,2025","{""2017"": 1, ""2021"": 2, ""2022"": 1, ""2023"": 2, ""2024"": 1, ""2025"": 5}","{""2017"": 0.006173, ""2021"": 0.002677, ""2022"": 0.00156, ""2023"": 0.003484, ""2024"": 0.002299, ""2025"": 0.009141}",0.004222,4.907e-05,Bio-Rad,Cat# 1725274,7
fixation buffer,16,"2018,2019,2021,2022,2023,2024,2025","{""2018"": 1, ""2019"": 4, ""2021"": 2, ""2022"": 1, ""2023"": 2, ""2024"": 3, ""2025"": 3}","{""2018"": 0.002639, ""2019"": 0.006791, ""2021"": 0.002677, ""2022"": 0.00156, ""2023"": 0.003484, ""2024"": 0.006897, ""2025"": 0.005484}",0.004219,0.00021719,BioLegend,Cat# 420801,2
iodacetamide,8,"2018,2021,2022,2023,2024,2026","{""2018"": 1, ""2021"": 1, ""2022"": 2, ""2023"": 2, ""2024"": 1, ""2026"": 1}","{""2018"": 0.002639, ""2021"": 0.001339, ""2022"": 0.00312, ""2023"": 0.003484, ""2024"": 0.002299, ""2026"": 0.012346}",0.004204,0.00099544,Sigma-Aldrich,Cat# I1149,1
metformin,12,"2017,2018,2019,2020,2021,2024,2025","{""2017"": 1, ""2018"": 4, ""2019"": 2, ""2020"": 1, ""2021"": 1, ""2024"": 2, ""2025"": 1}","{""2017"": 0.006173, ""2018"": 0.010554, ""2019"": 0.003396, ""2020"": 0.001531, ""2021"": 0.001339, ""2024"": 0.004598, ""2025"": 0.001828}",0.004203,-0.00057643,Sigma,13118,8
ro-3306,18,"2017,2018,2019,2020,2021,2022,2023,2024,2025","{""2017"": 1, ""2018"": 3, ""2019"": 2, ""2020"": 3, ""2021"": 2, ""2022"": 2, ""2023"": 2, ""2024"": 2, ""2025"": 1}","{""2017"": 0.006173, ""2018"": 0.007916, ""2019"": 0.003396, ""2020"": 0.004594, ""2021"": 0.002677, ""2022"": 0.00312, ""2023"": 0.003484, ""2024"": 0.004598, ""2025"": 0.001828}",0.004198,-0.00047715,Sigma-Aldrich,S7747,7
lipopolysaccharide (lps),18,"2018,2019,2020,2021,2022,2023,2024,2025","{""2018"": 2, ""2019"": 1, ""2020"": 3, ""2021"": 1, ""2022"": 3, ""2023"": 1, ""2024"": 3, ""2025"": 4}","{""2018"": 0.005277, ""2019"": 0.001698, ""2020"": 0.004594, ""2021"": 0.001339, ""2022"": 0.00468, ""2023"": 0.001742, ""2024"": 0.006897, ""2025"": 0.007313}",0.004192,0.000417,Sigma Aldrich,Cat# L2630,13
phenylmethanesulfonyl fluoride,12,"2018,2019,2020,2021,2025","{""2018"": 1, ""2019"": 4, ""2020"": 1, ""2021"": 2, ""2025"": 4}","{""2018"": 0.002639, ""2019"": 0.006791, ""2020"": 0.001531, ""2021"": 0.002677, ""2025"": 0.007313}",0.00419,0.00050005,Sigma-Aldrich,Cat# P7626,4
growth factor reduced matrigel,14,"2017,2019,2020,2021,2022,2023,2024,2025","{""2017"": 2, ""2019"": 1, ""2020"": 1, ""2021"": 2, ""2022"": 1, ""2023"": 1, ""2024"": 2, ""2025"": 4}","{""2017"": 0.012346, ""2019"": 0.001698, ""2020"": 0.001531, ""2021"": 0.002677, ""2022"": 0.00156, ""2023"": 0.001742, ""2024"": 0.004598, ""2025"": 0.007313}",0.004183,-0.00037636,Corning,Cat# 356231,5
mdivi-1,6,"2018,2019,2020,2021,2026","{""2018"": 1, ""2019"": 1, ""2020"": 1, ""2021"": 2, ""2026"": 1}","{""2018"": 0.002639, ""2019"": 0.001698, ""2020"": 0.001531, ""2021"": 0.002677, ""2026"": 0.012346}",0.004178,0.00136763,SelleckChem,Cat#S7162; CAS#338967-87-6,5
sodium ascorbate,10,"2021,2022,2024,2025","{""2021"": 2, ""2022"": 4, ""2024"": 1, ""2025"": 3}","{""2021"": 0.002677, ""2022"": 0.00624, ""2024"": 0.002299, ""2025"": 0.005484}",0.004175,0.00016728,Sigma Aldrich,A7631,7
"proteinase k, recombinant, pcr grade",13,"2017,2018,2019,2022,2023,2024,2025","{""2017"": 1, ""2018"": 1, ""2019"": 1, ""2022"": 1, ""2023"": 3, ""2024"": 2, ""2025"": 4}","{""2017"": 0.006173, ""2018"": 0.002639, ""2019"": 0.001698, ""2022"": 0.00156, ""2023"": 0.005226, ""2024"": 0.004598, ""2025"": 0.007313}",0.004172,0.00025285,Sigma-Aldrich,Cat# RPROTKSOL-RO,9
l-carnitine,5,"2018,2023,2024,2025,2026","{""2018"": 1, ""2023"": 1, ""2024"": 1, ""2025"": 1, ""2026"": 1}","{""2018"": 0.002639, ""2023"": 0.001742, ""2024"": 0.002299, ""2025"": 0.001828, ""2026"": 0.012346}",0.004171,0.00066054,Invitrogen,Cat#A17618.09; CAS#541-15-1,5
dmem high glucose,18,"2018,2019,2020,2021,2022,2023,2024,2025","{""2018"": 1, ""2019"": 4, ""2020"": 1, ""2021"": 2, ""2022"": 1, ""2023"": 2, ""2024"": 4, ""2025"": 3}","{""2018"": 0.002639, ""2019"": 0.006791, ""2020"": 0.001531, ""2021"": 0.002677, ""2022"": 0.00156, ""2023"": 0.003484, ""2024"": 0.009195, ""2025"": 0.005484}",0.00417,0.00043672,Thermo Fisher,Cat#11965092,13
aebsf,14,"2020,2021,2022,2023,2024,2025","{""2020"": 2, ""2021"": 2, ""2022"": 3, ""2023"": 1, ""2024"": 4, ""2025"": 2}","{""2020"": 0.003063, ""2021"": 0.002677, ""2022"": 0.00468, ""2023"": 0.001742, ""2024"": 0.009195, ""2025"": 0.003656}",0.004169,0.00055953,Sigma-Aldrich,A8456,11
pipes,11,"2018,2019,2020,2021,2022,2024,2026","{""2018"": 1, ""2019"": 1, ""2020"": 2, ""2021"": 3, ""2022"": 2, ""2024"": 1, ""2026"": 1}","{""2018"": 0.002639, ""2019"": 0.001698, ""2020"": 0.003063, ""2021"": 0.004016, ""2022"": 0.00312, ""2024"": 0.002299, ""2026"": 0.012346}",0.004169,0.00094029,Sigma,P1851,3
freestyle™ 293 expression medium,11,"2020,2021,2022,2023","{""2020"": 1, ""2021"": 3, ""2022"": 6, ""2023"": 1}","{""2020"": 0.001531, ""2021"": 0.004016, ""2022"": 0.00936, ""2023"": 0.001742}",0.004162,0.00059766,Gibco,Cat#12338018,3
dl-ap5,11,"2020,2022,2023,2024,2025","{""2020"": 1, ""2022"": 3, ""2023"": 1, ""2024"": 4, ""2025"": 2}","{""2020"": 0.001531, ""2022"": 0.00468, ""2023"": 0.001742, ""2024"": 0.009195, ""2025"": 0.003656}",0.004161,0.00076991,Tocris,Cat# 3693,7
sodium hydroxide (naoh),6,"2020,2021,2023,2024,2026","{""2020"": 2, ""2021"": 1, ""2023"": 1, ""2024"": 1, ""2026"": 1}","{""2020"": 0.003063, ""2021"": 0.001339, ""2023"": 0.001742, ""2024"": 0.002299, ""2026"": 0.012346}",0.004158,0.00138718,Fisher Scientific,Cat#S5881-1KG,5
human insulin,14,"2017,2018,2019,2021,2022,2023,2024,2025","{""2017"": 2, ""2018"": 1, ""2019"": 1, ""2021"": 3, ""2022"": 2, ""2023"": 2, ""2024"": 1, ""2025"": 2}","{""2017"": 0.012346, ""2018"": 0.002639, ""2019"": 0.001698, ""2021"": 0.004016, ""2022"": 0.00312, ""2023"": 0.003484, ""2024"": 0.002299, ""2025"": 0.003656}",0.004157,-0.00056459,Sigma-Aldrich,Cat#I9278,6
lipofectamine 2000 reagent,10,"2017,2018,2019,2020,2022,2023,2024,2026","{""2017"": 1, ""2018"": 1, ""2019"": 2, ""2020"": 1, ""2022"": 2, ""2023"": 1, ""2024"": 1, ""2026"": 1}","{""2017"": 0.006173, ""2018"": 0.002639, ""2019"": 0.003396, ""2020"": 0.001531, ""2022"": 0.00312, ""2023"": 0.001742, ""2024"": 0.002299, ""2026"": 0.012346}",0.004156,0.00043767,Invitrogen,Cat#11668019,5
"digitonin, high purity",8,"2018,2021,2022,2023,2025,2026","{""2018"": 1, ""2021"": 1, ""2022"": 1, ""2023"": 3, ""2025"": 1, ""2026"": 1}","{""2018"": 0.002639, ""2021"": 0.001339, ""2022"": 0.00156, ""2023"": 0.005226, ""2025"": 0.001828, ""2026"": 0.012346}",0.004156,0.00086101,Millipore,Cat# 300410,2
sb202190,17,"2018,2019,2020,2021,2022,2023,2024","{""2018"": 2, ""2019"": 2, ""2020"": 2, ""2021"": 5, ""2022"": 2, ""2023"": 3, ""2024"": 1}","{""2018"": 0.005277, ""2019"": 0.003396, ""2020"": 0.003063, ""2021"": 0.006693, ""2022"": 0.00312, ""2023"": 0.005226, ""2024"": 0.002299}",0.004153,-0.00018627,Sigma-Aldrich,Cat#S7067,8
recombinant human il6,8,"2018,2019,2020,2022,2023,2026","{""2018"": 1, ""2019"": 3, ""2020"": 1, ""2022"": 1, ""2023"": 1, ""2026"": 1}","{""2018"": 0.002639, ""2019"": 0.005093, ""2020"": 0.001531, ""2022"": 0.00156, ""2023"": 0.001742, ""2026"": 0.012346}",0.004152,0.0008962,Peprotech,Cat# 200-06,4
fastap,11,"2019,2020,2021,2022,2024,2025,2026","{""2019"": 1, ""2020"": 3, ""2021"": 1, ""2022"": 2, ""2024"": 1, ""2025"": 2, ""2026"": 1}","{""2019"": 0.001698, ""2020"": 0.004594, ""2021"": 0.001339, ""2022"": 0.00312, ""2024"": 0.002299, ""2025"": 0.003656, ""2026"": 0.012346}",0.00415,0.00088407,Thermo Fisher,Cat# EF0651,6
mk-2206,9,"2019,2022,2024,2025","{""2019"": 2, ""2022"": 2, ""2024"": 2, ""2025"": 3}","{""2019"": 0.003396, ""2022"": 0.00312, ""2024"": 0.004598, ""2025"": 0.005484}",0.004149,0.0003411,Selleckchem,HY-10358,5
micrococcal nuclease,19,"2018,2019,2020,2021,2022,2023,2024,2025","{""2018"": 1, ""2019"": 7, ""2020"": 1, ""2021"": 1, ""2022"": 3, ""2023"": 4, ""2024"": 1, ""2025"": 1}","{""2018"": 0.002639, ""2019"": 0.011885, ""2020"": 0.001531, ""2021"": 0.001339, ""2022"": 0.00468, ""2023"": 0.006969, ""2024"": 0.002299, ""2025"": 0.001828}",0.004146,-0.00040414,NEB,M0247S,8
t4 dna ligase buffer,5,"2018,2019,2023,2024,2026","{""2018"": 1, ""2019"": 1, ""2023"": 1, ""2024"": 1, ""2026"": 1}","{""2018"": 0.002639, ""2019"": 0.001698, ""2023"": 0.001742, ""2024"": 0.002299, ""2026"": 0.012346}",0.004145,0.0008712,New England Biolabs,B0202S,3
l-isoleucine,5,"2018,2022,2024,2025,2026","{""2018"": 1, ""2022"": 1, ""2024"": 1, ""2025"": 1, ""2026"": 1}","{""2018"": 0.002639, ""2022"": 0.00156, ""2024"": 0.002299, ""2025"": 0.001828, ""2026"": 0.012346}",0.004134,0.00070599,Sigma-Aldrich,Cat#I7403-25G,3
l-valine,5,"2018,2022,2024,2025,2026","{""2018"": 1, ""2022"": 1, ""2024"": 1, ""2025"": 1, ""2026"": 1}","{""2018"": 0.002639, ""2022"": 0.00156, ""2024"": 0.002299, ""2025"": 0.001828, ""2026"": 0.012346}",0.004134,0.00070599,Sigma-Aldrich,Cat#V0513-25G,3
l-threonine,5,"2018,2022,2024,2025,2026","{""2018"": 1, ""2022"": 1, ""2024"": 1, ""2025"": 1, ""2026"": 1}","{""2018"": 0.002639, ""2022"": 0.00156, ""2024"": 0.002299, ""2025"": 0.001828, ""2026"": 0.012346}",0.004134,0.00070599,Sigma-Aldrich,Cat#T8441-25G,2
50x denhardt’s solution,5,"2018,2022,2024,2025,2026","{""2018"": 1, ""2022"": 1, ""2024"": 1, ""2025"": 1, ""2026"": 1}","{""2018"": 0.002639, ""2022"": 0.00156, ""2024"": 0.002299, ""2025"": 0.001828, ""2026"": 0.012346}",0.004134,0.00070599,Thermo Fisher Scientific,Cat# 750018,1
ribonucleoside vanadyl complexes,5,"2018,2022,2024,2025,2026","{""2018"": 1, ""2022"": 1, ""2024"": 1, ""2025"": 1, ""2026"": 1}","{""2018"": 0.002639, ""2022"": 0.00156, ""2024"": 0.002299, ""2025"": 0.001828, ""2026"": 0.012346}",0.004134,0.00070599,Sigma-Aldrich,Cat. # R3380,2
casein,9,"2017,2019,2020,2021,2023,2024","{""2017"": 2, ""2019"": 1, ""2020"": 2, ""2021"": 1, ""2023"": 1, ""2024"": 2}","{""2017"": 0.012346, ""2019"": 0.001698, ""2020"": 0.003063, ""2021"": 0.001339, ""2023"": 0.001742, ""2024"": 0.004598}",0.004131,-0.00090906,Sigma,Cat#C3400,8
rock inhibitor y27632,9,"2017,2018,2020,2021,2023","{""2017"": 1, ""2018"": 2, ""2020"": 4, ""2021"": 1, ""2023"": 1}","{""2017"": 0.006173, ""2018"": 0.005277, ""2020"": 0.006126, ""2021"": 0.001339, ""2023"": 0.001742}",0.004131,-0.00080597,Sigma-Aldrich,Cat#688000-5,5
oct,9,"2017,2022,2023,2024,2025","{""2017"": 1, ""2022"": 1, ""2023"": 4, ""2024"": 1, ""2025"": 2}","{""2017"": 0.006173, ""2022"": 0.00156, ""2023"": 0.006969, ""2024"": 0.002299, ""2025"": 0.003656}",0.004131,-0.00032114,Sakura,Cat# 4583,8
streptomycin,15,"2019,2020,2021,2022,2023,2024","{""2019"": 3, ""2020"": 1, ""2021"": 3, ""2022"": 2, ""2023"": 5, ""2024"": 1}","{""2019"": 0.005093, ""2020"": 0.001531, ""2021"": 0.004016, ""2022"": 0.00312, ""2023"": 0.008711, ""2024"": 0.002299}",0.004128,0.00019056,VWR,Cat# 382-EU-100G,9
potassium dihydrogen phosphate,6,"2017,2019,2023,2024","{""2017"": 1, ""2019"": 1, ""2023"": 1, ""2024"": 3}","{""2017"": 0.006173, ""2019"": 0.001698, ""2023"": 0.001742, ""2024"": 0.006897}",0.004127,6.55e-06,VWR,1.04873.1000,6
lipofectamine ltx,16,"2017,2018,2019,2020,2021,2022,2024,2025","{""2017"": 1, ""2018"": 2, ""2019"": 3, ""2020"": 1, ""2021"": 2, ""2022"": 4, ""2024"": 1, ""2025"": 2}","{""2017"": 0.006173, ""2018"": 0.005277, ""2019"": 0.005093, ""2020"": 0.001531, ""2021"": 0.002677, ""2022"": 0.00624, ""2024"": 0.002299, ""2025"": 0.003656}",0.004118,-0.00029264,Thermo Fisher Scientific,15338100,7
yeast trna,15,"2018,2019,2021,2022,2023,2024,2025","{""2018"": 3, ""2019"": 3, ""2021"": 1, ""2022"": 2, ""2023"": 1, ""2024"": 1, ""2025"": 4}","{""2018"": 0.007916, ""2019"": 0.005093, ""2021"": 0.001339, ""2022"": 0.00312, ""2023"": 0.001742, ""2024"": 0.002299, ""2025"": 0.007313}",0.004117,-0.00029848,ThermoFisher,Cat# AM7119,7
recombinant murine il-4,16,"2018,2019,2020,2021,2022,2023,2024","{""2018"": 2, ""2019"": 3, ""2020"": 4, ""2021"": 2, ""2022"": 1, ""2023"": 2, ""2024"": 2}","{""2018"": 0.005277, ""2019"": 0.005093, ""2020"": 0.006126, ""2021"": 0.002677, ""2022"": 0.00156, ""2023"": 0.003484, ""2024"": 0.004598}",0.004116,-0.00035077,Peprotech,Cat# 214-14,2
schneider’s drosophila medium,13,"2019,2020,2021,2022,2023,2024,2025,2026","{""2019"": 2, ""2020"": 1, ""2021"": 1, ""2022"": 3, ""2023"": 1, ""2024"": 1, ""2025"": 3, ""2026"": 1}","{""2019"": 0.003396, ""2020"": 0.001531, ""2021"": 0.001339, ""2022"": 0.00468, ""2023"": 0.001742, ""2024"": 0.002299, ""2025"": 0.005484, ""2026"": 0.012346}",0.004102,0.00098046,Gibco,Cat# 21720024,4
bradford reagent,17,"2018,2019,2020,2021,2022,2023,2025","{""2018"": 1, ""2019"": 3, ""2020"": 3, ""2021"": 3, ""2022"": 1, ""2023"": 2, ""2025"": 4}","{""2018"": 0.002639, ""2019"": 0.005093, ""2020"": 0.004594, ""2021"": 0.004016, ""2022"": 0.00156, ""2023"": 0.003484, ""2025"": 0.007313}",0.0041,0.00031508,Bio-Rad,Cat# 5000006,8
dichloromethane,12,"2017,2021,2022,2023,2024,2025","{""2017"": 1, ""2021"": 3, ""2022"": 4, ""2023"": 1, ""2024"": 2, ""2025"": 1}","{""2017"": 0.006173, ""2021"": 0.004016, ""2022"": 0.00624, ""2023"": 0.001742, ""2024"": 0.004598, ""2025"": 0.001828}",0.0041,-0.00046146,Sigma-Aldrich,Cat# 270997,6
knockout dmem,8,"2018,2019,2022,2024","{""2018"": 2, ""2019"": 2, ""2022"": 2, ""2024"": 2}","{""2018"": 0.005277, ""2019"": 0.003396, ""2022"": 0.00312, ""2024"": 0.004598}",0.004098,-7.083e-05,Thermo Fisher Scientific,Cat# 10829018,1
superscript ™ iii reverse transcriptase,6,"2023,2024,2025","{""2023"": 1, ""2024"": 3, ""2025"": 2}","{""2023"": 0.001742, ""2024"": 0.006897, ""2025"": 0.003656}",0.004098,0.00095707,Invitrogen,18080044,2
lysostaphin,6,"2023,2024,2025","{""2023"": 1, ""2024"": 3, ""2025"": 2}","{""2023"": 0.001742, ""2024"": 0.006897, ""2025"": 0.003656}",0.004098,0.00095707,AMBI Products,Cat#LSPN-50,4
ecl,9,"2018,2019,2020,2023,2024,2025,2026","{""2018"": 1, ""2019"": 1, ""2020"": 1, ""2023"": 1, ""2024"": 3, ""2025"": 1, ""2026"": 1}","{""2018"": 0.002639, ""2019"": 0.001698, ""2020"": 0.001531, ""2023"": 0.001742, ""2024"": 0.006897, ""2025"": 0.001828, ""2026"": 0.012346}",0.004097,0.00080865,Thermo Scientific,cat# 34095,9
human il-2,12,"2018,2020,2021,2022,2023,2024,2025,2026","{""2018"": 1, ""2020"": 2, ""2021"": 1, ""2022"": 1, ""2023"": 1, ""2024"": 2, ""2025"": 3, ""2026"": 1}","{""2018"": 0.002639, ""2020"": 0.003063, ""2021"": 0.001339, ""2022"": 0.00156, ""2023"": 0.001742, ""2024"": 0.004598, ""2025"": 0.005484, ""2026"": 0.012346}",0.004096,0.00093166,Peprotech,200-02-10UG,10
dulbecco’s modified eagle medium,16,"2019,2020,2021,2022,2023,2024,2025","{""2019"": 1, ""2020"": 1, ""2021"": 2, ""2022"": 3, ""2023"": 3, ""2024"": 4, ""2025"": 2}","{""2019"": 0.001698, ""2020"": 0.001531, ""2021"": 0.002677, ""2022"": 0.00468, ""2023"": 0.005226, ""2024"": 0.009195, ""2025"": 0.003656}",0.004095,0.00084831,Corning,11960-069,13
dialyzed fetal bovine serum,5,"2018,2021,2024,2025,2026","{""2018"": 1, ""2021"": 1, ""2024"": 1, ""2025"": 1, ""2026"": 1}","{""2018"": 0.002639, ""2021"": 0.001339, ""2024"": 0.002299, ""2025"": 0.001828, ""2026"": 0.012346}",0.00409,0.00072926,Thermo Fisher Scientific,Cat#26400044,3
recombinant human insulin,9,"2017,2020,2021,2024,2025","{""2017"": 1, ""2020"": 1, ""2021"": 3, ""2024"": 3, ""2025"": 1}","{""2017"": 0.006173, ""2020"": 0.001531, ""2021"": 0.004016, ""2024"": 0.006897, ""2025"": 0.001828}",0.004089,-0.0001553,Sigma-Aldrich,Cat#91077C-100MG,7
ecl prime western blotting detection reagent,11,"2017,2019,2020,2023,2024,2025","{""2017"": 1, ""2019"": 3, ""2020"": 1, ""2023"": 2, ""2024"": 2, ""2025"": 2}","{""2017"": 0.006173, ""2019"": 0.005093, ""2020"": 0.001531, ""2023"": 0.003484, ""2024"": 0.004598, ""2025"": 0.003656}",0.004089,-0.00018651,GE Healthcare,Cat# RPN2232,5
rpmi medium 1640,13,"2019,2020,2021,2022,2023,2024,2025,2026","{""2019"": 1, ""2020"": 2, ""2021"": 2, ""2022"": 1, ""2023"": 1, ""2024"": 1, ""2025"": 4, ""2026"": 1}","{""2019"": 0.001698, ""2020"": 0.003063, ""2021"": 0.002677, ""2022"": 0.00156, ""2023"": 0.001742, ""2024"": 0.002299, ""2025"": 0.007313, ""2026"": 0.012346}",0.004087,0.00112894,Gibco,Cat# 21875-034,10
hbs-ep+ buffer 10×,5,"2022,2023","{""2022"": 3, ""2023"": 2}","{""2022"": 0.00468, ""2023"": 0.003484}",0.004082,,Cytiva,Cat# BR100669,1
vitronectin,5,"2022,2023","{""2022"": 3, ""2023"": 2}","{""2022"": 0.00468, ""2023"": 0.003484}",0.004082,,StemCell Technologies,07180,4
draq7,14,"2017,2018,2019,2020,2021,2022,2023,2024,2025,2026","{""2017"": 1, ""2018"": 1, ""2019"": 2, ""2020"": 1, ""2021"": 1, ""2022"": 1, ""2023"": 1, ""2024"": 2, ""2025"": 3, ""2026"": 1}","{""2017"": 0.006173, ""2018"": 0.002639, ""2019"": 0.003396, ""2020"": 0.001531, ""2021"": 0.001339, ""2022"": 0.00156, ""2023"": 0.001742, ""2024"": 0.004598, ""2025"": 0.005484, ""2026"": 0.012346}",0.004081,0.00049904,Abcam,424001,6
nmda,16,"2018,2019,2020,2021,2022,2023,2025","{""2018"": 2, ""2019"": 4, ""2020"": 2, ""2021"": 1, ""2022"": 2, ""2023"": 2, ""2025"": 3}","{""2018"": 0.005277, ""2019"": 0.006791, ""2020"": 0.003063, ""2021"": 0.001339, ""2022"": 0.00312, ""2023"": 0.003484, ""2025"": 0.005484}",0.00408,-0.00012994,Tocris,Cat#0114,5
ammonium sulfate,11,"2017,2019,2021,2023,2024,2025","{""2017"": 1, ""2019"": 2, ""2021"": 1, ""2023"": 2, ""2024"": 2, ""2025"": 3}","{""2017"": 0.006173, ""2019"": 0.003396, ""2021"": 0.001339, ""2023"": 0.003484, ""2024"": 0.004598, ""2025"": 0.005484}",0.004079,-2.147e-05,Sigma-Aldrich,Cat#157953-5G,10
ponceau s solution,11,"2019,2021,2023,2024,2025","{""2019"": 3, ""2021"": 1, ""2023"": 3, ""2024"": 3, ""2025"": 1}","{""2019"": 0.005093, ""2021"": 0.001339, ""2023"": 0.005226, ""2024"": 0.006897, ""2025"": 0.001828}",0.004077,-1.156e-05,Sigma-Aldrich,P7170,1
human trustain fcx,12,"2018,2021,2022,2023,2024","{""2018"": 1, ""2021"": 4, ""2022"": 2, ""2023"": 4, ""2024"": 1}","{""2018"": 0.002639, ""2021"": 0.005355, ""2022"": 0.00312, ""2023"": 0.006969, ""2024"": 0.002299}",0.004076,0.00017971,BioLegend,Cat#422302,2
3-isobutyl-1-methylxanthine (ibmx),17,"2018,2020,2021,2022,2023,2024,2025","{""2018"": 1, ""2020"": 3, ""2021"": 5, ""2022"": 3, ""2023"": 2, ""2024"": 2, ""2025"": 1}","{""2018"": 0.002639, ""2020"": 0.004594, ""2021"": 0.006693, ""2022"": 0.00468, ""2023"": 0.003484, ""2024"": 0.004598, ""2025"": 0.001828}",0.004074,-0.00012043,Sigma-Aldrich,Cat# I5879,4
trypsin/edta,8,"2017,2019,2020,2021,2023,2025,2026","{""2017"": 1, ""2019"": 1, ""2020"": 1, ""2021"": 1, ""2023"": 1, ""2025"": 2, ""2026"": 1}","{""2017"": 0.006173, ""2019"": 0.001698, ""2020"": 0.001531, ""2021"": 0.001339, ""2023"": 0.001742, ""2025"": 0.003656, ""2026"": 0.012346}",0.004069,0.00053273,Gibco,Cat# 25300054,6
nhei-hf,8,"2021,2022,2023,2024,2025,2026","{""2021"": 1, ""2022"": 2, ""2023"": 2, ""2024"": 1, ""2025"": 1, ""2026"": 1}","{""2021"": 0.001339, ""2022"": 0.00312, ""2023"": 0.003484, ""2024"": 0.002299, ""2025"": 0.001828, ""2026"": 0.012346}",0.004069,0.00142782,New England Biolabs,R3131S,2
dapi fluoromount-g,11,"2020,2022,2023,2024,2025","{""2020"": 1, ""2022"": 3, ""2023"": 1, ""2024"": 3, ""2025"": 3}","{""2020"": 0.001531, ""2022"": 0.00468, ""2023"": 0.001742, ""2024"": 0.006897, ""2025"": 0.005484}",0.004067,0.00085527,SouthernBiotech,0100–20,5
golgistop,15,"2018,2020,2021,2022,2023,2024,2025","{""2018"": 3, ""2020"": 3, ""2021"": 1, ""2022"": 3, ""2023"": 2, ""2024"": 2, ""2025"": 1}","{""2018"": 0.007916, ""2020"": 0.004594, ""2021"": 0.001339, ""2022"": 0.00468, ""2023"": 0.003484, ""2024"": 0.004598, ""2025"": 0.001828}",0.004063,-0.00057269,BD Biosciences,Cat# 554724,3
human il-6,8,"2020,2022,2023,2024,2025,2026","{""2020"": 3, ""2022"": 1, ""2023"": 1, ""2024"": 1, ""2025"": 1, ""2026"": 1}","{""2020"": 0.004594, ""2022"": 0.00156, ""2023"": 0.001742, ""2024"": 0.002299, ""2025"": 0.001828, ""2026"": 0.012346}",0.004062,0.00083685,PeproTech,570809,6
(+)-jq1,7,"2017,2018,2019,2021","{""2017"": 1, ""2018"": 1, ""2019"": 2, ""2021"": 3}","{""2017"": 0.006173, ""2018"": 0.002639, ""2019"": 0.003396, ""2021"": 0.004016}",0.004056,-0.00033101,Tocris,Cat# S7110,5
recombinant murine m-csf,13,"2018,2019,2020,2022,2023,2024","{""2018"": 1, ""2019"": 2, ""2020"": 3, ""2022"": 1, ""2023"": 3, ""2024"": 3}","{""2018"": 0.002639, ""2019"": 0.003396, ""2020"": 0.004594, ""2022"": 0.00156, ""2023"": 0.005226, ""2024"": 0.006897}",0.004052,0.00047863,Peprotech,Cat# 315-02,5
methyl methanesulfonate,12,"2017,2018,2019,2020,2021,2022","{""2017"": 1, ""2018"": 1, ""2019"": 3, ""2020"": 3, ""2021"": 2, ""2022"": 2}","{""2017"": 0.006173, ""2018"": 0.002639, ""2019"": 0.005093, ""2020"": 0.004594, ""2021"": 0.002677, ""2022"": 0.00312}",0.004049,-0.00044703,Sigma-Aldrich,Cat#129925,2
oil red o solution,6,"2017,2018,2019,2021","{""2017"": 1, ""2018"": 2, ""2019"": 2, ""2021"": 1}","{""2017"": 0.006173, ""2018"": 0.005277, ""2019"": 0.003396, ""2021"": 0.001339}",0.004046,-0.00124564,Sigma-Aldrich,O1391,2
tris-base,11,"2019,2020,2021,2022","{""2019"": 1, ""2020"": 1, ""2021"": 5, ""2022"": 4}","{""2019"": 0.001698, ""2020"": 0.001531, ""2021"": 0.006693, ""2022"": 0.00624}",0.004041,0.00187894,Melford,Cat# T60040,4
low melting agarose,7,"2017,2018,2020,2022,2023,2024,2026","{""2017"": 1, ""2018"": 1, ""2020"": 1, ""2022"": 1, ""2023"": 1, ""2024"": 1, ""2026"": 1}","{""2017"": 0.006173, ""2018"": 0.002639, ""2020"": 0.001531, ""2022"": 0.00156, ""2023"": 0.001742, ""2024"": 0.002299, ""2026"": 0.012346}",0.004041,0.00043015,Sigma-Aldrich,Cat#A9414,5
halt protease and phosphatase inhibitor cocktail (100x),7,"2018,2019,2021,2023,2025,2026","{""2018"": 2, ""2019"": 1, ""2021"": 1, ""2023"": 1, ""2025"": 1, ""2026"": 1}","{""2018"": 0.005277, ""2019"": 0.001698, ""2021"": 0.001339, ""2023"": 0.001742, ""2025"": 0.001828, ""2026"": 0.012346}",0.004038,0.00055902,Thermo Fisher Scientific,Cat# 78440,3
l-leucine,14,"2018,2019,2020,2021,2022,2023,2024,2025,2026","{""2018"": 1, ""2019"": 1, ""2020"": 1, ""2021"": 1, ""2022"": 2, ""2023"": 1, ""2024"": 2, ""2025"": 4, ""2026"": 1}","{""2018"": 0.002639, ""2019"": 0.001698, ""2020"": 0.001531, ""2021"": 0.001339, ""2022"": 0.00312, ""2023"": 0.001742, ""2024"": 0.004598, ""2025"": 0.007313, ""2026"": 0.012346}",0.004036,0.00103682,Sigma-Aldrich,Cat#L8912-25G,6
matrigel growth factor reduced,7,"2022,2023,2025","{""2022"": 2, ""2023"": 2, ""2025"": 3}","{""2022"": 0.00312, ""2023"": 0.003484, ""2025"": 0.005484}",0.00403,0.00081839,Corning,Cat#: 354230,3
magnesium chloride hexahydrate,17,"2018,2019,2020,2021,2022,2023,2024,2025","{""2018"": 1, ""2019"": 2, ""2020"": 3, ""2021"": 2, ""2022"": 1, ""2023"": 1, ""2024"": 6, ""2025"": 1}","{""2018"": 0.002639, ""2019"": 0.003396, ""2020"": 0.004594, ""2021"": 0.002677, ""2022"": 0.00156, ""2023"": 0.001742, ""2024"": 0.013793, ""2025"": 0.001828}",0.004029,0.00043621,Sigma-Aldrich,M0250,9
okadaic acid,13,"2018,2019,2020,2021,2024,2025","{""2018"": 1, ""2019"": 2, ""2020"": 2, ""2021"": 1, ""2024"": 2, ""2025"": 5}","{""2018"": 0.002639, ""2019"": 0.003396, ""2020"": 0.003063, ""2021"": 0.001339, ""2024"": 0.004598, ""2025"": 0.009141}",0.004029,0.00073539,Sigma-Aldrich,Cat# 5934S,12
naf,17,"2017,2018,2019,2020,2021,2022,2023,2024,2025","{""2017"": 1, ""2018"": 2, ""2019"": 2, ""2020"": 1, ""2021"": 1, ""2022"": 4, ""2023"": 1, ""2024"": 3, ""2025"": 2}","{""2017"": 0.006173, ""2018"": 0.005277, ""2019"": 0.003396, ""2020"": 0.001531, ""2021"": 0.001339, ""2022"": 0.00624, ""2023"": 0.001742, ""2024"": 0.006897, ""2025"": 0.003656}",0.004028,-6.343e-05,Sigma-Aldrich,201154,4
desthiobiotin,14,"2018,2019,2020,2021,2022,2023","{""2018"": 2, ""2019"": 1, ""2020"": 3, ""2021"": 2, ""2022"": 3, ""2023"": 3}","{""2018"": 0.005277, ""2019"": 0.001698, ""2020"": 0.004594, ""2021"": 0.002677, ""2022"": 0.00468, ""2023"": 0.005226}",0.004026,0.00019364,Fisher Scientific,2-1000-001,7
l-proline,10,"2018,2021,2022,2023,2024,2025,2026","{""2018"": 1, ""2021"": 3, ""2022"": 1, ""2023"": 2, ""2024"": 1, ""2025"": 1, ""2026"": 1}","{""2018"": 0.002639, ""2021"": 0.004016, ""2022"": 0.00156, ""2023"": 0.003484, ""2024"": 0.002299, ""2025"": 0.001828, ""2026"": 0.012346}",0.004025,0.00065064,Sigma-Aldrich,Cat#P5607-25G,5
gabazine,14,"2019,2021,2022,2023,2024,2025","{""2019"": 4, ""2021"": 2, ""2022"": 3, ""2023"": 1, ""2024"": 2, ""2025"": 2}","{""2019"": 0.006791, ""2021"": 0.002677, ""2022"": 0.00468, ""2023"": 0.001742, ""2024"": 0.004598, ""2025"": 0.003656}",0.004024,-0.00039397,Tocris,Cat# 1262,5
fentanyl,12,"2017,2018,2019,2021,2022,2023,2024","{""2017"": 1, ""2018"": 3, ""2019"": 1, ""2021"": 2, ""2022"": 1, ""2023"": 2, ""2024"": 2}","{""2017"": 0.006173, ""2018"": 0.007916, ""2019"": 0.001698, ""2021"": 0.002677, ""2022"": 0.00156, ""2023"": 0.003484, ""2024"": 0.004598}",0.004015,-0.00041872,Janssen,LGCAMP0528.00-02,10
l-aspartic acid,7,"2018,2019,2022,2024,2025,2026","{""2018"": 1, ""2019"": 2, ""2022"": 1, ""2024"": 1, ""2025"": 1, ""2026"": 1}","{""2018"": 0.002639, ""2019"": 0.003396, ""2022"": 0.00156, ""2024"": 0.002299, ""2025"": 0.001828, ""2026"": 0.012346}",0.004011,0.00057566,Sigma-Aldrich,Cat# A9256,3
fgf,7,"2020,2023,2025","{""2020"": 2, ""2023"": 2, ""2025"": 3}","{""2020"": 0.003063, ""2023"": 0.003484, ""2025"": 0.005484}",0.004011,0.00045719,Sigma-Aldrich,Cat# F0291,6
antibiotic-antimycotic (100x),12,"2019,2020,2021,2023,2025","{""2019"": 2, ""2020"": 3, ""2021"": 1, ""2023"": 3, ""2025"": 3}","{""2019"": 0.003396, ""2020"": 0.004594, ""2021"": 0.001339, ""2023"": 0.005226, ""2025"": 0.005484}",0.004008,0.00038715,Gibco,15240096,6
magnesium sulfate,16,"2019,2020,2021,2022,2023,2024,2025","{""2019"": 2, ""2020"": 3, ""2021"": 1, ""2022"": 3, ""2023"": 2, ""2024"": 3, ""2025"": 2}","{""2019"": 0.003396, ""2020"": 0.004594, ""2021"": 0.001339, ""2022"": 0.00468, ""2023"": 0.003484, ""2024"": 0.006897, ""2025"": 0.003656}",0.004007,0.00026902,Sigma-Aldrich,M7506,11
magnesium chloride (mgcl 2 ),6,"2019,2020,2021,2023,2026","{""2019"": 1, ""2020"": 1, ""2021"": 2, ""2023"": 1, ""2026"": 1}","{""2019"": 0.001698, ""2020"": 0.001531, ""2021"": 0.002677, ""2023"": 0.001742, ""2026"": 0.012346}",0.003999,0.00143799,Sigma,Cat#M4880,5
leukemia inhibitory factor (lif),6,"2017,2022,2024,2025","{""2017"": 1, ""2022"": 1, ""2024"": 2, ""2025"": 2}","{""2017"": 0.006173, ""2022"": 0.00156, ""2024"": 0.004598, ""2025"": 0.003656}",0.003997,-0.00028158,StemCell Technologies,Cat# 78056,6
fluorogold,5,"2018,2019,2022,2023,2026","{""2018"": 1, ""2019"": 1, ""2022"": 1, ""2023"": 1, ""2026"": 1}","{""2018"": 0.002639, ""2019"": 0.001698, ""2022"": 0.00156, ""2023"": 0.001742, ""2026"": 0.012346}",0.003997,0.00105512,FluoroChrome,Cat# H22845,4
3-isobutyl-1-methylxanthine,10,"2018,2019,2020,2021,2023,2024,2026","{""2018"": 1, ""2019"": 2, ""2020"": 1, ""2021"": 3, ""2023"": 1, ""2024"": 1, ""2026"": 1}","{""2018"": 0.002639, ""2019"": 0.003396, ""2020"": 0.001531, ""2021"": 0.004016, ""2023"": 0.001742, ""2024"": 0.002299, ""2026"": 0.012346}",0.003995,0.00080237,Sigma,Cat# I5879,3
regeneration solution (glycine-hcl ph 1.7),5,"2022,2023","{""2022"": 4, ""2023"": 1}","{""2022"": 0.00624, ""2023"": 0.001742}",0.003991,,Cytiva,Cat# BR100838,1
acrylamide,17,"2018,2019,2020,2021,2022,2023,2024,2025","{""2018"": 3, ""2019"": 2, ""2020"": 2, ""2021"": 1, ""2022"": 2, ""2023"": 2, ""2024"": 1, ""2025"": 4}","{""2018"": 0.007916, ""2019"": 0.003396, ""2020"": 0.003063, ""2021"": 0.001339, ""2022"": 0.00312, ""2023"": 0.003484, ""2024"": 0.002299, ""2025"": 0.007313}",0.003991,-7.927e-05,National Diagnostics,EC-890,11
clozapine-n-oxide,13,"2019,2021,2022,2023,2024,2025","{""2019"": 2, ""2021"": 1, ""2022"": 3, ""2023"": 2, ""2024"": 4, ""2025"": 1}","{""2019"": 0.003396, ""2021"": 0.001339, ""2022"": 0.00468, ""2023"": 0.003484, ""2024"": 0.009195, ""2025"": 0.001828}",0.003987,0.00033686,Tocris,Cat#4936; CAS: 34233–69-7,10
2-propanol,13,"2018,2021,2022,2023,2024,2025","{""2018"": 2, ""2021"": 2, ""2022"": 5, ""2023"": 1, ""2024"": 2, ""2025"": 1}","{""2018"": 0.005277, ""2021"": 0.002677, ""2022"": 0.0078, ""2023"": 0.001742, ""2024"": 0.004598, ""2025"": 0.001828}",0.003987,-0.00036813,Sigma-Aldrich,I9516-500ML,9
tpo,10,"2019,2021,2022,2023,2024,2025,2026","{""2019"": 4, ""2021"": 1, ""2022"": 1, ""2023"": 1, ""2024"": 1, ""2025"": 1, ""2026"": 1}","{""2019"": 0.006791, ""2021"": 0.001339, ""2022"": 0.00156, ""2023"": 0.001742, ""2024"": 0.002299, ""2025"": 0.001828, ""2026"": 0.012346}",0.003986,0.00044687,Peprotech,300–18,6
prolong gold antifade,10,"2017,2018,2020,2021,2023,2024,2025","{""2017"": 2, ""2018"": 2, ""2020"": 2, ""2021"": 1, ""2023"": 1, ""2024"": 1, ""2025"": 1}","{""2017"": 0.012346, ""2018"": 0.005277, ""2020"": 0.003063, ""2021"": 0.001339, ""2023"": 0.001742, ""2024"": 0.002299, ""2025"": 0.001828}",0.003985,-0.00099473,Invitrogen,Cat# P36934,2
trichloroacetic acid,19,"2018,2019,2020,2021,2022,2023,2024,2025","{""2018"": 1, ""2019"": 1, ""2020"": 1, ""2021"": 6, ""2022"": 4, ""2023"": 2, ""2024"": 2, ""2025"": 2}","{""2018"": 0.002639, ""2019"": 0.001698, ""2020"": 0.001531, ""2021"": 0.008032, ""2022"": 0.00624, ""2023"": 0.003484, ""2024"": 0.004598, ""2025"": 0.003656}",0.003985,0.00030584,Sigma-Aldrich,Cat#T6399,8
odyssey blocking buffer,7,"2019,2020,2025","{""2019"": 2, ""2020"": 2, ""2025"": 3}","{""2019"": 0.003396, ""2020"": 0.003063, ""2025"": 0.005484}",0.003981,0.00039208,LI-COR,Cat#: 927-60003,6
sodium l-ascorbate,8,"2018,2022,2024,2025","{""2018"": 2, ""2022"": 3, ""2024"": 1, ""2025"": 2}","{""2018"": 0.005277, ""2022"": 0.00468, ""2024"": 0.002299, ""2025"": 0.003656}",0.003978,-0.00033112,Sigma,Cat#A7631,2
l-methionine,7,"2018,2021,2022,2024,2025,2026","{""2018"": 1, ""2021"": 1, ""2022"": 1, ""2024"": 1, ""2025"": 2, ""2026"": 1}","{""2018"": 0.002639, ""2021"": 0.001339, ""2022"": 0.00156, ""2024"": 0.002299, ""2025"": 0.003656, ""2026"": 0.012346}",0.003973,0.00085764,Sigma,Cat#M9625,3
fixable viability dye efluor 780,16,"2017,2018,2019,2020,2021,2022,2024,2025","{""2017"": 1, ""2018"": 1, ""2019"": 1, ""2020"": 4, ""2021"": 2, ""2022"": 3, ""2024"": 1, ""2025"": 3}","{""2017"": 0.006173, ""2018"": 0.002639, ""2019"": 0.001698, ""2020"": 0.006126, ""2021"": 0.002677, ""2022"": 0.00468, ""2024"": 0.002299, ""2025"": 0.005484}",0.003972,-1.206e-05,eBioscience,Cat#65-0865-14,7
bd horizon brilliant stain buffer,6,"2020,2021,2022,2023,2026","{""2020"": 1, ""2021"": 2, ""2022"": 1, ""2023"": 1, ""2026"": 1}","{""2020"": 0.001531, ""2021"": 0.002677, ""2022"": 0.00156, ""2023"": 0.001742, ""2026"": 0.012346}",0.003971,0.00176613,Becton Dickinson,Cat# 563794,4
tris hcl,6,"2020,2023,2024","{""2020"": 1, ""2023"": 2, ""2024"": 3}","{""2020"": 0.001531, ""2023"": 0.003484, ""2024"": 0.006897}",0.003971,0.00118199,VWR,Cat#0497,6
puromycin dihydrochloride from streptomyces alboniger,8,"2019,2020,2021,2022,2024,2026","{""2019"": 2, ""2020"": 1, ""2021"": 2, ""2022"": 1, ""2024"": 1, ""2026"": 1}","{""2019"": 0.003396, ""2020"": 0.001531, ""2021"": 0.002677, ""2022"": 0.00156, ""2024"": 0.002299, ""2026"": 0.012346}",0.003968,0.00111922,Sigma,Cat# P8833,2
dextran sulfate sodium salt,8,"2018,2020,2023,2024","{""2018"": 2, ""2020"": 2, ""2023"": 3, ""2024"": 1}","{""2018"": 0.005277, ""2020"": 0.003063, ""2023"": 0.005226, ""2024"": 0.002299}",0.003966,-0.00024223,MP Biomedicals,Cat.# 0216011090,8
protein a agarose beads,10,"2018,2021,2022,2024,2025","{""2018"": 2, ""2021"": 1, ""2022"": 2, ""2024"": 2, ""2025"": 3}","{""2018"": 0.005277, ""2021"": 0.001339, ""2022"": 0.00312, ""2024"": 0.004598, ""2025"": 0.005484}",0.003964,0.00010673,Thermo Fisher Scientific,Cat# 20334,8
geneticin (g418),6,"2017,2018,2020,2021","{""2017"": 1, ""2018"": 2, ""2020"": 2, ""2021"": 1}","{""2017"": 0.006173, ""2018"": 0.005277, ""2020"": 0.003063, ""2021"": 0.001339}",0.003963,-0.00118826,Thermo Fisher Scientific,Cat #10131035,3
wortmannin,14,"2017,2019,2020,2021,2022,2023,2025","{""2017"": 1, ""2019"": 4, ""2020"": 2, ""2021"": 1, ""2022"": 2, ""2023"": 1, ""2025"": 3}","{""2017"": 0.006173, ""2019"": 0.006791, ""2020"": 0.003063, ""2021"": 0.001339, ""2022"": 0.00312, ""2023"": 0.001742, ""2025"": 0.005484}",0.003959,-0.00030462,Sigma,Cat#W1628,7
ic fixation buffer,5,"2022,2023,2024,2025,2026","{""2022"": 1, ""2023"": 1, ""2024"": 1, ""2025"": 1, ""2026"": 1}","{""2022"": 0.00156, ""2023"": 0.001742, ""2024"": 0.002299, ""2025"": 0.001828, ""2026"": 0.012346}",0.003955,0.00216572,Invitrogen,Cat# 00-8222-49,3
oleic acid,18,"2017,2018,2019,2020,2021,2022,2023,2024,2025","{""2017"": 1, ""2018"": 1, ""2019"": 4, ""2020"": 1, ""2021"": 3, ""2022"": 2, ""2023"": 2, ""2024"": 1, ""2025"": 3}","{""2017"": 0.006173, ""2018"": 0.002639, ""2019"": 0.006791, ""2020"": 0.001531, ""2021"": 0.004016, ""2022"": 0.00312, ""2023"": 0.003484, ""2024"": 0.002299, ""2025"": 0.005484}",0.003949,-0.00014663,Sigma-Aldrich,Cat#O1383,7
golgiplug,16,"2017,2019,2020,2021,2022,2023,2024,2025","{""2017"": 1, ""2019"": 1, ""2020"": 1, ""2021"": 3, ""2022"": 3, ""2023"": 3, ""2024"": 2, ""2025"": 2}","{""2017"": 0.006173, ""2019"": 0.001698, ""2020"": 0.001531, ""2021"": 0.004016, ""2022"": 0.00468, ""2023"": 0.005226, ""2024"": 0.004598, ""2025"": 0.003656}",0.003947,4.193e-05,BD Biosciences,Cat# 555029,7
gefitinib,7,"2017,2019,2021,2025","{""2017"": 1, ""2019"": 3, ""2021"": 2, ""2025"": 1}","{""2017"": 0.006173, ""2019"": 0.005093, ""2021"": 0.002677, ""2025"": 0.001828}",0.003943,-0.00056228,LC laboratories,G-4408,6
recombinant human ifn-γ,9,"2021,2023,2024,2025","{""2021"": 2, ""2023"": 2, ""2024"": 1, ""2025"": 4}","{""2021"": 0.002677, ""2023"": 0.003484, ""2024"": 0.002299, ""2025"": 0.007313}",0.003943,0.00087155,PeproTech,Cat#300–02,3
celltrace™ violet,5,"2018,2021,2022,2025,2026","{""2018"": 1, ""2021"": 1, ""2022"": 1, ""2025"": 1, ""2026"": 1}","{""2018"": 0.002639, ""2021"": 0.001339, ""2022"": 0.00156, ""2025"": 0.001828, ""2026"": 0.012346}",0.003942,0.0008517,Invitrogen,Cat# C34557,2
human scf,8,"2020,2021,2022,2023,2025,2026","{""2020"": 1, ""2021"": 1, ""2022"": 2, ""2023"": 2, ""2025"": 1, ""2026"": 1}","{""2020"": 0.001531, ""2021"": 0.001339, ""2022"": 0.00312, ""2023"": 0.003484, ""2025"": 0.001828, ""2026"": 0.012346}",0.003941,0.00127614,Peprotech,300–07,3
noti-hf,10,"2018,2019,2021,2022,2023,2025,2026","{""2018"": 1, ""2019"": 1, ""2021"": 3, ""2022"": 1, ""2023"": 2, ""2025"": 1, ""2026"": 1}","{""2018"": 0.002639, ""2019"": 0.001698, ""2021"": 0.004016, ""2022"": 0.00156, ""2023"": 0.003484, ""2025"": 0.001828, ""2026"": 0.012346}",0.003939,0.000744,NEB,Cat# R3189,4
normocin,12,"2019,2020,2021,2022,2023,2024,2025,2026","{""2019"": 1, ""2020"": 1, ""2021"": 1, ""2022"": 1, ""2023"": 3, ""2024"": 1, ""2025"": 3, ""2026"": 1}","{""2019"": 0.001698, ""2020"": 0.001531, ""2021"": 0.001339, ""2022"": 0.00156, ""2023"": 0.005226, ""2024"": 0.002299, ""2025"": 0.005484, ""2026"": 0.012346}",0.003935,0.00120056,Invivogen,Cat#: ant-nr-1,7
phosphoenolpyruvate,7,"2017,2019,2021,2022","{""2017"": 1, ""2019"": 3, ""2021"": 1, ""2022"": 2}","{""2017"": 0.006173, ""2019"": 0.005093, ""2021"": 0.001339, ""2022"": 0.00312}",0.003931,-0.00082045,Sigma,P0564,5
bacto peptone,10,"2018,2019,2020,2021,2022,2025,2026","{""2018"": 1, ""2019"": 2, ""2020"": 2, ""2021"": 2, ""2022"": 1, ""2025"": 1, ""2026"": 1}","{""2018"": 0.002639, ""2019"": 0.003396, ""2020"": 0.003063, ""2021"": 0.002677, ""2022"": 0.00156, ""2025"": 0.001828, ""2026"": 0.012346}",0.00393,0.00069093,BD Biosciences,Cat# 211677,7
egta-am,5,"2019,2022,2023,2024,2026","{""2019"": 1, ""2022"": 1, ""2023"": 1, ""2024"": 1, ""2026"": 1}","{""2019"": 0.001698, ""2022"": 0.00156, ""2023"": 0.001742, ""2024"": 0.002299, ""2026"": 0.012346}",0.003929,0.00130274,Invitrogen ™,E1219,4
"b-27 supplement (50x), serum free",10,"2018,2019,2020,2022,2024","{""2018"": 2, ""2019"": 3, ""2020"": 1, ""2022"": 2, ""2024"": 2}","{""2018"": 0.005277, ""2019"": 0.005093, ""2020"": 0.001531, ""2022"": 0.00312, ""2024"": 0.004598}",0.003924,-0.00012018,Thermo Fisher Scientific,Cat#17504044,2
triton™ x-100,16,"2018,2020,2021,2022,2023,2024,2025","{""2018"": 1, ""2020"": 3, ""2021"": 2, ""2022"": 4, ""2023"": 2, ""2024"": 1, ""2025"": 3}","{""2018"": 0.002639, ""2020"": 0.004594, ""2021"": 0.002677, ""2022"": 0.00624, ""2023"": 0.003484, ""2024"": 0.002299, ""2025"": 0.005484}",0.003917,0.00017306,Sigma-Aldrich,T8787,8
rnasin,17,"2018,2019,2020,2021,2022,2023,2024,2025","{""2018"": 2, ""2019"": 2, ""2020"": 4, ""2021"": 2, ""2022"": 1, ""2023"": 1, ""2024"": 3, ""2025"": 2}","{""2018"": 0.005277, ""2019"": 0.003396, ""2020"": 0.006126, ""2021"": 0.002677, ""2022"": 0.00156, ""2023"": 0.001742, ""2024"": 0.006897, ""2025"": 0.003656}",0.003916,-9.652e-05,Promega,Cat#N2515,8
superasein,8,"2020,2023,2024,2025","{""2020"": 1, ""2023"": 1, ""2024"": 3, ""2025"": 3}","{""2020"": 0.001531, ""2023"": 0.001742, ""2024"": 0.006897, ""2025"": 0.005484}",0.003914,0.00094795,Invitrogen,Cat# AM2694,2
tween ® 20,6,"2023,2024,2025","{""2023"": 2, ""2024"": 2, ""2025"": 2}","{""2023"": 0.003484, ""2024"": 0.004598, ""2025"": 0.003656}",0.003913,8.599e-05,Sigma-Aldrich,P2287,3
α-factor,6,"2018,2019,2020","{""2018"": 2, ""2019"": 2, ""2020"": 2}","{""2018"": 0.005277, ""2019"": 0.003396, ""2020"": 0.003063}",0.003912,-0.00110713,"Peptide Chemistry Science Technology Platform, The Francis Crick institute",Cat.No.RP01002,4
lead (ii) nitrate,5,"2019,2020","{""2019"": 1, ""2020"": 4}","{""2019"": 0.001698, ""2020"": 0.006126}",0.003912,,Sigma-Aldrich,Cat # 228621-100G,3
lipofectamine® rnaimax transfection reagent,5,"2017,2020,2021","{""2017"": 1, ""2020"": 1, ""2021"": 3}","{""2017"": 0.006173, ""2020"": 0.001531, ""2021"": 0.004016}",0.003907,-0.0007718,Life Technologies,13778075,5
neurobasal a,9,"2018,2021,2022,2023,2024,2025,2026","{""2018"": 1, ""2021"": 1, ""2022"": 1, ""2023"": 2, ""2024"": 1, ""2025"": 2, ""2026"": 1}","{""2018"": 0.002639, ""2021"": 0.001339, ""2022"": 0.00156, ""2023"": 0.003484, ""2024"": 0.002299, ""2025"": 0.003656, ""2026"": 0.012346}",0.003903,0.00085255,Gibco,Cat# 10888022,4
fibrinogen,5,"2019,2021,2024,2025,2026","{""2019"": 1, ""2021"": 1, ""2024"": 1, ""2025"": 1, ""2026"": 1}","{""2019"": 0.001698, ""2021"": 0.001339, ""2024"": 0.002299, ""2025"": 0.001828, ""2026"": 0.012346}",0.003902,0.00098599,Sigma-Aldrich,Cat# F3879-100mg,2
2x laemmli sample buffer,14,"2019,2020,2021,2022,2024,2025","{""2019"": 2, ""2020"": 2, ""2021"": 3, ""2022"": 3, ""2024"": 2, ""2025"": 2}","{""2019"": 0.003396, ""2020"": 0.003063, ""2021"": 0.004016, ""2022"": 0.00468, ""2024"": 0.004598, ""2025"": 0.003656}",0.003901,0.00013928,Bio-Rad,Cat# 1610737,4
zombie aqua,7,"2021,2023,2024","{""2021"": 4, ""2023"": 1, ""2024"": 2}","{""2021"": 0.005355, ""2023"": 0.001742, ""2024"": 0.004598}",0.003898,-0.00047434,BioLegend,Cat# 423102,3
triptolide,13,"2017,2018,2020,2021,2022,2024,2025","{""2017"": 1, ""2018"": 2, ""2020"": 4, ""2021"": 3, ""2022"": 1, ""2024"": 1, ""2025"": 1}","{""2017"": 0.006173, ""2018"": 0.005277, ""2020"": 0.006126, ""2021"": 0.004016, ""2022"": 0.00156, ""2024"": 0.002299, ""2025"": 0.001828}",0.003897,-0.00059382,Sigma-Aldrich,Cat#T3652,4
caffeine,16,"2017,2019,2020,2021,2022,2023,2024,2025","{""2017"": 1, ""2019"": 4, ""2020"": 3, ""2021"": 2, ""2022"": 1, ""2023"": 3, ""2024"": 1, ""2025"": 1}","{""2017"": 0.006173, ""2019"": 0.006791, ""2020"": 0.004594, ""2021"": 0.002677, ""2022"": 0.00156, ""2023"": 0.005226, ""2024"": 0.002299, ""2025"": 0.001828}",0.003894,-0.00056795,Sigma-Aldrich,C0750,7
tryple™ express enzyme,10,"2021,2022,2023,2025","{""2021"": 3, ""2022"": 4, ""2023"": 2, ""2025"": 1}","{""2021"": 0.004016, ""2022"": 0.00624, ""2023"": 0.003484, ""2025"": 0.001828}",0.003892,-0.00076844,Gibco,Cat#12604013,5
turbo293 transfection reagent,5,"2019,2020,2022,2024,2026","{""2019"": 1, ""2020"": 1, ""2022"": 1, ""2024"": 1, ""2026"": 1}","{""2019"": 0.001698, ""2020"": 0.001531, ""2022"": 0.00156, ""2024"": 0.002299, ""2026"": 0.012346}",0.003887,0.00127858,SPEED BioSystem,PXX1002,4
mni-caged-l-glutamate,9,"2017,2018,2020,2021,2022","{""2017"": 1, ""2018"": 1, ""2020"": 3, ""2021"": 1, ""2022"": 3}","{""2017"": 0.006173, ""2018"": 0.002639, ""2020"": 0.004594, ""2021"": 0.001339, ""2022"": 0.00468}",0.003885,-0.00030969,Tocris,Cat. No. 1490,4
collagenase from clostridium histolyticum,15,"2017,2018,2019,2020,2021,2022,2023,2025","{""2017"": 1, ""2018"": 2, ""2019"": 2, ""2020"": 3, ""2021"": 1, ""2022"": 2, ""2023"": 2, ""2025"": 2}","{""2017"": 0.006173, ""2018"": 0.005277, ""2019"": 0.003396, ""2020"": 0.004594, ""2021"": 0.001339, ""2022"": 0.00312, ""2023"": 0.003484, ""2025"": 0.003656}",0.00388,-0.00031186,Sigma-Aldrich,Cat # C5138,6
purmorphamine,7,"2018,2020,2021,2023,2025,2026","{""2018"": 1, ""2020"": 1, ""2021"": 1, ""2023"": 1, ""2025"": 2, ""2026"": 1}","{""2018"": 0.002639, ""2020"": 0.001531, ""2021"": 0.001339, ""2023"": 0.001742, ""2025"": 0.003656, ""2026"": 0.012346}",0.003875,0.00092376,Bio-Techne,Cat# 72204,6
trifluoroacetic acid (tfa),14,"2017,2019,2020,2021,2022,2023,2024","{""2017"": 1, ""2019"": 1, ""2020"": 3, ""2021"": 3, ""2022"": 2, ""2023"": 3, ""2024"": 1}","{""2017"": 0.006173, ""2019"": 0.001698, ""2020"": 0.004594, ""2021"": 0.004016, ""2022"": 0.00312, ""2023"": 0.005226, ""2024"": 0.002299}",0.003875,-0.00023916,Sigma-Aldrich,Cat # 85183,9
4-thiouracil,13,"2017,2019,2020,2021,2022,2023,2024","{""2017"": 1, ""2019"": 1, ""2020"": 2, ""2021"": 2, ""2022"": 2, ""2023"": 2, ""2024"": 3}","{""2017"": 0.006173, ""2019"": 0.001698, ""2020"": 0.003063, ""2021"": 0.002677, ""2022"": 0.00312, ""2023"": 0.003484, ""2024"": 0.006897}",0.003873,0.00010046,Sigma-Aldrich,440736,1
yeast nitrogen base without amino acids,5,"2017,2018,2023,2024","{""2017"": 1, ""2018"": 2, ""2023"": 1, ""2024"": 1}","{""2017"": 0.006173, ""2018"": 0.005277, ""2023"": 0.001742, ""2024"": 0.002299}",0.003873,-0.0006053,Sigma-Aldrich,Cat#Y0262,5
dnase i recombinant,6,"2020,2024,2025","{""2020"": 1, ""2024"": 2, ""2025"": 3}","{""2020"": 0.001531, ""2024"": 0.004598, ""2025"": 0.005484}",0.003871,0.00078375,Roche,Cat#DCLS,5
primestar gxl dna polymerase,10,"2017,2020,2021,2022,2025","{""2017"": 1, ""2020"": 2, ""2021"": 5, ""2022"": 1, ""2025"": 1}","{""2017"": 0.006173, ""2020"": 0.003063, ""2021"": 0.006693, ""2022"": 0.00156, ""2025"": 0.001828}",0.003863,-0.00055534,Takara,Cat# R050A,6
sybr select master mix,7,"2018,2020,2022,2023,2025,2026","{""2018"": 1, ""2020"": 2, ""2022"": 1, ""2023"": 1, ""2025"": 1, ""2026"": 1}","{""2018"": 0.002639, ""2020"": 0.003063, ""2022"": 0.00156, ""2023"": 0.001742, ""2025"": 0.001828, ""2026"": 0.012346}",0.003863,0.00071038,Applied Biosystems,Cat#44-729-08,7
glycoblue coprecipitant,14,"2019,2020,2021,2022,2023,2025","{""2019"": 2, ""2020"": 1, ""2021"": 2, ""2022"": 3, ""2023"": 1, ""2025"": 5}","{""2019"": 0.003396, ""2020"": 0.001531, ""2021"": 0.002677, ""2022"": 0.00468, ""2023"": 0.001742, ""2025"": 0.009141}",0.003861,0.00089829,Thermo Fisher Scientific,Cat#AM9515,4
calcium chloride dihydrate,14,"2019,2020,2021,2022,2023,2024","{""2019"": 3, ""2020"": 3, ""2021"": 3, ""2022"": 2, ""2023"": 1, ""2024"": 2}","{""2019"": 0.005093, ""2020"": 0.004594, ""2021"": 0.004016, ""2022"": 0.00312, ""2023"": 0.001742, ""2024"": 0.004598}",0.003861,-0.00034087,Sigma-Aldrich,1023821000,11
vectashield mounting medium with dapi,13,"2017,2019,2020,2021,2022,2024,2025","{""2017"": 1, ""2019"": 3, ""2020"": 3, ""2021"": 1, ""2022"": 1, ""2024"": 2, ""2025"": 2}","{""2017"": 0.006173, ""2019"": 0.005093, ""2020"": 0.004594, ""2021"": 0.001339, ""2022"": 0.00156, ""2024"": 0.004598, ""2025"": 0.003656}",0.003859,-0.00028497,Vector Laboratories,Cat# H-1200,3
bg505 sosip.664,6,"2018,2019,2020","{""2018"": 2, ""2019"": 1, ""2020"": 3}","{""2018"": 0.005277, ""2019"": 0.001698, ""2020"": 0.004594}",0.003856,-0.00034143,"Produced in house ( Sanders et al., 2013 )",,5
ethidium bromide,12,"2018,2019,2020,2023,2024,2025","{""2018"": 2, ""2019"": 3, ""2020"": 3, ""2023"": 1, ""2024"": 2, ""2025"": 1}","{""2018"": 0.005277, ""2019"": 0.005093, ""2020"": 0.004594, ""2023"": 0.001742, ""2024"": 0.004598, ""2025"": 0.001828}",0.003855,-0.00042382,Sigma-Aldrich,Cat# E8751; CAS 1239-45-8,11
glutaraldehyde solution,13,"2017,2020,2021,2022,2023,2024,2025","{""2017"": 1, ""2020"": 3, ""2021"": 1, ""2022"": 2, ""2023"": 2, ""2024"": 2, ""2025"": 2}","{""2017"": 0.006173, ""2020"": 0.004594, ""2021"": 0.001339, ""2022"": 0.00312, ""2023"": 0.003484, ""2024"": 0.004598, ""2025"": 0.003656}",0.003852,-0.00023115,Sigma-Aldrich,Cat# G5882,7
calyculin a,8,"2018,2020,2021,2022","{""2018"": 3, ""2020"": 3, ""2021"": 1, ""2022"": 1}","{""2018"": 0.007916, ""2020"": 0.004594, ""2021"": 0.001339, ""2022"": 0.00156}",0.003852,-0.00173994,Cell Signaling Technology,Cat# 9902,8
fixation/permeabilization solution kit,14,"2017,2019,2020,2021,2022,2024,2025","{""2017"": 1, ""2019"": 2, ""2020"": 4, ""2021"": 3, ""2022"": 2, ""2024"": 1, ""2025"": 1}","{""2017"": 0.006173, ""2019"": 0.003396, ""2020"": 0.006126, ""2021"": 0.004016, ""2022"": 0.00312, ""2024"": 0.002299, ""2025"": 0.001828}",0.003851,-0.00051497,BD Biosciences,Cat#554714,7
iscove’s modified dulbecco’s medium (imdm),14,"2020,2021,2022,2023,2024,2025","{""2020"": 2, ""2021"": 4, ""2022"": 1, ""2023"": 2, ""2024"": 1, ""2025"": 4}","{""2020"": 0.003063, ""2021"": 0.005355, ""2022"": 0.00156, ""2023"": 0.003484, ""2024"": 0.002299, ""2025"": 0.007313}",0.003846,0.00040016,Gibco,Cat# 12440053,7
abts,5,"2020,2022","{""2020"": 4, ""2022"": 1}","{""2020"": 0.006126, ""2022"": 0.00156}",0.003843,,ThermoFisher,Cat# 002024,4
triton,9,"2017,2019,2021,2022,2023,2024,2025,2026","{""2017"": 1, ""2019"": 1, ""2021"": 1, ""2022"": 1, ""2023"": 2, ""2024"": 1, ""2025"": 1, ""2026"": 1}","{""2017"": 0.006173, ""2019"": 0.001698, ""2021"": 0.001339, ""2022"": 0.00156, ""2023"": 0.003484, ""2024"": 0.002299, ""2025"": 0.001828, ""2026"": 0.012346}",0.003841,0.00033622,Sigma-Aldrich,Cat# 9002-93-1,6
rnasea,15,"2019,2020,2021,2022,2023,2024,2025","{""2019"": 4, ""2020"": 2, ""2021"": 1, ""2022"": 1, ""2023"": 1, ""2024"": 3, ""2025"": 3}","{""2019"": 0.006791, ""2020"": 0.003063, ""2021"": 0.001339, ""2022"": 0.00156, ""2023"": 0.001742, ""2024"": 0.006897, ""2025"": 0.005484}",0.003839,0.00014825,Thermo Fisher Scientific,EN0531,6
cytochalasin b,9,"2017,2019,2021,2024,2025","{""2017"": 1, ""2019"": 1, ""2021"": 4, ""2024"": 1, ""2025"": 2}","{""2017"": 0.006173, ""2019"": 0.001698, ""2021"": 0.005355, ""2024"": 0.002299, ""2025"": 0.003656}",0.003836,-0.00023217,Sigma-Aldrich,C6762,4
trizma base,14,"2017,2018,2019,2020,2021,2023,2024,2025","{""2017"": 1, ""2018"": 1, ""2019"": 1, ""2020"": 1, ""2021"": 2, ""2023"": 1, ""2024"": 3, ""2025"": 4}","{""2017"": 0.006173, ""2018"": 0.002639, ""2019"": 0.001698, ""2020"": 0.001531, ""2021"": 0.002677, ""2023"": 0.001742, ""2024"": 0.006897, ""2025"": 0.007313}",0.003834,0.00033502,Sigma,Cat# T6066,6
recombinant murine il-1β,9,"2018,2019,2020,2021","{""2018"": 1, ""2019"": 5, ""2020"": 1, ""2021"": 2}","{""2018"": 0.002639, ""2019"": 0.008489, ""2020"": 0.001531, ""2021"": 0.002677}",0.003834,-0.0006841,Peprotech,Cat#211-11B,5
il-2,18,"2018,2019,2020,2021,2022,2023,2024,2025","{""2018"": 1, ""2019"": 1, ""2020"": 2, ""2021"": 4, ""2022"": 3, ""2023"": 1, ""2024"": 1, ""2025"": 5}","{""2018"": 0.002639, ""2019"": 0.001698, ""2020"": 0.003063, ""2021"": 0.005355, ""2022"": 0.00468, ""2023"": 0.001742, ""2024"": 0.002299, ""2025"": 0.009141}",0.003827,0.00052244,Peprotech,Cat# 200-02,11
pvdf membrane,13,"2019,2021,2022,2023,2024,2025","{""2019"": 2, ""2021"": 1, ""2022"": 1, ""2023"": 3, ""2024"": 1, ""2025"": 5}","{""2019"": 0.003396, ""2021"": 0.001339, ""2022"": 0.00156, ""2023"": 0.005226, ""2024"": 0.002299, ""2025"": 0.009141}",0.003827,0.00077432,Millipore,Cat# ISEQ00010,10
(z)-4-hydroxytamoxifen,16,"2018,2019,2020,2021,2022,2023,2025","{""2018"": 1, ""2019"": 5, ""2020"": 1, ""2021"": 3, ""2022"": 3, ""2023"": 1, ""2025"": 2}","{""2018"": 0.002639, ""2019"": 0.008489, ""2020"": 0.001531, ""2021"": 0.004016, ""2022"": 0.00468, ""2023"": 0.001742, ""2025"": 0.003656}",0.003822,-0.00021393,Sigma-Aldrich,Cat# H7904,4
clozapine n-oxide,8,"2017,2020,2022,2023,2024","{""2017"": 1, ""2020"": 1, ""2022"": 1, ""2023"": 3, ""2024"": 2}","{""2017"": 0.006173, ""2020"": 0.001531, ""2022"": 0.00156, ""2023"": 0.005226, ""2024"": 0.004598}",0.003818,-0.00013748,Enzo Life Sciences,BML-NS105,7
streptavidin-apc,12,"2020,2021,2022,2023,2024","{""2020"": 3, ""2021"": 3, ""2022"": 3, ""2023"": 2, ""2024"": 1}","{""2020"": 0.004594, ""2021"": 0.004016, ""2022"": 0.00468, ""2023"": 0.003484, ""2024"": 0.002299}",0.003815,-0.00051224,Biolegend,Cat# 405207,4
pierce protein a agarose,5,"2020,2021,2022,2024,2026","{""2020"": 1, ""2021"": 1, ""2022"": 1, ""2024"": 1, ""2026"": 1}","{""2020"": 0.001531, ""2021"": 0.001339, ""2022"": 0.00156, ""2024"": 0.002299, ""2026"": 0.012346}",0.003815,0.00164371,ThermoFisher Scientific,20334,2
streptavidin-pe,14,"2018,2019,2020,2021,2022,2023","{""2018"": 1, ""2019"": 2, ""2020"": 3, ""2021"": 2, ""2022"": 5, ""2023"": 1}","{""2018"": 0.002639, ""2019"": 0.003396, ""2020"": 0.004594, ""2021"": 0.002677, ""2022"": 0.0078, ""2023"": 0.001742}",0.003808,0.00019473,Biolegend,CAT#PJRS301-1,8
o.c.t. compound,14,"2018,2020,2021,2022,2023,2024,2025","{""2018"": 2, ""2020"": 1, ""2021"": 2, ""2022"": 2, ""2023"": 2, ""2024"": 3, ""2025"": 2}","{""2018"": 0.005277, ""2020"": 0.001531, ""2021"": 0.002677, ""2022"": 0.00312, ""2023"": 0.003484, ""2024"": 0.006897, ""2025"": 0.003656}",0.003806,0.0001493,VWR International,product code 4583,10
human serum,14,"2020,2021,2022,2023,2024,2025","{""2020"": 3, ""2021"": 3, ""2022"": 3, ""2023"": 1, ""2024"": 1, ""2025"": 3}","{""2020"": 0.004594, ""2021"": 0.004016, ""2022"": 0.00468, ""2023"": 0.001742, ""2024"": 0.002299, ""2025"": 0.005484}",0.003803,-0.00010395,Sigma-Aldrich,Cat#H4522,8
halt protease and phosphatase inhibitor cocktail,12,"2018,2019,2021,2023,2024,2025","{""2018"": 2, ""2019"": 1, ""2021"": 3, ""2023"": 1, ""2024"": 2, ""2025"": 3}","{""2018"": 0.005277, ""2019"": 0.001698, ""2021"": 0.004016, ""2023"": 0.001742, ""2024"": 0.004598, ""2025"": 0.005484}",0.003803,0.00012148,Thermo Fisher Scientific,Cat#78440,6
rnasin plus rnase inhibitor,17,"2017,2018,2019,2020,2021,2022,2023,2024,2025","{""2017"": 1, ""2018"": 1, ""2019"": 4, ""2020"": 2, ""2021"": 2, ""2022"": 1, ""2023"": 2, ""2024"": 1, ""2025"": 3}","{""2017"": 0.006173, ""2018"": 0.002639, ""2019"": 0.006791, ""2020"": 0.003063, ""2021"": 0.002677, ""2022"": 0.00156, ""2023"": 0.003484, ""2024"": 0.002299, ""2025"": 0.005484}",0.003797,-0.00019815,Promega,N2615,6
tritonx-100,6,"2022,2023,2024","{""2022"": 1, ""2023"": 3, ""2024"": 2}","{""2022"": 0.00156, ""2023"": 0.005226, ""2024"": 0.004598}",0.003795,0.00151882,Sigma-Aldrich,"Cat.#A4975,1000",5
sir-dna,12,"2019,2020,2021,2022,2023","{""2019"": 3, ""2020"": 3, ""2021"": 2, ""2022"": 2, ""2023"": 2}","{""2019"": 0.005093, ""2020"": 0.004594, ""2021"": 0.002677, ""2022"": 0.00312, ""2023"": 0.003484}",0.003794,-0.00046922,Spirochrome,SC007,9
probenecid,10,"2019,2022,2023,2024,2025","{""2019"": 3, ""2022"": 1, ""2023"": 1, ""2024"": 3, ""2025"": 2}","{""2019"": 0.005093, ""2022"": 0.00156, ""2023"": 0.001742, ""2024"": 0.006897, ""2025"": 0.003656}",0.00379,-6.84e-06,Sigma-Aldrich,Cat# P36400,2
mtesr1,17,"2017,2018,2019,2020,2021,2022,2023,2024,2025","{""2017"": 1, ""2018"": 1, ""2019"": 1, ""2020"": 4, ""2021"": 1, ""2022"": 2, ""2023"": 3, ""2024"": 1, ""2025"": 3}","{""2017"": 0.006173, ""2018"": 0.002639, ""2019"": 0.001698, ""2020"": 0.006126, ""2021"": 0.001339, ""2022"": 0.00312, ""2023"": 0.005226, ""2024"": 0.002299, ""2025"": 0.005484}",0.003789,4.66e-06,StemCell Technologies,Cat#05850,12
"trypsin-edta (0.25%), phenol red",16,"2019,2020,2021,2022,2023,2024,2025","{""2019"": 1, ""2020"": 2, ""2021"": 4, ""2022"": 1, ""2023"": 3, ""2024"": 1, ""2025"": 4}","{""2019"": 0.001698, ""2020"": 0.003063, ""2021"": 0.005355, ""2022"": 0.00156, ""2023"": 0.005226, ""2024"": 0.002299, ""2025"": 0.007313}",0.003788,0.00054244,Gibco,Cat# 25200056,3
rnalater,15,"2018,2019,2020,2021,2022,2023,2025","{""2018"": 2, ""2019"": 1, ""2020"": 3, ""2021"": 2, ""2022"": 1, ""2023"": 3, ""2025"": 3}","{""2018"": 0.005277, ""2019"": 0.001698, ""2020"": 0.004594, ""2021"": 0.002677, ""2022"": 0.00156, ""2023"": 0.005226, ""2025"": 0.005484}",0.003788,0.00018194,Invitrogen,Cat#76104,8
hoescht 33342,11,"2017,2019,2021,2022,2023,2025","{""2017"": 1, ""2019"": 1, ""2021"": 2, ""2022"": 2, ""2023"": 1, ""2025"": 4}","{""2017"": 0.006173, ""2019"": 0.001698, ""2021"": 0.002677, ""2022"": 0.00312, ""2023"": 0.001742, ""2025"": 0.007313}",0.003787,9.749e-05,Invitrogen,Cat#H3570,7
methylcellulose,15,"2018,2020,2021,2022,2023,2024,2025","{""2018"": 1, ""2020"": 4, ""2021"": 2, ""2022"": 1, ""2023"": 3, ""2024"": 2, ""2025"": 2}","{""2018"": 0.002639, ""2020"": 0.006126, ""2021"": 0.002677, ""2022"": 0.00156, ""2023"": 0.005226, ""2024"": 0.004598, ""2025"": 0.003656}",0.003783,0.0001059,Sigma-Aldrich,Cat# M0512,8
histodenz,8,"2019,2023,2024,2025","{""2019"": 2, ""2023"": 2, ""2024"": 2, ""2025"": 2}","{""2019"": 0.003396, ""2023"": 0.003484, ""2024"": 0.004598, ""2025"": 0.003656}",0.003783,0.00010176,Sigma-Aldrich,Cat# D2158,1
4-thiouridine (4su),7,"2017,2019,2020,2021,2022,2025,2026","{""2017"": 1, ""2019"": 1, ""2020"": 1, ""2021"": 1, ""2022"": 1, ""2025"": 1, ""2026"": 1}","{""2017"": 0.006173, ""2019"": 0.001698, ""2020"": 0.001531, ""2021"": 0.001339, ""2022"": 0.00156, ""2025"": 0.001828, ""2026"": 0.012346}",0.003782,0.00048022,Sigma Aldrich,T4509,1
"trypsin-edta (0.05%), phenol red",12,"2018,2021,2022,2023,2024,2025","{""2018"": 2, ""2021"": 2, ""2022"": 3, ""2023"": 1, ""2024"": 2, ""2025"": 2}","{""2018"": 0.005277, ""2021"": 0.002677, ""2022"": 0.00468, ""2023"": 0.001742, ""2024"": 0.004598, ""2025"": 0.003656}",0.003772,-0.00018327,Thermo Fisher Scientific,Cat.No. 25300054,4
chaps,11,"2019,2020,2022,2023,2024","{""2019"": 2, ""2020"": 2, ""2022"": 2, ""2023"": 4, ""2024"": 1}","{""2019"": 0.003396, ""2020"": 0.003063, ""2022"": 0.00312, ""2023"": 0.006969, ""2024"": 0.002299}",0.003769,0.00016235,anatrace,Cat# C316S,10
l-cysteine hydrochloride monohydrate,5,"2018,2023,2024","{""2018"": 1, ""2023"": 1, ""2024"": 3}","{""2018"": 0.002639, ""2023"": 0.001742, ""2024"": 0.006897}",0.003759,0.00042292,Sigma-Aldrich,Cat#C7880-100G,1
recombinant mouse gm-csf,16,"2019,2020,2021,2022,2023,2024,2025","{""2019"": 2, ""2020"": 2, ""2021"": 4, ""2022"": 1, ""2023"": 4, ""2024"": 1, ""2025"": 2}","{""2019"": 0.003396, ""2020"": 0.003063, ""2021"": 0.005355, ""2022"": 0.00156, ""2023"": 0.006969, ""2024"": 0.002299, ""2025"": 0.003656}",0.003757,3.101e-05,Peprotech,Cat # 315-03,8
ethylene glycol,9,"2018,2019,2021,2022,2023,2024,2026","{""2018"": 1, ""2019"": 1, ""2021"": 3, ""2022"": 1, ""2023"": 1, ""2024"": 1, ""2026"": 1}","{""2018"": 0.002639, ""2019"": 0.001698, ""2021"": 0.004016, ""2022"": 0.00156, ""2023"": 0.001742, ""2024"": 0.002299, ""2026"": 0.012346}",0.003757,0.00084973,Sigma-Aldrich,Cat# BP230-1,9
aqua-poly/mount,9,"2020,2021,2022,2023,2024,2025,2026","{""2020"": 1, ""2021"": 1, ""2022"": 1, ""2023"": 1, ""2024"": 1, ""2025"": 3, ""2026"": 1}","{""2020"": 0.001531, ""2021"": 0.001339, ""2022"": 0.00156, ""2023"": 0.001742, ""2024"": 0.002299, ""2025"": 0.005484, ""2026"": 0.012346}",0.003757,0.00148119,Polysciences,18606–20,6
sulfuric acid,9,"2017,2019,2020,2021,2022,2023,2025,2026","{""2017"": 1, ""2019"": 1, ""2020"": 1, ""2021"": 1, ""2022"": 1, ""2023"": 1, ""2025"": 2, ""2026"": 1}","{""2017"": 0.006173, ""2019"": 0.001698, ""2020"": 0.001531, ""2021"": 0.001339, ""2022"": 0.00156, ""2023"": 0.001742, ""2025"": 0.003656, ""2026"": 0.012346}",0.003756,0.00051666,VWR,Cat# BDH3068,8
koh,11,"2018,2019,2022,2023,2024,2025","{""2018"": 2, ""2019"": 2, ""2022"": 1, ""2023"": 1, ""2024"": 3, ""2025"": 2}","{""2018"": 0.005277, ""2019"": 0.003396, ""2022"": 0.00156, ""2023"": 0.001742, ""2024"": 0.006897, ""2025"": 0.003656}",0.003755,-2.668e-05,Sigma-Aldrich,Cat# BZ-8038,6
prolong™ gold antifade mountant,8,"2018,2019,2021,2024","{""2018"": 1, ""2019"": 3, ""2021"": 2, ""2024"": 2}","{""2018"": 0.002639, ""2019"": 0.005093, ""2021"": 0.002677, ""2024"": 0.004598}",0.003752,0.00015211,ThermoFisher,Cat# P10144,5
naoh,14,"2018,2019,2020,2022,2023,2024,2025","{""2018"": 2, ""2019"": 1, ""2020"": 2, ""2022"": 2, ""2023"": 2, ""2024"": 1, ""2025"": 4}","{""2018"": 0.005277, ""2019"": 0.001698, ""2020"": 0.003063, ""2022"": 0.00312, ""2023"": 0.003484, ""2024"": 0.002299, ""2025"": 0.007313}",0.003751,0.00021442,Sigma-Aldrich,Cat# 221465,12
hydrogen peroxide solution,17,"2017,2018,2019,2020,2021,2022,2023,2024,2025","{""2017"": 1, ""2018"": 1, ""2019"": 4, ""2020"": 1, ""2021"": 2, ""2022"": 4, ""2023"": 1, ""2024"": 1, ""2025"": 2}","{""2017"": 0.006173, ""2018"": 0.002639, ""2019"": 0.006791, ""2020"": 0.001531, ""2021"": 0.002677, ""2022"": 0.00624, ""2023"": 0.001742, ""2024"": 0.002299, ""2025"": 0.003656}",0.00375,-0.00027457,Sigma-Aldrich,Cat# 216763,6
gentamycin,13,"2019,2020,2021,2023,2024,2025","{""2019"": 2, ""2020"": 3, ""2021"": 2, ""2023"": 1, ""2024"": 2, ""2025"": 3}","{""2019"": 0.003396, ""2020"": 0.004594, ""2021"": 0.002677, ""2023"": 0.001742, ""2024"": 0.004598, ""2025"": 0.005484}",0.003749,0.00019066,Sigma,15750060,9
purelink rnase a,6,"2017,2018,2020,2022","{""2017"": 1, ""2018"": 1, ""2020"": 2, ""2022"": 2}","{""2017"": 0.006173, ""2018"": 0.002639, ""2020"": 0.003063, ""2022"": 0.00312}",0.003749,-0.00042777,ThermoFisher,Cat# 12091021,3
jq1,13,"2018,2019,2020,2021,2022,2024,2025","{""2018"": 4, ""2019"": 1, ""2020"": 1, ""2021"": 1, ""2022"": 3, ""2024"": 2, ""2025"": 1}","{""2018"": 0.010554, ""2019"": 0.001698, ""2020"": 0.001531, ""2021"": 0.001339, ""2022"": 0.00468, ""2024"": 0.004598, ""2025"": 0.001828}",0.003747,-0.00046406,Selleckchem,Cat#: S7110,8
recombinant human il-7,13,"2018,2019,2021,2022,2024,2025","{""2018"": 2, ""2019"": 1, ""2021"": 5, ""2022"": 3, ""2024"": 1, ""2025"": 1}","{""2018"": 0.005277, ""2019"": 0.001698, ""2021"": 0.006693, ""2022"": 0.00468, ""2024"": 0.002299, ""2025"": 0.001828}",0.003746,-0.00030867,Peprotech,Cat#200-07,7
sars-cov-2 spike,10,"2021,2022,2023,2024","{""2021"": 7, ""2022"": 1, ""2023"": 1, ""2024"": 1}","{""2021"": 0.009371, ""2022"": 0.00156, ""2023"": 0.001742, ""2024"": 0.002299}",0.003743,-0.00210338,"Institut Pasteur, Virologie Structurale (F. Rey)",N/a,9
gtp,15,"2018,2020,2021,2022,2023,2024,2025","{""2018"": 2, ""2020"": 3, ""2021"": 3, ""2022"": 3, ""2023"": 2, ""2024"": 1, ""2025"": 1}","{""2018"": 0.005277, ""2020"": 0.004594, ""2021"": 0.004016, ""2022"": 0.00468, ""2023"": 0.003484, ""2024"": 0.002299, ""2025"": 0.001828}",0.00374,-0.00048789,Sigma-Aldrich,Cat#G8877,8
midazolam,12,"2017,2018,2019,2021,2022,2023,2024","{""2017"": 1, ""2018"": 1, ""2019"": 1, ""2021"": 1, ""2022"": 4, ""2023"": 2, ""2024"": 2}","{""2017"": 0.006173, ""2018"": 0.002639, ""2019"": 0.001698, ""2021"": 0.001339, ""2022"": 0.00624, ""2023"": 0.003484, ""2024"": 0.004598}",0.003739,5.311e-05,Sintetica,Cat# 135-13791,8
l-phenylalanine,6,"2018,2022,2023,2024,2025,2026","{""2018"": 1, ""2022"": 1, ""2023"": 1, ""2024"": 1, ""2025"": 1, ""2026"": 1}","{""2018"": 0.002639, ""2022"": 0.00156, ""2023"": 0.001742, ""2024"": 0.002299, ""2025"": 0.001828, ""2026"": 0.012346}",0.003736,0.00070599,Sigma-Aldrich,Cat#P5482-25G,2
latrunculin b,7,"2019,2020,2021","{""2019"": 4, ""2020"": 2, ""2021"": 1}","{""2019"": 0.006791, ""2020"": 0.003063, ""2021"": 0.001339}",0.003731,-0.00272624,Tocris,Cat#428020,5
sb-431542,13,"2018,2019,2021,2022,2024,2025","{""2018"": 1, ""2019"": 1, ""2021"": 3, ""2022"": 4, ""2024"": 1, ""2025"": 3}","{""2018"": 0.002639, ""2019"": 0.001698, ""2021"": 0.004016, ""2022"": 0.00624, ""2024"": 0.002299, ""2025"": 0.005484}",0.003729,0.00033535,Cayman Chemical,Cat#HY-10431,12
20% sds,6,"2018,2019,2022,2024,2025,2026","{""2018"": 1, ""2019"": 1, ""2022"": 1, ""2024"": 1, ""2025"": 1, ""2026"": 1}","{""2018"": 0.002639, ""2019"": 0.001698, ""2022"": 0.00156, ""2024"": 0.002299, ""2025"": 0.001828, ""2026"": 0.012346}",0.003728,0.00068177,Sigma Aldrich,5030,4
fast blue,7,"2020,2021,2022,2023,2024,2026","{""2020"": 2, ""2021"": 1, ""2022"": 1, ""2023"": 1, ""2024"": 1, ""2026"": 1}","{""2020"": 0.003063, ""2021"": 0.001339, ""2022"": 0.00156, ""2023"": 0.001742, ""2024"": 0.002299, ""2026"": 0.012346}",0.003725,0.00142969,Polysciences,17740-1,3
all-trans retinoic acid,9,"2019,2020,2022,2023,2024,2025,2026","{""2019"": 1, ""2020"": 3, ""2022"": 1, ""2023"": 1, ""2024"": 1, ""2025"": 1, ""2026"": 1}","{""2019"": 0.001698, ""2020"": 0.004594, ""2022"": 0.00156, ""2023"": 0.001742, ""2024"": 0.002299, ""2025"": 0.001828, ""2026"": 0.012346}",0.003724,0.00071791,Sigma,R2625,4
epoxomicin,8,"2017,2019,2022,2023,2024","{""2017"": 1, ""2019"": 3, ""2022"": 1, ""2023"": 2, ""2024"": 1}","{""2017"": 0.006173, ""2019"": 0.005093, ""2022"": 0.00156, ""2023"": 0.003484, ""2024"": 0.002299}",0.003722,-0.00057214,Enzo,Cat#2190-50,7
protease,7,"2019,2020,2021,2022,2024,2026","{""2019"": 1, ""2020"": 1, ""2021"": 1, ""2022"": 2, ""2024"": 1, ""2026"": 1}","{""2019"": 0.001698, ""2020"": 0.001531, ""2021"": 0.001339, ""2022"": 0.00312, ""2024"": 0.002299, ""2026"": 0.012346}",0.003722,0.0013084,QIAGEN,Cat# 19155,5
transit-lt1 transfection reagent,10,"2017,2020,2021,2022,2023,2024","{""2017"": 1, ""2020"": 1, ""2021"": 2, ""2022"": 1, ""2023"": 2, ""2024"": 3}","{""2017"": 0.006173, ""2020"": 0.001531, ""2021"": 0.002677, ""2022"": 0.00156, ""2023"": 0.003484, ""2024"": 0.006897}",0.00372,-2.351e-05,Mirus Bio,Cat# MIR2300,4
vancomycin,14,"2018,2019,2020,2022,2023,2024,2025","{""2018"": 2, ""2019"": 2, ""2020"": 2, ""2022"": 2, ""2023"": 3, ""2024"": 1, ""2025"": 2}","{""2018"": 0.005277, ""2019"": 0.003396, ""2020"": 0.003063, ""2022"": 0.00312, ""2023"": 0.005226, ""2024"": 0.002299, ""2025"": 0.003656}",0.00372,-0.0001311,MP Biomedical,Catalog# 0219554005,11
herculase ii fusion dna polymerase,9,"2018,2019,2020,2021,2022,2025,2026","{""2018"": 1, ""2019"": 1, ""2020"": 2, ""2021"": 1, ""2022"": 2, ""2025"": 1, ""2026"": 1}","{""2018"": 0.002639, ""2019"": 0.001698, ""2020"": 0.003063, ""2021"": 0.001339, ""2022"": 0.00312, ""2025"": 0.001828, ""2026"": 0.012346}",0.003719,0.00079889,Agilent Technologies,600679,4
poly-l-ornithine hydrobromide,6,"2018,2019,2020,2023,2024,2026","{""2018"": 1, ""2019"": 1, ""2020"": 1, ""2023"": 1, ""2024"": 1, ""2026"": 1}","{""2018"": 0.002639, ""2019"": 0.001698, ""2020"": 0.001531, ""2023"": 0.001742, ""2024"": 0.002299, ""2026"": 0.012346}",0.003709,0.00090062,Sigma-Aldrich,Cat# P3655,2
rpmi 1640 media,7,"2020,2021,2022,2024,2025,2026","{""2020"": 1, ""2021"": 2, ""2022"": 1, ""2024"": 1, ""2025"": 1, ""2026"": 1}","{""2020"": 0.001531, ""2021"": 0.002677, ""2022"": 0.00156, ""2024"": 0.002299, ""2025"": 0.001828, ""2026"": 0.012346}",0.003707,0.0011244,GIBCO,Cat#21875–034,6
"dapi (4′,6-diamidino-2-phenylindole, dihydrochloride)",6,"2022,2024,2025","{""2022"": 3, ""2024"": 2, ""2025"": 1}","{""2022"": 0.00468, ""2024"": 0.004598, ""2025"": 0.001828}",0.003702,-0.00082076,Thermo Fisher Scientific,Cat#62247,2
l-glutamine 200 mm (100x),12,"2020,2021,2022,2023,2024","{""2020"": 1, ""2021"": 5, ""2022"": 4, ""2023"": 1, ""2024"": 1}","{""2020"": 0.001531, ""2021"": 0.006693, ""2022"": 0.00624, ""2023"": 0.001742, ""2024"": 0.002299}",0.003701,-0.00034164,Gibco,Cat#2036885,3
camostat mesylate,10,"2020,2021,2022,2023","{""2020"": 4, ""2021"": 4, ""2022"": 1, ""2023"": 1}","{""2020"": 0.006126, ""2021"": 0.005355, ""2022"": 0.00156, ""2023"": 0.001742}",0.003696,-0.00169449,Tocris,Cat# C2977,6
dgtp,5,"2019,2020,2021,2022,2026","{""2019"": 1, ""2020"": 1, ""2021"": 1, ""2022"": 1, ""2026"": 1}","{""2019"": 0.001698, ""2020"": 0.001531, ""2021"": 0.001339, ""2022"": 0.00156, ""2026"": 0.012346}",0.003695,0.00161909,Sigma-Aldrich,Cat# D5038,3
dctp,5,"2019,2020,2021,2022,2026","{""2019"": 1, ""2020"": 1, ""2021"": 1, ""2022"": 1, ""2026"": 1}","{""2019"": 0.001698, ""2020"": 0.001531, ""2021"": 0.001339, ""2022"": 0.00156, ""2026"": 0.012346}",0.003695,0.00161909,Sigma-Aldrich,Cat# D4913,3
5-bromo-2′-deoxyuridine (brdu),15,"2017,2018,2019,2020,2021,2022,2023,2025","{""2017"": 1, ""2018"": 1, ""2019"": 3, ""2020"": 1, ""2021"": 3, ""2022"": 3, ""2023"": 1, ""2025"": 2}","{""2017"": 0.006173, ""2018"": 0.002639, ""2019"": 0.005093, ""2020"": 0.001531, ""2021"": 0.004016, ""2022"": 0.00468, ""2023"": 0.001742, ""2025"": 0.003656}",0.003691,-0.00020975,Sigma-Aldrich,B5002,5
dl-dithiothreitol,13,"2019,2020,2021,2023,2024,2025","{""2019"": 3, ""2020"": 1, ""2021"": 2, ""2023"": 5, ""2024"": 1, ""2025"": 1}","{""2019"": 0.005093, ""2020"": 0.001531, ""2021"": 0.002677, ""2023"": 0.008711, ""2024"": 0.002299, ""2025"": 0.001828}",0.00369,-7.955e-05,Sigma-Aldrich,Catalog# D9779,7
leukemia inhibitory factor,8,"2017,2019,2021,2023,2024","{""2017"": 1, ""2019"": 2, ""2021"": 1, ""2023"": 3, ""2024"": 1}","{""2017"": 0.006173, ""2019"": 0.003396, ""2021"": 0.001339, ""2023"": 0.005226, ""2024"": 0.002299}",0.003686,-0.00031849,Millipore,ESG1107,5
lysotracker deep red,13,"2019,2020,2021,2022,2024,2025","{""2019"": 2, ""2020"": 2, ""2021"": 3, ""2022"": 1, ""2024"": 2, ""2025"": 3}","{""2019"": 0.003396, ""2020"": 0.003063, ""2021"": 0.004016, ""2022"": 0.00156, ""2024"": 0.004598, ""2025"": 0.005484}",0.003686,0.00033565,Invitrogen,Cat# L12492,1
nah2po4,10,"2020,2021,2022,2025","{""2020"": 1, ""2021"": 5, ""2022"": 3, ""2025"": 1}","{""2020"": 0.001531, ""2021"": 0.006693, ""2022"": 0.00468, ""2025"": 0.001828}",0.003683,-0.00030513,Melford,Cat#S23185,3
dnase i from bovine pancreas,8,"2017,2019,2020,2023,2024","{""2017"": 1, ""2019"": 2, ""2020"": 2, ""2023"": 2, ""2024"": 1}","{""2017"": 0.006173, ""2019"": 0.003396, ""2020"": 0.003063, ""2023"": 0.003484, ""2024"": 0.002299}",0.003683,-0.00040104,Roche,Cat# 11284932001,7
mem neaa,12,"2018,2020,2022,2023,2024,2025","{""2018"": 1, ""2020"": 3, ""2022"": 2, ""2023"": 2, ""2024"": 2, ""2025"": 2}","{""2018"": 0.002639, ""2020"": 0.004594, ""2022"": 0.00312, ""2023"": 0.003484, ""2024"": 0.004598, ""2025"": 0.003656}",0.003682,0.00011489,Gibco,Cat#11140-050,4
nonidet p40 substitute,7,"2020,2021,2022,2023,2025,2026","{""2020"": 1, ""2021"": 1, ""2022"": 1, ""2023"": 2, ""2025"": 1, ""2026"": 1}","{""2020"": 0.001531, ""2021"": 0.001339, ""2022"": 0.00156, ""2023"": 0.003484, ""2025"": 0.001828, ""2026"": 0.012346}",0.003681,0.00132459,Millipore-Sigma,74385,4
recombinant human bfgf,5,"2017,2018,2020,2023","{""2017"": 1, ""2018"": 2, ""2020"": 1, ""2023"": 1}","{""2017"": 0.006173, ""2018"": 0.005277, ""2020"": 0.001531, ""2023"": 0.001742}",0.003681,-0.00078497,R&D Systems,Cat# 13256029,4
d-luciferin potassium salt,12,"2020,2021,2022,2023,2025","{""2020"": 1, ""2021"": 5, ""2022"": 2, ""2023"": 3, ""2025"": 1}","{""2020"": 0.001531, ""2021"": 0.006693, ""2022"": 0.00312, ""2023"": 0.005226, ""2025"": 0.001828}",0.00368,-0.00018414,Thermo Fischer Scientific,Cat# L2916,6
prolong gold antifade reagent with dapi,11,"2017,2018,2021,2022,2023,2024,2025","{""2017"": 1, ""2018"": 3, ""2021"": 2, ""2022"": 2, ""2023"": 1, ""2024"": 1, ""2025"": 1}","{""2017"": 0.006173, ""2018"": 0.007916, ""2021"": 0.002677, ""2022"": 0.00312, ""2023"": 0.001742, ""2024"": 0.002299, ""2025"": 0.001828}",0.003679,-0.00071978,Thermo Fisher Scientific,Cat# P36935,4
thiourea,6,"2019,2021,2024","{""2019"": 3, ""2021"": 1, ""2024"": 2}","{""2019"": 0.005093, ""2021"": 0.001339, ""2024"": 0.004598}",0.003677,-5.55e-06,Sigma-Aldrich,T8656,2
sudan black b,12,"2017,2018,2019,2021,2023,2024,2025","{""2017"": 1, ""2018"": 1, ""2019"": 2, ""2021"": 4, ""2023"": 1, ""2024"": 2, ""2025"": 1}","{""2017"": 0.006173, ""2018"": 0.002639, ""2019"": 0.003396, ""2021"": 0.005355, ""2023"": 0.001742, ""2024"": 0.004598, ""2025"": 0.001828}",0.003676,-0.00025531,Sigma-Aldrich,Cat#: 199664,4
power sybr green pcr master mix,14,"2018,2019,2020,2021,2022,2024,2025","{""2018"": 2, ""2019"": 3, ""2020"": 1, ""2021"": 3, ""2022"": 1, ""2024"": 2, ""2025"": 2}","{""2018"": 0.005277, ""2019"": 0.005093, ""2020"": 0.001531, ""2021"": 0.004016, ""2022"": 0.00156, ""2024"": 0.004598, ""2025"": 0.003656}",0.003676,-0.00012486,Applied Biosystems,Cat# 4367659,7
opti-mem™,6,"2022,2023,2024","{""2022"": 3, ""2023"": 1, ""2024"": 2}","{""2022"": 0.00468, ""2023"": 0.001742, ""2024"": 0.004598}",0.003673,-4.124e-05,Gibco,Cat#11058021,2
opti-mem™ reduced serum medium,6,"2022,2023,2024","{""2022"": 3, ""2023"": 1, ""2024"": 2}","{""2022"": 0.00468, ""2023"": 0.001742, ""2024"": 0.004598}",0.003673,-4.124e-05,Gibco,Cat#31985062,3
pluronic f-127,12,"2018,2019,2020,2021,2023,2024","{""2018"": 2, ""2019"": 1, ""2020"": 2, ""2021"": 2, ""2023"": 4, ""2024"": 1}","{""2018"": 0.005277, ""2019"": 0.001698, ""2020"": 0.003063, ""2021"": 0.002677, ""2023"": 0.006969, ""2024"": 0.002299}",0.003664,8.229e-05,Sigma,Cat#P2443,4
prostaglandin e2,13,"2017,2018,2019,2020,2021,2023,2024,2025","{""2017"": 1, ""2018"": 3, ""2019"": 2, ""2020"": 1, ""2021"": 2, ""2023"": 2, ""2024"": 1, ""2025"": 1}","{""2017"": 0.006173, ""2018"": 0.007916, ""2019"": 0.003396, ""2020"": 0.001531, ""2021"": 0.002677, ""2023"": 0.003484, ""2024"": 0.002299, ""2025"": 0.001828}",0.003663,-0.00054216,Cayman Chemical,2296,9
easytag l-[ 35 s]-methionine,7,"2017,2018,2020,2023,2025","{""2017"": 1, ""2018"": 2, ""2020"": 1, ""2023"": 2, ""2025"": 1}","{""2017"": 0.006173, ""2018"": 0.005277, ""2020"": 0.001531, ""2023"": 0.003484, ""2025"": 0.001828}",0.003659,-0.00045255,Perkin Elmer,Cat#NEG709A005MC,2
paraformaldehyde (16%),6,"2017,2022,2023,2025","{""2017"": 1, ""2022"": 2, ""2023"": 2, ""2025"": 1}","{""2017"": 0.006173, ""2022"": 0.00312, ""2023"": 0.003484, ""2025"": 0.001828}",0.003651,-0.00052501,Thermo Fisher Scientific,Cat#15710,5
dtag-13,8,"2022,2023,2024,2025","{""2022"": 3, ""2023"": 2, ""2024"": 2, ""2025"": 1}","{""2022"": 0.00468, ""2023"": 0.003484, ""2024"": 0.004598, ""2025"": 0.001828}",0.003648,-0.00074427,Provided by Nathanael Gray lab,Cat#6605,5
trypan blue solution,12,"2018,2020,2021,2022,2024,2025","{""2018"": 1, ""2020"": 1, ""2021"": 2, ""2022"": 2, ""2024"": 2, ""2025"": 4}","{""2018"": 0.002639, ""2020"": 0.001531, ""2021"": 0.002677, ""2022"": 0.00312, ""2024"": 0.004598, ""2025"": 0.007313}",0.003646,0.00066395,Sigma-Aldrich,T8154,6
qiaquick gel extraction kit,10,"2018,2019,2020,2022,2024","{""2018"": 1, ""2019"": 1, ""2020"": 3, ""2022"": 3, ""2024"": 2}","{""2018"": 0.002639, ""2019"": 0.001698, ""2020"": 0.004594, ""2022"": 0.00468, ""2024"": 0.004598}",0.003642,0.00042463,QIAGEN,Cat#28706,3
imject alum,6,"2019,2024,2025","{""2019"": 4, ""2024"": 1, ""2025"": 1}","{""2019"": 0.006791, ""2024"": 0.002299, ""2025"": 0.001828}",0.003639,-0.00085017,ThermoFisher,Cat# 77161,1
trypsin-edta (0.05%),12,"2020,2021,2022,2023,2024,2025","{""2020"": 2, ""2021"": 1, ""2022"": 1, ""2023"": 2, ""2024"": 3, ""2025"": 3}","{""2020"": 0.003063, ""2021"": 0.001339, ""2022"": 0.00156, ""2023"": 0.003484, ""2024"": 0.006897, ""2025"": 0.005484}",0.003638,0.00087732,ThermoFisher Scientific,Cat# 25300054,5
hindiii-hf,10,"2018,2019,2021,2022,2023,2024,2025,2026","{""2018"": 1, ""2019"": 1, ""2021"": 2, ""2022"": 1, ""2023"": 1, ""2024"": 2, ""2025"": 1, ""2026"": 1}","{""2018"": 0.002639, ""2019"": 0.001698, ""2021"": 0.002677, ""2022"": 0.00156, ""2023"": 0.001742, ""2024"": 0.004598, ""2025"": 0.001828, ""2026"": 0.012346}",0.003636,0.00072447,New England Biolabs,Cat# R3104S,6
sars-cov-2 s1,5,"2020,2021","{""2020"": 3, ""2021"": 2}","{""2020"": 0.004594, ""2021"": 0.002677}",0.003636,,Sino Biological,Cat # 40591-V08H,2
strychnine,14,"2018,2019,2021,2022,2023,2024,2025","{""2018"": 2, ""2019"": 2, ""2021"": 3, ""2022"": 1, ""2023"": 3, ""2024"": 1, ""2025"": 2}","{""2018"": 0.005277, ""2019"": 0.003396, ""2021"": 0.004016, ""2022"": 0.00156, ""2023"": 0.005226, ""2024"": 0.002299, ""2025"": 0.003656}",0.003633,-0.00018393,Sigma-Aldrich,Cat# S0532,4
datp,7,"2019,2020,2021,2022,2023,2026","{""2019"": 1, ""2020"": 1, ""2021"": 1, ""2022"": 2, ""2023"": 1, ""2026"": 1}","{""2019"": 0.001698, ""2020"": 0.001531, ""2021"": 0.001339, ""2022"": 0.00312, ""2023"": 0.001742, ""2026"": 0.012346}",0.003629,0.00146787,Sigma-Aldrich,Cat# D4788,5
m-mlv reverse transcriptase,15,"2017,2018,2019,2020,2021,2022,2023,2024,2025","{""2017"": 1, ""2018"": 3, ""2019"": 2, ""2020"": 2, ""2021"": 1, ""2022"": 2, ""2023"": 2, ""2024"": 1, ""2025"": 1}","{""2017"": 0.006173, ""2018"": 0.007916, ""2019"": 0.003396, ""2020"": 0.003063, ""2021"": 0.001339, ""2022"": 0.00312, ""2023"": 0.003484, ""2024"": 0.002299, ""2025"": 0.001828}",0.003624,-0.00056657,Promega,28025013,8
blebbistatin,15,"2018,2019,2020,2021,2022,2024,2025","{""2018"": 1, ""2019"": 1, ""2020"": 4, ""2021"": 4, ""2022"": 2, ""2024"": 2, ""2025"": 1}","{""2018"": 0.002639, ""2019"": 0.001698, ""2020"": 0.006126, ""2021"": 0.005355, ""2022"": 0.00312, ""2024"": 0.004598, ""2025"": 0.001828}",0.003623,-1.16e-05,Sigma,B0560,5
bapta,16,"2018,2019,2020,2021,2022,2023,2024,2025","{""2018"": 2, ""2019"": 3, ""2020"": 1, ""2021"": 3, ""2022"": 2, ""2023"": 2, ""2024"": 2, ""2025"": 1}","{""2018"": 0.005277, ""2019"": 0.005093, ""2020"": 0.001531, ""2021"": 0.004016, ""2022"": 0.00312, ""2023"": 0.003484, ""2024"": 0.004598, ""2025"": 0.001828}",0.003619,-0.00025783,Sigma,Cat# B1204,7
vancomycin hydrochloride,9,"2017,2018,2020,2023,2024,2025","{""2017"": 1, ""2018"": 1, ""2020"": 1, ""2023"": 1, ""2024"": 1, ""2025"": 4}","{""2017"": 0.006173, ""2018"": 0.002639, ""2020"": 0.001531, ""2023"": 0.001742, ""2024"": 0.002299, ""2025"": 0.007313}",0.003616,3.423e-05,Hospira,UoS NDC # 00409-1319-01,8
kh 2 po 4,12,"2019,2020,2021,2023,2024,2025","{""2019"": 2, ""2020"": 1, ""2021"": 2, ""2023"": 2, ""2024"": 3, ""2025"": 2}","{""2019"": 0.003396, ""2020"": 0.001531, ""2021"": 0.002677, ""2023"": 0.003484, ""2024"": 0.006897, ""2025"": 0.003656}",0.003607,0.00043998,Sigma-Aldrich,Cat# P5655,9
optiprep,8,"2017,2019,2020,2023,2025","{""2017"": 1, ""2019"": 2, ""2020"": 2, ""2023"": 1, ""2025"": 2}","{""2017"": 0.006173, ""2019"": 0.003396, ""2020"": 0.003063, ""2023"": 0.001742, ""2025"": 0.003656}",0.003606,-0.00031446,Sigma,Cat#D1556,5
torin1,17,"2018,2019,2020,2021,2022,2023,2024,2025","{""2018"": 1, ""2019"": 3, ""2020"": 2, ""2021"": 3, ""2022"": 3, ""2023"": 3, ""2024"": 1, ""2025"": 1}","{""2018"": 0.002639, ""2019"": 0.005093, ""2020"": 0.003063, ""2021"": 0.004016, ""2022"": 0.00468, ""2023"": 0.005226, ""2024"": 0.002299, ""2025"": 0.001828}",0.003606,-0.00014869,Sigma,Cat#ab218606,10
ammonium persulfate (aps),8,"2018,2019,2021,2023,2024,2025,2026","{""2018"": 1, ""2019"": 1, ""2021"": 2, ""2023"": 1, ""2024"": 1, ""2025"": 1, ""2026"": 1}","{""2018"": 0.002639, ""2019"": 0.001698, ""2021"": 0.002677, ""2023"": 0.001742, ""2024"": 0.002299, ""2025"": 0.001828, ""2026"": 0.012346}",0.003604,0.0006436,Sigma-Aldrich,A3678,5
hepes (1 m),9,"2019,2020,2021,2023","{""2019"": 1, ""2020"": 2, ""2021"": 2, ""2023"": 4}","{""2019"": 0.001698, ""2020"": 0.003063, ""2021"": 0.002677, ""2023"": 0.006969}",0.003602,0.00126635,ThermoFisher,15630080,3
thioflavin t,6,"2018,2021,2025","{""2018"": 1, ""2021"": 2, ""2025"": 3}","{""2018"": 0.002639, ""2021"": 0.002677, ""2025"": 0.005484}",0.0036,0.00042252,Sigma-Aldrich,1326-12-1,4
n-2 supplement (100x),14,"2018,2019,2020,2022,2023,2024,2025","{""2018"": 1, ""2019"": 2, ""2020"": 4, ""2022"": 2, ""2023"": 2, ""2024"": 2, ""2025"": 1}","{""2018"": 0.002639, ""2019"": 0.003396, ""2020"": 0.006126, ""2022"": 0.00312, ""2023"": 0.003484, ""2024"": 0.004598, ""2025"": 0.001828}",0.003599,-9.666e-05,Thermo Fisher Scientific,Cat#17502048,3
"pierce trypsin protease, ms grade",10,"2017,2019,2020,2021,2024,2025","{""2017"": 1, ""2019"": 1, ""2020"": 3, ""2021"": 2, ""2024"": 2, ""2025"": 1}","{""2017"": 0.006173, ""2019"": 0.001698, ""2020"": 0.004594, ""2021"": 0.002677, ""2024"": 0.004598, ""2025"": 0.001828}",0.003595,-0.00025164,ThermoFisher,Cat# 90058,4
2-apb,6,"2017,2019,2020,2023","{""2017"": 1, ""2019"": 2, ""2020"": 2, ""2023"": 1}","{""2017"": 0.006173, ""2019"": 0.003396, ""2020"": 0.003063, ""2023"": 0.001742}",0.003593,-0.00069836,Tocris,1224,4
rnasin ribonuclease inhibitor,8,"2020,2023,2024,2025","{""2020"": 2, ""2023"": 2, ""2024"": 1, ""2025"": 3}","{""2020"": 0.003063, ""2023"": 0.003484, ""2024"": 0.002299, ""2025"": 0.005484}",0.003583,0.00029139,Promega,Cat. # N2111,6
tween® 20,10,"2020,2021,2022,2023,2024","{""2020"": 2, ""2021"": 1, ""2022"": 2, ""2023"": 2, ""2024"": 3}","{""2020"": 0.003063, ""2021"": 0.001339, ""2022"": 0.00312, ""2023"": 0.003484, ""2024"": 0.006897}",0.00358,0.00098132,Sigma-Aldrich,Cat#P2287,5
streptavidin microbeads,8,"2017,2021,2023,2024,2025","{""2017"": 1, ""2021"": 3, ""2023"": 1, ""2024"": 1, ""2025"": 2}","{""2017"": 0.006173, ""2021"": 0.004016, ""2023"": 0.001742, ""2024"": 0.002299, ""2025"": 0.003656}",0.003577,-0.00043929,Miltenyi Biotec,Cat#130-048-101,2
potassium chloride (kcl),10,"2020,2021,2022,2023,2024","{""2020"": 3, ""2021"": 1, ""2022"": 1, ""2023"": 2, ""2024"": 3}","{""2020"": 0.004594, ""2021"": 0.001339, ""2022"": 0.00156, ""2023"": 0.003484, ""2024"": 0.006897}",0.003575,0.00067504,Sigma-Aldrich,P3911,7
dmem/f12 medium,14,"2019,2020,2021,2022,2023,2024,2025","{""2019"": 1, ""2020"": 1, ""2021"": 1, ""2022"": 3, ""2023"": 3, ""2024"": 3, ""2025"": 2}","{""2019"": 0.001698, ""2020"": 0.001531, ""2021"": 0.001339, ""2022"": 0.00468, ""2023"": 0.005226, ""2024"": 0.006897, ""2025"": 0.003656}",0.003575,0.00073192,Gibco,11320033,12
fgf7,9,"2020,2021,2022,2025","{""2020"": 2, ""2021"": 1, ""2022"": 4, ""2025"": 2}","{""2020"": 0.003063, ""2021"": 0.001339, ""2022"": 0.00624, ""2025"": 0.003656}",0.003575,0.00025033,PeproTech,Cat#100-19,6
peg400,8,"2018,2019,2020,2021,2024,2025,2026","{""2018"": 1, ""2019"": 1, ""2020"": 1, ""2021"": 2, ""2024"": 1, ""2025"": 1, ""2026"": 1}","{""2018"": 0.002639, ""2019"": 0.001698, ""2020"": 0.001531, ""2021"": 0.002677, ""2024"": 0.002299, ""2025"": 0.001828, ""2026"": 0.012346}",0.003574,0.00070767,Sigma,202398,6
ha peptide,8,"2017,2018,2019,2021,2022","{""2017"": 1, ""2018"": 1, ""2019"": 1, ""2021"": 2, ""2022"": 3}","{""2017"": 0.006173, ""2018"": 0.002639, ""2019"": 0.001698, ""2021"": 0.002677, ""2022"": 0.00468}",0.003573,-0.00015905,Thermo Scientific,Cat #11666975001,4
chymotrypsin,6,"2017,2019,2020,2025","{""2017"": 1, ""2019"": 1, ""2020"": 3, ""2025"": 1}","{""2017"": 0.006173, ""2019"": 0.001698, ""2020"": 0.004594, ""2025"": 0.001828}",0.003573,-0.00042155,Promega,Cat#CHY5S,6
penicillin-streptomycin solution,14,"2018,2019,2020,2021,2022,2023,2025","{""2018"": 2, ""2019"": 1, ""2020"": 2, ""2021"": 2, ""2022"": 1, ""2023"": 3, ""2025"": 3}","{""2018"": 0.005277, ""2019"": 0.001698, ""2020"": 0.003063, ""2021"": 0.002677, ""2022"": 0.00156, ""2023"": 0.005226, ""2025"": 0.005484}",0.003569,0.00023215,Gibco,15140122,10
neaa,12,"2019,2021,2022,2023,2024,2025","{""2019"": 1, ""2021"": 2, ""2022"": 1, ""2023"": 1, ""2024"": 2, ""2025"": 5}","{""2019"": 0.001698, ""2021"": 0.002677, ""2022"": 0.00156, ""2023"": 0.001742, ""2024"": 0.004598, ""2025"": 0.009141}",0.003569,0.00100502,Thermo Fisher Scientific,11140035,6
superase in rnase inhibitor,9,"2019,2020,2021,2023","{""2019"": 4, ""2020"": 2, ""2021"": 2, ""2023"": 1}","{""2019"": 0.006791, ""2020"": 0.003063, ""2021"": 0.002677, ""2023"": 0.001742}",0.003568,-0.00109628,Ambion,AM2694,4
neurobiotin,10,"2018,2021,2022,2023,2025","{""2018"": 2, ""2021"": 3, ""2022"": 2, ""2023"": 1, ""2025"": 2}","{""2018"": 0.005277, ""2021"": 0.004016, ""2022"": 0.00312, ""2023"": 0.001742, ""2025"": 0.003656}",0.003562,-0.00033025,Vector Laboratories,Cat: SP-1120,6
human gm-csf,8,"2018,2019,2020,2022,2023,2025,2026","{""2018"": 1, ""2019"": 1, ""2020"": 1, ""2022"": 2, ""2023"": 1, ""2025"": 1, ""2026"": 1}","{""2018"": 0.002639, ""2019"": 0.001698, ""2020"": 0.001531, ""2022"": 0.00312, ""2023"": 0.001742, ""2025"": 0.001828, ""2026"": 0.012346}",0.003558,0.00075572,Miltenyi Biotec,Cat#130-093-866,7
bptes,7,"2019,2021,2022","{""2019"": 3, ""2021"": 3, ""2022"": 1}","{""2019"": 0.005093, ""2021"": 0.004016, ""2022"": 0.00156}",0.003557,-0.00108647,Sigma-Aldrich,SML0601,4
trypsin-edta 0.25%,6,"2020,2022,2023,2024,2025,2026","{""2020"": 1, ""2022"": 1, ""2023"": 1, ""2024"": 1, ""2025"": 1, ""2026"": 1}","{""2020"": 0.001531, ""2022"": 0.00156, ""2023"": 0.001742, ""2024"": 0.002299, ""2025"": 0.001828, ""2026"": 0.012346}",0.003551,0.00127439,Gibco,#25200056,4
mops,10,"2020,2021,2023,2024,2025","{""2020"": 3, ""2021"": 1, ""2023"": 1, ""2024"": 2, ""2025"": 3}","{""2020"": 0.004594, ""2021"": 0.001339, ""2023"": 0.001742, ""2024"": 0.004598, ""2025"": 0.005484}",0.003551,0.00036102,Sigma-Aldrich,Cat#69947,4
optiprep density gradient medium,14,"2017,2018,2019,2020,2021,2022,2023,2025","{""2017"": 1, ""2018"": 1, ""2019"": 3, ""2020"": 3, ""2021"": 1, ""2022"": 2, ""2023"": 1, ""2025"": 2}","{""2017"": 0.006173, ""2018"": 0.002639, ""2019"": 0.005093, ""2020"": 0.004594, ""2021"": 0.001339, ""2022"": 0.00312, ""2023"": 0.001742, ""2025"": 0.003656}",0.003545,-0.00031127,Sigma-Aldrich,Cat# D1556,3
b-27,15,"2017,2018,2019,2020,2021,2022,2023,2024,2025","{""2017"": 1, ""2018"": 1, ""2019"": 3, ""2020"": 1, ""2021"": 1, ""2022"": 1, ""2023"": 2, ""2024"": 2, ""2025"": 3}","{""2017"": 0.006173, ""2018"": 0.002639, ""2019"": 0.005093, ""2020"": 0.001531, ""2021"": 0.001339, ""2022"": 0.00156, ""2023"": 0.003484, ""2024"": 0.004598, ""2025"": 0.005484}",0.003545,-1.09e-06,Thermo Fisher Scientific,Cat# 17504044,5
bcip,9,"2018,2019,2022,2023,2024","{""2018"": 2, ""2019"": 3, ""2022"": 1, ""2023"": 2, ""2024"": 1}","{""2018"": 0.005277, ""2019"": 0.005093, ""2022"": 0.00156, ""2023"": 0.003484, ""2024"": 0.002299}",0.003543,-0.00052744,Roche,Cat# 11383221001,5
bi2536,5,"2017,2018,2020,2024","{""2017"": 1, ""2018"": 1, ""2020"": 2, ""2024"": 1}","{""2017"": 0.006173, ""2018"": 0.002639, ""2020"": 0.003063, ""2024"": 0.002299}",0.003543,-0.00038459,Selleck Chemicals,S1109,2
collagen type i,5,"2017,2018,2020,2024","{""2017"": 1, ""2018"": 1, ""2020"": 2, ""2024"": 1}","{""2017"": 0.006173, ""2018"": 0.002639, ""2020"": 0.003063, ""2024"": 0.002299}",0.003543,-0.00038459,Corning,Cat# 354249,4
nbt,9,"2018,2019,2022,2023,2024","{""2018"": 2, ""2019"": 3, ""2022"": 1, ""2023"": 2, ""2024"": 1}","{""2018"": 0.005277, ""2019"": 0.005093, ""2022"": 0.00156, ""2023"": 0.003484, ""2024"": 0.002299}",0.003543,-0.00052744,Roche,Cat# 11383213001,6
butyric acid,5,"2017,2018,2019,2025","{""2017"": 1, ""2018"": 1, ""2019"": 1, ""2025"": 2}","{""2017"": 0.006173, ""2018"": 0.002639, ""2019"": 0.001698, ""2025"": 0.003656}",0.003541,-9.472e-05,Sigma-Aldrich,Cat#19215,2
bovine growth serum,5,"2017,2022,2024,2025","{""2017"": 1, ""2022"": 1, ""2024"": 2, ""2025"": 1}","{""2017"": 0.006173, ""2022"": 0.00156, ""2024"": 0.004598, ""2025"": 0.001828}",0.00354,-0.0004259,Thermo Fisher Scientific,Cat# SH3054103HI,4
peptone,10,"2018,2019,2021,2022,2024,2025","{""2018"": 3, ""2019"": 1, ""2021"": 1, ""2022"": 1, ""2024"": 3, ""2025"": 1}","{""2018"": 0.007916, ""2019"": 0.001698, ""2021"": 0.001339, ""2022"": 0.00156, ""2024"": 0.006897, ""2025"": 0.001828}",0.003539,-0.00021862,Formedium,PEP03,8
supersignal west pico plus chemiluminescent substrate,15,"2019,2020,2021,2022,2023,2024,2025","{""2019"": 1, ""2020"": 2, ""2021"": 4, ""2022"": 1, ""2023"": 2, ""2024"": 1, ""2025"": 4}","{""2019"": 0.001698, ""2020"": 0.003063, ""2021"": 0.005355, ""2022"": 0.00156, ""2023"": 0.003484, ""2024"": 0.002299, ""2025"": 0.007313}",0.003539,0.00048022,ThermoFisher Scientific,Cat# 34580,6
accucheck counting beads,5,"2020,2021","{""2020"": 2, ""2021"": 3}","{""2020"": 0.003063, ""2021"": 0.004016}",0.003539,,Thermo Fisher Scientific,Cat# PCB100,2
xanthine,8,"2017,2019,2020,2022,2025","{""2017"": 1, ""2019"": 1, ""2020"": 3, ""2022"": 1, ""2025"": 2}","{""2017"": 0.006173, ""2019"": 0.001698, ""2020"": 0.004594, ""2022"": 0.00156, ""2025"": 0.003656}",0.003536,-0.00025332,Sigma-Aldrich,Cat#X4002-1G,4
hydroxyurea (hu),8,"2017,2018,2020,2021,2022","{""2017"": 1, ""2018"": 1, ""2020"": 2, ""2021"": 2, ""2022"": 2}","{""2017"": 0.006173, ""2018"": 0.002639, ""2020"": 0.003063, ""2021"": 0.002677, ""2022"": 0.00312}",0.003534,-0.00045403,Sigma,Cat# H8627,3
foxp3/transcription factor staining buffer set,13,"2019,2020,2021,2022,2023,2025","{""2019"": 1, ""2020"": 1, ""2021"": 2, ""2022"": 4, ""2023"": 1, ""2025"": 4}","{""2019"": 0.001698, ""2020"": 0.001531, ""2021"": 0.002677, ""2022"": 0.00624, ""2023"": 0.001742, ""2025"": 0.007313}",0.003534,0.00085344,eBioscience,Cat#00-5523-00,4
vorinostat,6,"2020,2023,2025","{""2020"": 1, ""2023"": 1, ""2025"": 4}","{""2020"": 0.001531, ""2023"": 0.001742, ""2025"": 0.007313}",0.003529,0.00107051,Selleckchem,HY-10221,4
erlotinib,9,"2018,2019,2021,2023","{""2018"": 1, ""2019"": 1, ""2021"": 6, ""2023"": 1}","{""2018"": 0.002639, ""2019"": 0.001698, ""2021"": 0.008032, ""2023"": 0.001742}",0.003528,0.00018686,Selleckchem,S1023,3
human fc receptors,7,"2020,2021,2022","{""2020"": 4, ""2021"": 1, ""2022"": 2}","{""2020"": 0.006126, ""2021"": 0.001339, ""2022"": 0.00312}",0.003528,-0.00150272,"Produced at the Duke Human Vaccine Institute, {Boesch, 2014 #15}",,4
random hexamers,14,"2018,2019,2020,2021,2023,2024,2025","{""2018"": 1, ""2019"": 3, ""2020"": 1, ""2021"": 3, ""2023"": 1, ""2024"": 1, ""2025"": 4}","{""2018"": 0.002639, ""2019"": 0.005093, ""2020"": 0.001531, ""2021"": 0.004016, ""2023"": 0.001742, ""2024"": 0.002299, ""2025"": 0.007313}",0.003519,0.00022632,Gene Link,N8080127,7
poly(i:c) hmw,8,"2018,2021,2022,2024","{""2018"": 1, ""2021"": 1, ""2022"": 5, ""2024"": 1}","{""2018"": 0.002639, ""2021"": 0.001339, ""2022"": 0.0078, ""2024"": 0.002299}",0.003519,0.00017398,InvivoGen,tlrl-pic,4
permeabilization buffer,6,"2021,2022,2023,2024,2025,2026","{""2021"": 1, ""2022"": 1, ""2023"": 1, ""2024"": 1, ""2025"": 1, ""2026"": 1}","{""2021"": 0.001339, ""2022"": 0.00156, ""2023"": 0.001742, ""2024"": 0.002299, ""2025"": 0.001828, ""2026"": 0.012346}",0.003519,0.00161131,Thermo Fisher,Cat# 00-8333-56,4
genejuice,8,"2018,2019,2021,2023","{""2018"": 2, ""2019"": 1, ""2021"": 4, ""2023"": 1}","{""2018"": 0.005277, ""2019"": 0.001698, ""2021"": 0.005355, ""2023"": 0.001742}",0.003518,-0.00035177,Merck,Cat#70967,4
potassium phosphate monobasic,15,"2018,2019,2020,2021,2022,2023,2024,2025","{""2018"": 2, ""2019"": 2, ""2020"": 1, ""2021"": 1, ""2022"": 2, ""2023"": 3, ""2024"": 2, ""2025"": 2}","{""2018"": 0.005277, ""2019"": 0.003396, ""2020"": 0.001531, ""2021"": 0.001339, ""2022"": 0.00312, ""2023"": 0.005226, ""2024"": 0.004598, ""2025"": 0.003656}",0.003518,8.967e-05,Sigma-Aldrich,Cat#P9791,9
anhydrotetracycline hydrochloride,10,"2019,2021,2022,2024,2025","{""2019"": 3, ""2021"": 2, ""2022"": 1, ""2024"": 2, ""2025"": 2}","{""2019"": 0.005093, ""2021"": 0.002677, ""2022"": 0.00156, ""2024"": 0.004598, ""2025"": 0.003656}",0.003517,-5.746e-05,Sigma,Cat# 37919,6
pmsf protease inhibitor,6,"2020,2024,2025","{""2020"": 3, ""2024"": 1, ""2025"": 2}","{""2020"": 0.004594, ""2024"": 0.002299, ""2025"": 0.003656}",0.003516,-0.00029793,Thermo Fisher Scientific,Cat# 36978,3
recombinant human scf,12,"2018,2019,2020,2021,2023,2025","{""2018"": 2, ""2019"": 2, ""2020"": 2, ""2021"": 3, ""2023"": 2, ""2025"": 1}","{""2018"": 0.005277, ""2019"": 0.003396, ""2020"": 0.003063, ""2021"": 0.004016, ""2023"": 0.003484, ""2025"": 0.001828}",0.003511,-0.00033541,Peprotech,300–07,5
its-x,6,"2022,2023,2025","{""2022"": 1, ""2023"": 2, ""2025"": 3}","{""2022"": 0.00156, ""2023"": 0.003484, ""2025"": 0.005484}",0.00351,0.00126412,Thermo Fisher Scientific,51500–056,2
fluorescence mounting medium,7,"2021,2022,2025","{""2021"": 3, ""2022"": 3, ""2025"": 1}","{""2021"": 0.004016, ""2022"": 0.00468, ""2025"": 0.001828}",0.003508,-0.00064014,DAKO,Cat#S3023,6
ammonium hydroxide solution,10,"2017,2019,2020,2021,2023,2024","{""2017"": 1, ""2019"": 3, ""2020"": 2, ""2021"": 2, ""2023"": 1, ""2024"": 1}","{""2017"": 0.006173, ""2019"": 0.005093, ""2020"": 0.003063, ""2021"": 0.002677, ""2023"": 0.001742, ""2024"": 0.002299}",0.003508,-0.00061633,Sigma-Aldrich,Cat # 221228,5
d-glucose- 13 c 6,5,"2017,2019,2022,2024","{""2017"": 1, ""2019"": 1, ""2022"": 1, ""2024"": 2}","{""2017"": 0.006173, ""2019"": 0.001698, ""2022"": 0.00156, ""2024"": 0.004598}",0.003507,-0.00019723,Sigma-Aldrich,Cat# 389374,3
jetprime transfection reagent,6,"2017,2021,2022,2025","{""2017"": 1, ""2021"": 1, ""2022"": 3, ""2025"": 1}","{""2017"": 0.006173, ""2021"": 0.001339, ""2022"": 0.00468, ""2025"": 0.001828}",0.003505,-0.00049476,Polyplus,Cat#114-75,6
y-27632 (rock inhibitor),13,"2018,2019,2021,2022,2023,2024,2025","{""2018"": 2, ""2019"": 1, ""2021"": 2, ""2022"": 2, ""2023"": 2, ""2024"": 2, ""2025"": 2}","{""2018"": 0.005277, ""2019"": 0.001698, ""2021"": 0.002677, ""2022"": 0.00312, ""2023"": 0.003484, ""2024"": 0.004598, ""2025"": 0.003656}",0.003502,4.496e-05,Tocris,Cat#1254,7
insect-xpress protein-free insect cell medium with l-glutamine,5,"2017,2018,2019,2023","{""2017"": 1, ""2018"": 1, ""2019"": 1, ""2023"": 2}","{""2017"": 0.006173, ""2018"": 0.002639, ""2019"": 0.001698, ""2023"": 0.003484}",0.003498,-0.00021905,Lonza,12-730Q,2
cell-id intercalator-ir,13,"2019,2020,2021,2022,2023,2024","{""2019"": 1, ""2020"": 5, ""2021"": 1, ""2022"": 4, ""2023"": 1, ""2024"": 1}","{""2019"": 0.001698, ""2020"": 0.007657, ""2021"": 0.001339, ""2022"": 0.00624, ""2023"": 0.001742, ""2024"": 0.002299}",0.003496,-0.00028107,Fluidigm,Cat# 201192A,2
pd98059,8,"2017,2020,2022,2023,2025","{""2017"": 1, ""2020"": 3, ""2022"": 2, ""2023"": 1, ""2025"": 1}","{""2017"": 0.006173, ""2020"": 0.004594, ""2022"": 0.00312, ""2023"": 0.001742, ""2025"": 0.001828}",0.003491,-0.00060085,Tocris,Cat#1213,6
h 2 o 2,9,"2019,2020,2021,2023","{""2019"": 2, ""2020"": 2, ""2021"": 3, ""2023"": 2}","{""2019"": 0.003396, ""2020"": 0.003063, ""2021"": 0.004016, ""2023"": 0.003484}",0.00349,6.907e-05,Sigma-Aldrich,Cat # 95321-100 ml,6
euthasol,5,"2023,2024,2025","{""2023"": 1, ""2024"": 3, ""2025"": 1}","{""2023"": 0.001742, ""2024"": 0.006897, ""2025"": 0.001828}",0.003489,4.3e-05,Virbac,Ref# 200-071,4
endoglycosidase h,7,"2017,2018,2020,2021,2022","{""2017"": 1, ""2018"": 2, ""2020"": 2, ""2021"": 1, ""2022"": 1}","{""2017"": 0.006173, ""2018"": 0.005277, ""2020"": 0.003063, ""2021"": 0.001339, ""2022"": 0.00156}",0.003482,-0.00102612,New England Biolabs,Cat# P0702S,4
dynasore,13,"2019,2020,2021,2022,2023,2024","{""2019"": 3, ""2020"": 1, ""2021"": 4, ""2022"": 2, ""2023"": 2, ""2024"": 1}","{""2019"": 0.005093, ""2020"": 0.001531, ""2021"": 0.005355, ""2022"": 0.00312, ""2023"": 0.003484, ""2024"": 0.002299}",0.00348,-0.00029567,Sigma-Aldrich,Cat#D7693,6
sars-cov-2 s2,7,"2020,2021,2025","{""2020"": 3, ""2021"": 3, ""2025"": 1}","{""2020"": 0.004594, ""2021"": 0.004016, ""2025"": 0.001828}",0.003479,-0.00055143,Sino Biological,CAT # 40590-V08B,2
ultradoma pf protein-free medium,7,"2021,2022,2023","{""2021"": 3, ""2022"": 3, ""2023"": 1}","{""2021"": 0.004016, ""2022"": 0.00468, ""2023"": 0.001742}",0.003479,-0.00113695,Lonza,Cat#12-727F,1
bilirubin,7,"2021,2022,2023","{""2021"": 3, ""2022"": 3, ""2023"": 1}","{""2021"": 0.004016, ""2022"": 0.00468, ""2023"": 0.001742}",0.003479,-0.00113695,Sigma-Aldrich,Cat# 14370-1G,2
10x tris/glycine/sds buffer,8,"2019,2022,2024,2025","{""2019"": 1, ""2022"": 4, ""2024"": 1, ""2025"": 2}","{""2019"": 0.001698, ""2022"": 0.00624, ""2024"": 0.002299, ""2025"": 0.003656}",0.003473,0.00016794,Bio-Rad,Cat# 1610772,3
hepes solution,15,"2018,2019,2020,2021,2022,2023,2024,2025","{""2018"": 2, ""2019"": 2, ""2020"": 2, ""2021"": 3, ""2022"": 1, ""2023"": 1, ""2024"": 3, ""2025"": 1}","{""2018"": 0.005277, ""2019"": 0.003396, ""2020"": 0.003063, ""2021"": 0.004016, ""2022"": 0.00156, ""2023"": 0.001742, ""2024"": 0.006897, ""2025"": 0.001828}",0.003472,-0.00015542,Sigma-Aldrich,Cat#H0887,5
streptavidin-r-phycoerythrin,9,"2020,2021,2022,2023","{""2020"": 4, ""2021"": 1, ""2022"": 3, ""2023"": 1}","{""2020"": 0.006126, ""2021"": 0.001339, ""2022"": 0.00468, ""2023"": 0.001742}",0.003472,-0.00098087,Prozyme,CAT # PJ31S,1
gibco fetal bovine serum,8,"2021,2023,2024,2025","{""2021"": 2, ""2023"": 3, ""2024"": 1, ""2025"": 2}","{""2021"": 0.002677, ""2023"": 0.005226, ""2024"": 0.002299, ""2025"": 0.003656}",0.003465,9.051e-05,Thermo Fisher Scientific,Cat# 10270-106,5
recombinant human tpo,8,"2018,2019,2020,2021","{""2018"": 2, ""2019"": 1, ""2020"": 1, ""2021"": 4}","{""2018"": 0.005277, ""2019"": 0.001698, ""2020"": 0.001531, ""2021"": 0.005355}",0.003465,6.67e-06,PeproTech,Cat#300-18,4
rnase,9,"2018,2021,2023,2024,2025","{""2018"": 2, ""2021"": 2, ""2023"": 3, ""2024"": 1, ""2025"": 1}","{""2018"": 0.005277, ""2021"": 0.002677, ""2023"": 0.005226, ""2024"": 0.002299, ""2025"": 0.001828}",0.003462,-0.00038761,Sigma,R6513-50mg,8
dttp,6,"2019,2020,2021,2022,2024,2026","{""2019"": 1, ""2020"": 1, ""2021"": 1, ""2022"": 1, ""2024"": 1, ""2026"": 1}","{""2019"": 0.001698, ""2020"": 0.001531, ""2021"": 0.001339, ""2022"": 0.00156, ""2024"": 0.002299, ""2026"": 0.012346}",0.003462,0.0013084,Sigma-Aldrich,Cat# 11969048001,4
"dnase i recombinant, rnase-free",13,"2018,2019,2021,2022,2023,2024,2025","{""2018"": 1, ""2019"": 3, ""2021"": 1, ""2022"": 3, ""2023"": 1, ""2024"": 3, ""2025"": 1}","{""2018"": 0.002639, ""2019"": 0.005093, ""2021"": 0.001339, ""2022"": 0.00468, ""2023"": 0.001742, ""2024"": 0.006897, ""2025"": 0.001828}",0.00346,1.943e-05,Roche,Cat# 04716728001,5
low-melting point agarose,6,"2020,2023,2024","{""2020"": 3, ""2023"": 2, ""2024"": 1}","{""2020"": 0.004594, ""2023"": 0.003484, ""2024"": 0.002299}",0.003459,-0.00052678,Promega,Cat#V2111,5
eosin y solution,8,"2017,2020,2021,2023,2024","{""2017"": 1, ""2020"": 2, ""2021"": 3, ""2023"": 1, ""2024"": 1}","{""2017"": 0.006173, ""2020"": 0.003063, ""2021"": 0.004016, ""2023"": 0.001742, ""2024"": 0.002299}",0.003459,-0.00057911,Sigma-Aldrich,Cat#HT110216-500ml,6
western lightning plus-ecl,5,"2021,2022","{""2021"": 4, ""2022"": 1}","{""2021"": 0.005355, ""2022"": 0.00156}",0.003457,,PerkinElmer,NEL104001EA,4
calcein am,15,"2018,2019,2020,2021,2022,2023,2024,2025","{""2018"": 2, ""2019"": 3, ""2020"": 1, ""2021"": 1, ""2022"": 1, ""2023"": 5, ""2024"": 1, ""2025"": 1}","{""2018"": 0.005277, ""2019"": 0.005093, ""2020"": 0.001531, ""2021"": 0.001339, ""2022"": 0.00156, ""2023"": 0.008711, ""2024"": 0.002299, ""2025"": 0.001828}",0.003455,-0.00019471,Thermo Fisher Scientific,C1430,10
streptavidin magnetic beads,14,"2018,2019,2020,2021,2022,2023,2025","{""2018"": 1, ""2019"": 2, ""2020"": 1, ""2021"": 2, ""2022"": 2, ""2023"": 2, ""2025"": 4}","{""2018"": 0.002639, ""2019"": 0.003396, ""2020"": 0.001531, ""2021"": 0.002677, ""2022"": 0.00312, ""2023"": 0.003484, ""2025"": 0.007313}",0.003451,0.00056372,NEB,Cat#S1420S,6
xbai,11,"2019,2020,2021,2022,2025","{""2019"": 2, ""2020"": 2, ""2021"": 3, ""2022"": 2, ""2025"": 2}","{""2019"": 0.003396, ""2020"": 0.003063, ""2021"": 0.004016, ""2022"": 0.00312, ""2025"": 0.003656}",0.00345,4.675e-05,New England Biolabs,Cat# R0145S,4
4-aminopyridine,12,"2017,2018,2019,2020,2022,2023,2024,2025","{""2017"": 1, ""2018"": 1, ""2019"": 2, ""2020"": 1, ""2022"": 1, ""2023"": 1, ""2024"": 3, ""2025"": 2}","{""2017"": 0.006173, ""2018"": 0.002639, ""2019"": 0.003396, ""2020"": 0.001531, ""2022"": 0.00156, ""2023"": 0.001742, ""2024"": 0.006897, ""2025"": 0.003656}",0.003449,-9.5e-06,Sigma-Aldrich,Cat# 0940,7
phosstop phosphatase inhibitor tablets,8,"2017,2018,2020,2023,2024,2025","{""2017"": 1, ""2018"": 2, ""2020"": 1, ""2023"": 1, ""2024"": 1, ""2025"": 2}","{""2017"": 0.006173, ""2018"": 0.005277, ""2020"": 0.001531, ""2023"": 0.001742, ""2024"": 0.002299, ""2025"": 0.003656}",0.003446,-0.00037375,Roche,Cat# 4906837001,7
cacl2,10,"2020,2021,2023,2024,2025","{""2020"": 1, ""2021"": 2, ""2023"": 3, ""2024"": 1, ""2025"": 3}","{""2020"": 0.001531, ""2021"": 0.002677, ""2023"": 0.005226, ""2024"": 0.002299, ""2025"": 0.005484}",0.003444,0.00059339,Sigma-Aldrich,Cat# 509703,9
fugene6 transfection reagent,5,"2020,2021","{""2020"": 1, ""2021"": 4}","{""2020"": 0.001531, ""2021"": 0.005355}",0.003443,,Promega,Cat# E2691,3
iwp2,10,"2017,2020,2021,2023,2024,2025","{""2017"": 1, ""2020"": 3, ""2021"": 3, ""2023"": 1, ""2024"": 1, ""2025"": 1}","{""2017"": 0.006173, ""2020"": 0.004594, ""2021"": 0.004016, ""2023"": 0.001742, ""2024"": 0.002299, ""2025"": 0.001828}",0.003442,-0.00058524,Tocris,#3533/50,6
formalin,16,"2018,2019,2020,2021,2022,2023,2024,2025","{""2018"": 1, ""2019"": 4, ""2020"": 1, ""2021"": 3, ""2022"": 2, ""2023"": 2, ""2024"": 1, ""2025"": 2}","{""2018"": 0.002639, ""2019"": 0.006791, ""2020"": 0.001531, ""2021"": 0.004016, ""2022"": 0.00312, ""2023"": 0.003484, ""2024"": 0.002299, ""2025"": 0.003656}",0.003442,-0.0001235,Sigma-Aldrich,Cat# HT501128,9
alexa fluor 594,5,"2018,2022,2023","{""2018"": 2, ""2022"": 1, ""2023"": 2}","{""2018"": 0.005277, ""2022"": 0.00156, ""2023"": 0.003484}",0.00344,-0.0005216,ThermoFischer,A10438,4
ivermectin,8,"2017,2019,2021,2022,2023","{""2017"": 1, ""2019"": 1, ""2021"": 1, ""2022"": 4, ""2023"": 1}","{""2017"": 0.006173, ""2019"": 0.001698, ""2021"": 0.001339, ""2022"": 0.00624, ""2023"": 0.001742}",0.003438,-0.00034687,Sigma-Aldrich,Cat# I8898,2
rat serum,9,"2018,2019,2020,2022,2024","{""2018"": 2, ""2019"": 2, ""2020"": 1, ""2022"": 3, ""2024"": 1}","{""2018"": 0.005277, ""2019"": 0.003396, ""2020"": 0.001531, ""2022"": 0.00468, ""2024"": 0.002299}",0.003437,-0.00024585,Sigma-Aldrich,R9759,5
bacto agar,7,"2018,2020,2023,2025","{""2018"": 2, ""2020"": 2, ""2023"": 1, ""2025"": 2}","{""2018"": 0.005277, ""2020"": 0.003063, ""2023"": 0.001742, ""2025"": 0.003656}",0.003435,-0.00026391,BD Biosciences,Cat#214010,5
"rnase a, dnase and protease-free (10 mg/ml)",7,"2020,2023,2024,2025","{""2020"": 1, ""2023"": 2, ""2024"": 3, ""2025"": 1}","{""2020"": 0.001531, ""2023"": 0.003484, ""2024"": 0.006897, ""2025"": 0.001828}",0.003435,0.00042562,Thermo Fisher Scientific,Cat#EN0531,1
1-thioglycerol,11,"2019,2020,2021,2023,2024,2025","{""2019"": 1, ""2020"": 2, ""2021"": 1, ""2023"": 2, ""2024"": 4, ""2025"": 1}","{""2019"": 0.001698, ""2020"": 0.003063, ""2021"": 0.001339, ""2023"": 0.003484, ""2024"": 0.009195, ""2025"": 0.001828}",0.003435,0.00052864,Sigma Aldrich,M6145,3
l-glutamic acid,9,"2018,2019,2020,2022,2023,2024,2025,2026","{""2018"": 1, ""2019"": 1, ""2020"": 1, ""2022"": 1, ""2023"": 1, ""2024"": 1, ""2025"": 2, ""2026"": 1}","{""2018"": 0.002639, ""2019"": 0.001698, ""2020"": 0.001531, ""2022"": 0.00156, ""2023"": 0.001742, ""2024"": 0.002299, ""2025"": 0.003656, ""2026"": 0.012346}",0.003434,0.00075664,Sigma-Aldrich,Cat# G1251,3
adenosine triphosphate (atp),10,"2017,2019,2020,2021,2022,2025","{""2017"": 1, ""2019"": 2, ""2020"": 1, ""2021"": 2, ""2022"": 2, ""2025"": 2}","{""2017"": 0.006173, ""2019"": 0.003396, ""2020"": 0.001531, ""2021"": 0.002677, ""2022"": 0.00312, ""2025"": 0.003656}",0.003426,-0.00022547,Sigma-Aldrich,Cat#A26209-10G,7
recombinant human tnf-α,8,"2017,2020,2021,2023,2025","{""2017"": 1, ""2020"": 1, ""2021"": 3, ""2023"": 1, ""2025"": 2}","{""2017"": 0.006173, ""2020"": 0.001531, ""2021"": 0.004016, ""2023"": 0.001742, ""2025"": 0.003656}",0.003424,-0.0003135,PeproTech,Cat# 300-01A,2
vectashield hardset antifade mounting medium with dapi,5,"2017,2019,2024,2025","{""2017"": 1, ""2019"": 2, ""2024"": 1, ""2025"": 1}","{""2017"": 0.006173, ""2019"": 0.003396, ""2024"": 0.002299, ""2025"": 0.001828}",0.003424,-0.00046251,Vector Laboratories,Cat# H-1500,3
l-histidine,7,"2018,2020,2022,2023,2024,2025,2026","{""2018"": 1, ""2020"": 1, ""2022"": 1, ""2023"": 1, ""2024"": 1, ""2025"": 1, ""2026"": 1}","{""2018"": 0.002639, ""2020"": 0.001531, ""2022"": 0.00156, ""2023"": 0.001742, ""2024"": 0.002299, ""2025"": 0.001828, ""2026"": 0.012346}",0.003421,0.00071063,Sigma-Aldrich,Cat#H6034-25G,4
taqman fast advanced master mix,5,"2020,2024,2025","{""2020"": 1, ""2024"": 3, ""2025"": 1}","{""2020"": 0.001531, ""2024"": 0.006897, ""2025"": 0.001828}",0.003419,0.00042562,Applied biosystems,Cat#4444554,5
cntf,9,"2018,2021,2023,2024,2025","{""2018"": 1, ""2021"": 1, ""2023"": 2, ""2024"": 1, ""2025"": 4}","{""2018"": 0.002639, ""2021"": 0.001339, ""2023"": 0.003484, ""2024"": 0.002299, ""2025"": 0.007313}",0.003415,0.00047768,PeproTech,450-13,4
alt-r s.p. cas9 nuclease v3,10,"2021,2022,2023,2024,2025","{""2021"": 2, ""2022"": 2, ""2023"": 2, ""2024"": 1, ""2025"": 3}","{""2021"": 0.002677, ""2022"": 0.00312, ""2023"": 0.003484, ""2024"": 0.002299, ""2025"": 0.005484}",0.003413,0.00047929,IDT,https://www.idtdna.com/page,5
glutamax (100x),7,"2020,2022,2024,2025","{""2020"": 1, ""2022"": 1, ""2024"": 3, ""2025"": 2}","{""2020"": 0.001531, ""2022"": 0.00156, ""2024"": 0.006897, ""2025"": 0.003656}",0.003411,0.00077736,Gibco,Cat. No. 35050–061,3
sodium cacodylate trihydrate,5,"2018,2019,2022","{""2018"": 2, ""2019"": 2, ""2022"": 1}","{""2018"": 0.005277, ""2019"": 0.003396, ""2022"": 0.00156}",0.003411,-0.000856,Sigma-Aldrich,Cat#: C0250,4
freestyle 293f expression medium,7,"2021,2022,2023","{""2021"": 4, ""2022"": 2, ""2023"": 1}","{""2021"": 0.005355, ""2022"": 0.00312, ""2023"": 0.001742}",0.003406,-0.0018063,Thermo Fischer Scientific,Cat# A14525,3
dextran sulfate sodium,6,"2019,2021,2025","{""2019"": 2, ""2021"": 1, ""2025"": 3}","{""2019"": 0.003396, ""2021"": 0.001339, ""2025"": 0.005484}",0.003406,0.00044647,Alfa Aesar,Cat# J63606,6
neutravidin,10,"2018,2020,2021,2022,2023,2024","{""2018"": 3, ""2020"": 1, ""2021"": 1, ""2022"": 1, ""2023"": 2, ""2024"": 2}","{""2018"": 0.007916, ""2020"": 0.001531, ""2021"": 0.001339, ""2022"": 0.00156, ""2023"": 0.003484, ""2024"": 0.004598}",0.003405,-0.00041852,Thermo Fisher Scientific,Cat# 31000,4
imject alum adjuvant,11,"2019,2020,2021,2022,2025","{""2019"": 1, ""2020"": 4, ""2021"": 2, ""2022"": 3, ""2025"": 1}","{""2019"": 0.001698, ""2020"": 0.006126, ""2021"": 0.002677, ""2022"": 0.00468, ""2025"": 0.001828}",0.003402,-0.00020434,Thermo Fisher Scientific,Cat# 77161,1
evans blue,15,"2018,2019,2020,2021,2022,2023,2024,2025","{""2018"": 1, ""2019"": 2, ""2020"": 1, ""2021"": 3, ""2022"": 1, ""2023"": 2, ""2024"": 3, ""2025"": 2}","{""2018"": 0.002639, ""2019"": 0.003396, ""2020"": 0.001531, ""2021"": 0.004016, ""2022"": 0.00156, ""2023"": 0.003484, ""2024"": 0.006897, ""2025"": 0.003656}",0.003397,0.00033372,Sigma-Aldrich,E2129,5
streptavidin bv421,8,"2021,2022,2024,2025","{""2021"": 2, ""2022"": 2, ""2024"": 1, ""2025"": 3}","{""2021"": 0.002677, ""2022"": 0.00312, ""2024"": 0.002299, ""2025"": 0.005484}",0.003395,0.00047929,Biolegend,Cat#405225,4
dulbecco’s phosphate buffered saline,12,"2017,2020,2021,2022,2023,2024,2025","{""2017"": 1, ""2020"": 2, ""2021"": 4, ""2022"": 1, ""2023"": 2, ""2024"": 1, ""2025"": 1}","{""2017"": 0.006173, ""2020"": 0.003063, ""2021"": 0.005355, ""2022"": 0.00156, ""2023"": 0.003484, ""2024"": 0.002299, ""2025"": 0.001828}",0.003395,-0.00050632,Sigma-Aldrich,D8537,6
fast sybr green master mix,9,"2018,2021,2023,2024,2025","{""2018"": 1, ""2021"": 2, ""2023"": 3, ""2024"": 2, ""2025"": 1}","{""2018"": 0.002639, ""2021"": 0.002677, ""2023"": 0.005226, ""2024"": 0.004598, ""2025"": 0.001828}",0.003394,0.00010653,Thermo Fisher Scientific,Cat#4385612,6
β-glycerophosphate,9,"2017,2019,2021,2022,2024,2025","{""2017"": 1, ""2019"": 1, ""2021"": 2, ""2022"": 1, ""2024"": 2, ""2025"": 2}","{""2017"": 0.006173, ""2019"": 0.001698, ""2021"": 0.002677, ""2022"": 0.00156, ""2024"": 0.004598, ""2025"": 0.003656}",0.003394,-0.000108,Sigma-Aldrich,Cat# G9422,5
recombinant mouse tslp,5,"2017,2018,2019,2020","{""2017"": 1, ""2018"": 1, ""2019"": 1, ""2020"": 2}","{""2017"": 0.006173, ""2018"": 0.002639, ""2019"": 0.001698, ""2020"": 0.003063}",0.003393,-0.00102709,eBiosciences,34-8498-82,5
trichloroacetic acid (tca),12,"2019,2021,2022,2023,2024,2025","{""2019"": 1, ""2021"": 2, ""2022"": 3, ""2023"": 2, ""2024"": 1, ""2025"": 3}","{""2019"": 0.001698, ""2021"": 0.002677, ""2022"": 0.00468, ""2023"": 0.003484, ""2024"": 0.002299, ""2025"": 0.005484}",0.003387,0.00042816,Sigma,Cat# T0699,9
phenylmethylsulfonyl fluoride,10,"2019,2020,2021,2023,2025","{""2019"": 3, ""2020"": 1, ""2021"": 1, ""2023"": 2, ""2025"": 3}","{""2019"": 0.005093, ""2020"": 0.001531, ""2021"": 0.001339, ""2023"": 0.003484, ""2025"": 0.005484}",0.003386,0.00030297,Sigma,36978,7
rock inhibitor,13,"2018,2019,2020,2021,2023,2024,2025","{""2018"": 1, ""2019"": 1, ""2020"": 1, ""2021"": 1, ""2023"": 5, ""2024"": 1, ""2025"": 3}","{""2018"": 0.002639, ""2019"": 0.001698, ""2020"": 0.001531, ""2021"": 0.001339, ""2023"": 0.008711, ""2024"": 0.002299, ""2025"": 0.005484}",0.003386,0.00055751,Tocris,Y-27632,11
cre recombinase,5,"2017,2018,2019,2021","{""2017"": 1, ""2018"": 1, ""2019"": 2, ""2021"": 1}","{""2017"": 0.006173, ""2018"": 0.002639, ""2019"": 0.003396, ""2021"": 0.001339}",0.003386,-0.00101948,New England Biolabs,Cat# M0298S,3
triton 100x,7,"2017,2019,2021,2022,2024","{""2017"": 1, ""2019"": 1, ""2021"": 1, ""2022"": 2, ""2024"": 2}","{""2017"": 0.006173, ""2019"": 0.001698, ""2021"": 0.001339, ""2022"": 0.00312, ""2024"": 0.004598}",0.003385,-0.00015078,Eurobio,Cat# GAUTTR00-07,3
antigenfix,6,"2019,2020,2021,2022,2025,2026","{""2019"": 1, ""2020"": 1, ""2021"": 1, ""2022"": 1, ""2025"": 1, ""2026"": 1}","{""2019"": 0.001698, ""2020"": 0.001531, ""2021"": 0.001339, ""2022"": 0.00156, ""2025"": 0.001828, ""2026"": 0.012346}",0.003384,0.00108125,Diapath,P0014,2
lys-c,13,"2017,2019,2020,2021,2022,2023,2024,2025","{""2017"": 1, ""2019"": 2, ""2020"": 1, ""2021"": 2, ""2022"": 1, ""2023"": 2, ""2024"": 2, ""2025"": 2}","{""2017"": 0.006173, ""2019"": 0.003396, ""2020"": 0.001531, ""2021"": 0.002677, ""2022"": 0.00156, ""2023"": 0.003484, ""2024"": 0.004598, ""2025"": 0.003656}",0.003384,-0.00012472,Promega,Cat# 21-05063,12
dasatinib,15,"2017,2018,2019,2020,2021,2022,2023,2024,2025","{""2017"": 1, ""2018"": 1, ""2019"": 2, ""2020"": 2, ""2021"": 2, ""2022"": 2, ""2023"": 3, ""2024"": 1, ""2025"": 1}","{""2017"": 0.006173, ""2018"": 0.002639, ""2019"": 0.003396, ""2020"": 0.003063, ""2021"": 0.002677, ""2022"": 0.00312, ""2023"": 0.005226, ""2024"": 0.002299, ""2025"": 0.001828}",0.00338,-0.00024464,Sigma-Aldrich,Cat#SML2589,10
propionic acid,9,"2017,2018,2019,2020,2021,2025","{""2017"": 1, ""2018"": 1, ""2019"": 2, ""2020"": 2, ""2021"": 1, ""2025"": 2}","{""2017"": 0.006173, ""2018"": 0.002639, ""2019"": 0.003396, ""2020"": 0.003063, ""2021"": 0.001339, ""2025"": 0.003656}",0.003377,-0.00018927,Sigma-Aldrich,Cat#P1386,6
catalase from bovine liver,10,"2017,2018,2019,2022,2023,2024,2025","{""2017"": 1, ""2018"": 1, ""2019"": 3, ""2022"": 1, ""2023"": 1, ""2024"": 2, ""2025"": 1}","{""2017"": 0.006173, ""2018"": 0.002639, ""2019"": 0.005093, ""2022"": 0.00156, ""2023"": 0.001742, ""2024"": 0.004598, ""2025"": 0.001828}",0.003376,-0.00034014,Sigma Aldrich,C100,7
dichloromethane (dcm),6,"2020,2023,2025","{""2020"": 2, ""2023"": 3, ""2025"": 1}","{""2020"": 0.003063, ""2023"": 0.005226, ""2025"": 0.001828}",0.003372,-0.00017049,Sigma-Aldrich,Cat#270997; CAS# 75–09-2,4
recombinant rnase inhibitor,11,"2020,2021,2022,2023,2025","{""2020"": 3, ""2021"": 3, ""2022"": 3, ""2023"": 1, ""2025"": 1}","{""2020"": 0.004594, ""2021"": 0.004016, ""2022"": 0.00468, ""2023"": 0.001742, ""2025"": 0.001828}",0.003372,-0.00063175,Takara,Cat# 2313B,6
human ab serum,11,"2020,2021,2022,2023,2025","{""2020"": 2, ""2021"": 4, ""2022"": 2, ""2023"": 2, ""2025"": 1}","{""2020"": 0.003063, ""2021"": 0.005355, ""2022"": 0.00312, ""2023"": 0.003484, ""2025"": 0.001828}",0.00337,-0.0003974,Valley Biomedical,Cat#HP1022HI,6
oct compound,14,"2018,2019,2020,2021,2022,2023,2025","{""2018"": 1, ""2019"": 1, ""2020"": 2, ""2021"": 3, ""2022"": 2, ""2023"": 1, ""2025"": 4}","{""2018"": 0.002639, ""2019"": 0.001698, ""2020"": 0.003063, ""2021"": 0.004016, ""2022"": 0.00312, ""2023"": 0.001742, ""2025"": 0.007313}",0.00337,0.00051958,Sakura,Cat# 25608-930,10
mem,15,"2017,2018,2019,2020,2021,2022,2023,2024,2025","{""2017"": 1, ""2018"": 1, ""2019"": 1, ""2020"": 4, ""2021"": 2, ""2022"": 1, ""2023"": 2, ""2024"": 1, ""2025"": 2}","{""2017"": 0.006173, ""2018"": 0.002639, ""2019"": 0.001698, ""2020"": 0.006126, ""2021"": 0.002677, ""2022"": 0.00156, ""2023"": 0.003484, ""2024"": 0.002299, ""2025"": 0.003656}",0.003368,-0.00020129,GIBCO,Cat# 11095080,12
glutathione sepharose 4b beads,7,"2017,2018,2019,2021,2024","{""2017"": 1, ""2018"": 1, ""2019"": 1, ""2021"": 3, ""2024"": 1}","{""2017"": 0.006173, ""2018"": 0.002639, ""2019"": 0.001698, ""2021"": 0.004016, ""2024"": 0.002299}",0.003365,-0.00028952,GE Healthcare,Cat# 17075601,3
dig rna labeling mix,9,"2018,2019,2020,2022,2023","{""2018"": 2, ""2019"": 2, ""2020"": 1, ""2022"": 2, ""2023"": 2}","{""2018"": 0.005277, ""2019"": 0.003396, ""2020"": 0.001531, ""2022"": 0.00312, ""2023"": 0.003484}",0.003362,-0.00023139,Roche,Cat#11277073910,4
fugene® 6 transfection reagent,6,"2017,2019,2021,2022","{""2017"": 1, ""2019"": 1, ""2021"": 3, ""2022"": 1}","{""2017"": 0.006173, ""2019"": 0.001698, ""2021"": 0.004016, ""2022"": 0.00156}",0.003362,-0.00065888,Promega,Catalog# E2691,2
noti,13,"2019,2020,2021,2022,2023,2025","{""2019"": 1, ""2020"": 2, ""2021"": 3, ""2022"": 5, ""2023"": 1, ""2025"": 1}","{""2019"": 0.001698, ""2020"": 0.003063, ""2021"": 0.004016, ""2022"": 0.0078, ""2023"": 0.001742, ""2025"": 0.001828}",0.003358,-5.54e-05,New England Biolab,Cat# R1089S,7
saracatinib,5,"2017,2019,2022,2024","{""2017"": 1, ""2019"": 2, ""2022"": 1, ""2024"": 1}","{""2017"": 0.006173, ""2019"": 0.003396, ""2022"": 0.00156, ""2024"": 0.002299}",0.003357,-0.00056249,Santa Cruz Biotechnology,Cat# 379231-04-6,4
betaine,10,"2020,2021,2023,2024,2025","{""2020"": 3, ""2021"": 3, ""2023"": 1, ""2024"": 2, ""2025"": 1}","{""2020"": 0.004594, ""2021"": 0.004016, ""2023"": 0.001742, ""2024"": 0.004598, ""2025"": 0.001828}",0.003356,-0.00039822,Sigma,Cat# 61962,6
protein g sepharose beads,6,"2018,2019,2021","{""2018"": 1, ""2019"": 2, ""2021"": 3}","{""2018"": 0.002639, ""2019"": 0.003396, ""2021"": 0.004016}",0.00335,0.0004379,GE Healthcare,17-0618-01,5
collagenase b,6,"2019,2022,2025","{""2019"": 1, ""2022"": 3, ""2025"": 2}","{""2019"": 0.001698, ""2022"": 0.00468, ""2025"": 0.003656}",0.003345,0.00032642,Roche,Cat# 11088831001,4
recombinant human lif,8,"2017,2018,2019,2022,2024,2025","{""2017"": 1, ""2018"": 1, ""2019"": 1, ""2022"": 2, ""2024"": 2, ""2025"": 1}","{""2017"": 0.006173, ""2018"": 0.002639, ""2019"": 0.001698, ""2022"": 0.00312, ""2024"": 0.004598, ""2025"": 0.001828}",0.003343,-0.00015381,Peprotech,Cat. No. 300–05,7
l-lysine monohydrochloride,7,"2018,2021,2022,2024","{""2018"": 2, ""2021"": 2, ""2022"": 2, ""2024"": 1}","{""2018"": 0.005277, ""2021"": 0.002677, ""2022"": 0.00312, ""2024"": 0.002299}",0.003343,-0.00048842,Sigma-Aldrich,Cat#L5626; CAS: 657-27-2,5
pp2,7,"2017,2018,2020,2021,2023","{""2017"": 1, ""2018"": 1, ""2020"": 2, ""2021"": 1, ""2023"": 2}","{""2017"": 0.006173, ""2018"": 0.002639, ""2020"": 0.003063, ""2021"": 0.001339, ""2023"": 0.003484}",0.003339,-0.00038002,Sigma Aldrich,Cat# P0042,4
lipofectamine ™ 3000,5,"2023,2024,2025","{""2023"": 1, ""2024"": 2, ""2025"": 2}","{""2023"": 0.001742, ""2024"": 0.004598, ""2025"": 0.003656}",0.003332,0.00095707,Invitrogen,Cat# L3000001,3
tgf-β1,5,"2020,2022,2024","{""2020"": 1, ""2022"": 1, ""2024"": 3}","{""2020"": 0.001531, ""2022"": 0.00156, ""2024"": 0.006897}",0.003329,0.00134129,Peprotech,Cat# 130-095-066,4
fluorobrite dmem,11,"2019,2020,2022,2023,2024,2025","{""2019"": 1, ""2020"": 2, ""2022"": 1, ""2023"": 1, ""2024"": 2, ""2025"": 4}","{""2019"": 0.001698, ""2020"": 0.003063, ""2022"": 0.00156, ""2023"": 0.001742, ""2024"": 0.004598, ""2025"": 0.007313}",0.003329,0.00068302,Gibco,A1896701,4
halt protease inhibitor,10,"2019,2021,2022,2023,2025","{""2019"": 2, ""2021"": 1, ""2022"": 3, ""2023"": 1, ""2025"": 3}","{""2019"": 0.003396, ""2021"": 0.001339, ""2022"": 0.00468, ""2023"": 0.001742, ""2025"": 0.005484}",0.003328,0.0003335,ThermoFisher,Cat#78430,9
methanol-free formaldehyde,6,"2019,2020,2025","{""2019"": 3, ""2020"": 2, ""2025"": 1}","{""2019"": 0.005093, ""2020"": 0.003063, ""2025"": 0.001828}",0.003328,-0.00044831,Thermo Fisher Scientific,Cat# 10751395,3
imiquimod,7,"2017,2019,2020,2023,2025","{""2017"": 1, ""2019"": 1, ""2020"": 1, ""2023"": 1, ""2025"": 3}","{""2017"": 0.006173, ""2019"": 0.001698, ""2020"": 0.001531, ""2023"": 0.001742, ""2025"": 0.005484}",0.003326,-2.133e-05,Invivogen,Cat#tlrl-imqs-1,6
medetomidine,8,"2017,2018,2021,2022,2023,2024","{""2017"": 1, ""2018"": 2, ""2021"": 1, ""2022"": 2, ""2023"": 1, ""2024"": 1}","{""2017"": 0.006173, ""2018"": 0.005277, ""2021"": 0.001339, ""2022"": 0.00312, ""2023"": 0.001742, ""2024"": 0.002299}",0.003325,-0.00061021,Virbac AG,Cat#QN05CM91,5
tryptic soy broth,12,"2018,2020,2021,2022,2023,2024,2025","{""2018"": 2, ""2020"": 1, ""2021"": 1, ""2022"": 1, ""2023"": 2, ""2024"": 2, ""2025"": 3}","{""2018"": 0.005277, ""2020"": 0.001531, ""2021"": 0.001339, ""2022"": 0.00156, ""2023"": 0.003484, ""2024"": 0.004598, ""2025"": 0.005484}",0.003325,0.00019934,Sigma-Aldrich,Cat# T8907,6
galactose,9,"2020,2022,2023,2024,2025","{""2020"": 3, ""2022"": 1, ""2023"": 1, ""2024"": 3, ""2025"": 1}","{""2020"": 0.004594, ""2022"": 0.00156, ""2023"": 0.001742, ""2024"": 0.006897, ""2025"": 0.001828}",0.003324,-9.902e-05,Sigma,Cat#G5388,7
fugene® hd transfection reagent,11,"2019,2020,2021,2022,2023","{""2019"": 3, ""2020"": 1, ""2021"": 5, ""2022"": 1, ""2023"": 1}","{""2019"": 0.005093, ""2020"": 0.001531, ""2021"": 0.006693, ""2022"": 0.00156, ""2023"": 0.001742}",0.003324,-0.00066738,Promega,Cat#E2311,2
1-step ultra tmb-elisa substrate solution,9,"2020,2021,2022,2023","{""2020"": 3, ""2021"": 4, ""2022"": 1, ""2023"": 1}","{""2020"": 0.004594, ""2021"": 0.005355, ""2022"": 0.00156, ""2023"": 0.001742}",0.003313,-0.00123508,Thermo Fisher Scientific,Cat# 34029,2
mes,13,"2018,2019,2020,2021,2022,2023,2024","{""2018"": 2, ""2019"": 1, ""2020"": 2, ""2021"": 2, ""2022"": 3, ""2023"": 2, ""2024"": 1}","{""2018"": 0.005277, ""2019"": 0.001698, ""2020"": 0.003063, ""2021"": 0.002677, ""2022"": 0.00468, ""2023"": 0.003484, ""2024"": 0.002299}",0.003311,-0.00013372,Sigma,Cat#M8250,10
rpmi1640,12,"2019,2020,2021,2022,2023,2025","{""2019"": 3, ""2020"": 2, ""2021"": 1, ""2022"": 2, ""2023"": 1, ""2025"": 3}","{""2019"": 0.005093, ""2020"": 0.003063, ""2021"": 0.001339, ""2022"": 0.00312, ""2023"": 0.001742, ""2025"": 0.005484}",0.003307,8.85e-05,Thermo Fisher Scientific,Cat#: 11835055,11
benzyl alcohol,12,"2019,2020,2021,2022,2023,2024","{""2019"": 2, ""2020"": 1, ""2021"": 2, ""2022"": 3, ""2023"": 3, ""2024"": 1}","{""2019"": 0.003396, ""2020"": 0.001531, ""2021"": 0.002677, ""2022"": 0.00468, ""2023"": 0.005226, ""2024"": 0.002299}",0.003302,0.00021727,Sigma-Aldrich,Cat# 24122-2.5L-M,7
rlt buffer,11,"2020,2021,2022,2023,2024,2025","{""2020"": 3, ""2021"": 1, ""2022"": 1, ""2023"": 1, ""2024"": 3, ""2025"": 2}","{""2020"": 0.004594, ""2021"": 0.001339, ""2022"": 0.00156, ""2023"": 0.001742, ""2024"": 0.006897, ""2025"": 0.003656}",0.003298,0.00034761,Qiagen,Cat#79216,1
myriocin,5,"2017,2018,2019,2021","{""2017"": 1, ""2018"": 1, ""2019"": 1, ""2021"": 2}","{""2017"": 0.006173, ""2018"": 0.002639, ""2019"": 0.001698, ""2021"": 0.002677}",0.003297,-0.00072375,Sigma,M1177,3
sodium pyrophosphate,5,"2017,2018,2019,2021","{""2017"": 1, ""2018"": 1, ""2019"": 1, ""2021"": 2}","{""2017"": 0.006173, ""2018"": 0.002639, ""2019"": 0.001698, ""2021"": 0.002677}",0.003297,-0.00072375,Sigma-Aldrich,221368-500G,2
cycloheximide (chx),11,"2018,2019,2021,2022,2023,2025","{""2018"": 1, ""2019"": 1, ""2021"": 1, ""2022"": 1, ""2023"": 3, ""2025"": 4}","{""2018"": 0.002639, ""2019"": 0.001698, ""2021"": 0.001339, ""2022"": 0.00156, ""2023"": 0.005226, ""2025"": 0.007313}",0.003296,0.00070083,Sigma-Aldrich,AC357420010,8
gdp,7,"2021,2022,2024,2025","{""2021"": 1, ""2022"": 2, ""2024"": 3, ""2025"": 1}","{""2021"": 0.001339, ""2022"": 0.00312, ""2024"": 0.006897, ""2025"": 0.001828}",0.003296,0.00047554,Sigma-Aldrich,Cat# G7127,3
elastase,12,"2019,2020,2021,2022,2023,2024","{""2019"": 2, ""2020"": 4, ""2021"": 1, ""2022"": 2, ""2023"": 2, ""2024"": 1}","{""2019"": 0.003396, ""2020"": 0.006126, ""2021"": 0.001339, ""2022"": 0.00312, ""2023"": 0.003484, ""2024"": 0.002299}",0.003294,-0.00033217,Promega,Cat# LS002292,8
penicillin,10,"2019,2021,2022,2023,2024","{""2019"": 3, ""2021"": 3, ""2022"": 1, ""2023"": 2, ""2024"": 1}","{""2019"": 0.005093, ""2021"": 0.004016, ""2022"": 0.00156, ""2023"": 0.003484, ""2024"": 0.002299}",0.003291,-0.00053538,Sigma-Aldrich,Cat# P3032-10MI,7
np40,12,"2018,2019,2020,2021,2022,2024","{""2018"": 1, ""2019"": 1, ""2020"": 2, ""2021"": 4, ""2022"": 3, ""2024"": 1}","{""2018"": 0.002639, ""2019"": 0.001698, ""2020"": 0.003063, ""2021"": 0.005355, ""2022"": 0.00468, ""2024"": 0.002299}",0.003289,0.00016202,Sigma-Aldrich,Cat# 11332473001,9
recombinant murine gm-csf,12,"2019,2020,2021,2022,2023,2024","{""2019"": 3, ""2020"": 2, ""2021"": 2, ""2022"": 2, ""2023"": 2, ""2024"": 1}","{""2019"": 0.005093, ""2020"": 0.003063, ""2021"": 0.002677, ""2022"": 0.00312, ""2023"": 0.003484, ""2024"": 0.002299}",0.003289,-0.00035044,Peprotech,Cat# 315-03,2
il-3,9,"2019,2021,2023,2024,2025","{""2019"": 3, ""2021"": 1, ""2023"": 1, ""2024"": 2, ""2025"": 2}","{""2019"": 0.005093, ""2021"": 0.001339, ""2023"": 0.001742, ""2024"": 0.004598, ""2025"": 0.003656}",0.003286,-5.533e-05,Peprotech,Cat# 200-03,7
rnaseh,10,"2019,2020,2021,2023,2025","{""2019"": 3, ""2020"": 3, ""2021"": 1, ""2023"": 1, ""2025"": 2}","{""2019"": 0.005093, ""2020"": 0.004594, ""2021"": 0.001339, ""2023"": 0.001742, ""2025"": 0.003656}",0.003285,-0.0002813,Thermo Fisher Scientific,M0297L,7
ripa,9,"2019,2020,2021,2022,2024","{""2019"": 3, ""2020"": 1, ""2021"": 1, ""2022"": 1, ""2024"": 3}","{""2019"": 0.005093, ""2020"": 0.001531, ""2021"": 0.001339, ""2022"": 0.00156, ""2024"": 0.006897}",0.003284,0.0004897,Beyotime,Cat#89901,6
cyclohexamide,8,"2018,2019,2021,2023","{""2018"": 1, ""2019"": 2, ""2021"": 4, ""2023"": 1}","{""2018"": 0.002639, ""2019"": 0.003396, ""2021"": 0.005355, ""2023"": 0.001742}",0.003283,-9.316e-05,Sigma,Cat#C7698,6
recombinant human bmp4,13,"2018,2019,2020,2021,2023,2024,2025","{""2018"": 1, ""2019"": 2, ""2020"": 4, ""2021"": 1, ""2023"": 2, ""2024"": 1, ""2025"": 2}","{""2018"": 0.002639, ""2019"": 0.003396, ""2020"": 0.006126, ""2021"": 0.001339, ""2023"": 0.003484, ""2024"": 0.002299, ""2025"": 0.003656}",0.003277,-5.208e-05,R&D Systems,Cat#314-BP,9
clozapine n-oxide (cno),7,"2018,2021,2024,2025","{""2018"": 1, ""2021"": 2, ""2024"": 1, ""2025"": 3}","{""2018"": 0.002639, ""2021"": 0.002677, ""2024"": 0.002299, ""2025"": 0.005484}",0.003275,0.00026065,Sigma,Cat #C0832,5
sytox blue dead cell stain,6,"2019,2022,2023","{""2019"": 2, ""2022"": 3, ""2023"": 1}","{""2019"": 0.003396, ""2022"": 0.00468, ""2023"": 0.001742}",0.003273,-0.00021915,ThermoFisher Scientific,Cat#S34857,2
t4 rna ligase 1,13,"2017,2018,2019,2020,2021,2022,2023,2025","{""2017"": 1, ""2018"": 1, ""2019"": 2, ""2020"": 1, ""2021"": 3, ""2022"": 2, ""2023"": 2, ""2025"": 1}","{""2017"": 0.006173, ""2018"": 0.002639, ""2019"": 0.003396, ""2020"": 0.001531, ""2021"": 0.004016, ""2022"": 0.00312, ""2023"": 0.003484, ""2025"": 0.001828}",0.003273,-0.00027485,NEB,Cat# M0204S,6
mayer’s hematoxylin solution,5,"2017,2019,2022,2025","{""2017"": 1, ""2019"": 1, ""2022"": 1, ""2025"": 2}","{""2017"": 0.006173, ""2019"": 0.001698, ""2022"": 0.00156, ""2025"": 0.003656}",0.003272,-0.00023483,Sigma-Aldrich,Cat. No. MHS16,3
xf calibrant solution,5,"2022,2024,2025","{""2022"": 1, ""2024"": 2, ""2025"": 2}","{""2022"": 0.00156, ""2024"": 0.004598, ""2025"": 0.003656}",0.003271,0.0008159,Agilent,Cat# 100840-000,1
antimycin,10,"2017,2018,2019,2021,2022,2023,2024","{""2017"": 1, ""2018"": 1, ""2019"": 1, ""2021"": 1, ""2022"": 3, ""2023"": 1, ""2024"": 2}","{""2017"": 0.006173, ""2018"": 0.002639, ""2019"": 0.001698, ""2021"": 0.001339, ""2022"": 0.00468, ""2023"": 0.001742, ""2024"": 0.004598}",0.003267,-0.00010175,Sigma,Cat# A8674,3
complete edta-free protease inhibitor,6,"2017,2018,2019,2024,2025","{""2017"": 1, ""2018"": 1, ""2019"": 2, ""2024"": 1, ""2025"": 1}","{""2017"": 0.006173, ""2018"": 0.002639, ""2019"": 0.003396, ""2024"": 0.002299, ""2025"": 0.001828}",0.003267,-0.00035066,Roche,11 873 580 001,5
buffer eb,12,"2019,2020,2021,2022,2023,2025","{""2019"": 1, ""2020"": 1, ""2021"": 3, ""2022"": 1, ""2023"": 2, ""2025"": 4}","{""2019"": 0.001698, ""2020"": 0.001531, ""2021"": 0.004016, ""2022"": 0.00156, ""2023"": 0.003484, ""2025"": 0.007313}",0.003267,0.00084789,QIAGEN,Cat#19086,1
dapi solution (1 mg/ml),5,"2021,2022,2024","{""2021"": 1, ""2022"": 1, ""2024"": 3}","{""2021"": 0.001339, ""2022"": 0.00156, ""2024"": 0.006897}",0.003265,0.00196914,Thermo Fisher Scientific,62248,1
apv,12,"2017,2018,2019,2020,2021,2022,2023,2024","{""2017"": 1, ""2018"": 1, ""2019"": 1, ""2020"": 2, ""2021"": 1, ""2022"": 2, ""2023"": 2, ""2024"": 2}","{""2017"": 0.006173, ""2018"": 0.002639, ""2019"": 0.001698, ""2020"": 0.003063, ""2021"": 0.001339, ""2022"": 0.00312, ""2023"": 0.003484, ""2024"": 0.004598}",0.003264,-5.064e-05,Tocris,Cat# A5282,9
nms-873,9,"2017,2019,2020,2021,2024,2025","{""2017"": 1, ""2019"": 1, ""2020"": 2, ""2021"": 2, ""2024"": 1, ""2025"": 2}","{""2017"": 0.006173, ""2019"": 0.001698, ""2020"": 0.003063, ""2021"": 0.002677, ""2024"": 0.002299, ""2025"": 0.003656}",0.003261,-0.0002093,Selleckchem,Cat# S7285,5
pexidartinib (plx3397),5,"2019,2023,2024","{""2019"": 1, ""2023"": 2, ""2024"": 2}","{""2019"": 0.001698, ""2023"": 0.003484, ""2024"": 0.004598}",0.00326,0.00054188,Plexxikon,CAS: 1029044-16-3,5
dynabeads protein a for immunoprecipitation,6,"2018,2021,2024,2025","{""2018"": 2, ""2021"": 1, ""2024"": 2, ""2025"": 1}","{""2018"": 0.005277, ""2021"": 0.001339, ""2024"": 0.004598, ""2025"": 0.001828}",0.00326,-0.0002589,Invitrogen,10002D,3
recombinant murine il-7,8,"2019,2020,2022,2023","{""2019"": 2, ""2020"": 3, ""2022"": 1, ""2023"": 2}","{""2019"": 0.003396, ""2020"": 0.004594, ""2022"": 0.00156, ""2023"": 0.003484}",0.003259,-0.00028566,Peprotech,Cat# 217-17,2
4-hydroxytamoxifen (4-oht),7,"2019,2022,2023,2024","{""2019"": 2, ""2022"": 1, ""2023"": 2, ""2024"": 2}","{""2019"": 0.003396, ""2022"": 0.00156, ""2023"": 0.003484, ""2024"": 0.004598}",0.003259,0.00017807,Sigma-Aldrich,H7904,2
normal goat serum (ngs),11,"2017,2019,2020,2021,2022,2023,2025","{""2017"": 1, ""2019"": 1, ""2020"": 2, ""2021"": 1, ""2022"": 1, ""2023"": 2, ""2025"": 3}","{""2017"": 0.006173, ""2019"": 0.001698, ""2020"": 0.003063, ""2021"": 0.001339, ""2022"": 0.00156, ""2023"": 0.003484, ""2025"": 0.005484}",0.003257,-1.627e-05,Vector Laboratories,Cat# 31873,7
guanosine 5′-triphosphate sodium salt hydrate,5,"2017,2018,2020,2021","{""2017"": 1, ""2018"": 1, ""2020"": 1, ""2021"": 2}","{""2017"": 0.006173, ""2018"": 0.002639, ""2020"": 0.001531, ""2021"": 0.002677}",0.003255,-0.00080981,Sigma-Aldrich,G8877,1
"fetal bovine serum, ultra-low igg",8,"2018,2020,2021,2023","{""2018"": 1, ""2020"": 3, ""2021"": 3, ""2023"": 1}","{""2018"": 0.002639, ""2020"": 0.004594, ""2021"": 0.004016, ""2023"": 0.001742}",0.003248,-0.00019461,Thermo Fisher Scientific,Cat# 16250078,1
brefeldin a solution,10,"2020,2021,2022,2023,2025","{""2020"": 2, ""2021"": 1, ""2022"": 3, ""2023"": 2, ""2025"": 2}","{""2020"": 0.003063, ""2021"": 0.001339, ""2022"": 0.00468, ""2023"": 0.003484, ""2025"": 0.003656}",0.003244,0.00025301,BioLegend,00–4506-51,5
"fetal bovine serum, charcoal stripped",6,"2019,2020,2023","{""2019"": 2, ""2020"": 3, ""2023"": 1}","{""2019"": 0.003396, ""2020"": 0.004594, ""2023"": 0.001742}",0.003244,-0.00053735,GIBCO,Cat # 12676029,3
recombinant mouse il-12,6,"2019,2021,2025","{""2019"": 2, ""2021"": 2, ""2025"": 2}","{""2019"": 0.003396, ""2021"": 0.002677, ""2025"": 0.003656}",0.003243,7.221e-05,Peprotech,Cat. 210-12,3
octyl β-d-glucopyranoside,6,"2019,2021,2025","{""2019"": 2, ""2021"": 2, ""2025"": 2}","{""2019"": 0.003396, ""2021"": 0.002677, ""2025"": 0.003656}",0.003243,7.221e-05,Sigma-Aldrich,Cat#O8001,2
lauryl maltose neopentyl glycol,9,"2021,2022,2023,2024,2025","{""2021"": 1, ""2022"": 2, ""2023"": 2, ""2024"": 2, ""2025"": 2}","{""2021"": 0.001339, ""2022"": 0.00312, ""2023"": 0.003484, ""2024"": 0.004598, ""2025"": 0.003656}",0.003239,0.00061128,Anatrace,Cat# NG310,5
tissue-tek® o.c.t. compound,8,"2018,2019,2020,2021","{""2018"": 1, ""2019"": 1, ""2020"": 3, ""2021"": 3}","{""2018"": 0.002639, ""2019"": 0.001698, ""2020"": 0.004594, ""2021"": 0.004016}",0.003237,0.0007029,Sakura,4583,6
recombinant murine il-6,13,"2019,2020,2021,2022,2023,2024,2025","{""2019"": 2, ""2020"": 2, ""2021"": 1, ""2022"": 2, ""2023"": 2, ""2024"": 2, ""2025"": 2}","{""2019"": 0.003396, ""2020"": 0.003063, ""2021"": 0.001339, ""2022"": 0.00312, ""2023"": 0.003484, ""2024"": 0.004598, ""2025"": 0.003656}",0.003237,0.0002142,PeproTech,Cat# 216-16,6
countbright absolute counting beads,6,"2019,2021,2024","{""2019"": 2, ""2021"": 3, ""2024"": 1}","{""2019"": 0.003396, ""2021"": 0.004016, ""2024"": 0.002299}",0.003237,-0.00024722,ThermoFisher,C36950,2
37% formaldehyde solution,7,"2017,2018,2021,2022,2023","{""2017"": 1, ""2018"": 1, ""2021"": 3, ""2022"": 1, ""2023"": 1}","{""2017"": 0.006173, ""2018"": 0.002639, ""2021"": 0.004016, ""2022"": 0.00156, ""2023"": 0.001742}",0.003226,-0.00054697,Sigma-Aldrich,Cat#F8775,4
carboxymethylcellulose,6,"2021,2022,2025","{""2021"": 1, ""2022"": 3, ""2025"": 2}","{""2021"": 0.001339, ""2022"": 0.00468, ""2025"": 0.003656}",0.003225,0.00036694,Sigma-Aldrich,4888,5
sorafenib,5,"2017,2019,2020,2023","{""2017"": 1, ""2019"": 1, ""2020"": 1, ""2023"": 2}","{""2017"": 0.006173, ""2019"": 0.001698, ""2020"": 0.001531, ""2023"": 0.003484}",0.003222,-0.00034889,Selleckchem,Cat# SML2653,4
taqman universal pcr master mix,10,"2020,2021,2022,2023,2025","{""2020"": 2, ""2021"": 2, ""2022"": 1, ""2023"": 4, ""2025"": 1}","{""2020"": 0.003063, ""2021"": 0.002677, ""2022"": 0.00156, ""2023"": 0.006969, ""2025"": 0.001828}",0.003219,2.91e-05,Applied Biosystems,Cat#: 4305719,4
tmb,9,"2018,2020,2021,2022,2023","{""2018"": 2, ""2020"": 1, ""2021"": 2, ""2022"": 2, ""2023"": 2}","{""2018"": 0.005277, ""2020"": 0.001531, ""2021"": 0.002677, ""2022"": 0.00312, ""2023"": 0.003484}",0.003218,-0.00027403,SeraCare,Cat# 5120-0083,6
phosphate-buffered saline,8,"2020,2021,2023,2024","{""2020"": 2, ""2021"": 3, ""2023"": 2, ""2024"": 1}","{""2020"": 0.003063, ""2021"": 0.004016, ""2023"": 0.003484, ""2024"": 0.002299}",0.003216,-0.00020596,Corning,Cat# D1408-500ml,6
recombinant murine ifn-γ,11,"2019,2020,2021,2023,2024,2025","{""2019"": 1, ""2020"": 3, ""2021"": 1, ""2023"": 3, ""2024"": 2, ""2025"": 1}","{""2019"": 0.001698, ""2020"": 0.004594, ""2021"": 0.001339, ""2023"": 0.005226, ""2024"": 0.004598, ""2025"": 0.001828}",0.003214,0.00015307,Peprotech,Cat# 315-05,1
cytofix/cytoperm,15,"2018,2019,2020,2021,2022,2023,2024,2025","{""2018"": 1, ""2019"": 1, ""2020"": 3, ""2021"": 3, ""2022"": 1, ""2023"": 3, ""2024"": 1, ""2025"": 2}","{""2018"": 0.002639, ""2019"": 0.001698, ""2020"": 0.004594, ""2021"": 0.004016, ""2022"": 0.00156, ""2023"": 0.005226, ""2024"": 0.002299, ""2025"": 0.003656}",0.003211,0.00011394,BD Biosciences,Cat# 554714,9
fm4-64,12,"2018,2019,2020,2022,2023,2024,2025","{""2018"": 2, ""2019"": 2, ""2020"": 2, ""2022"": 2, ""2023"": 2, ""2024"": 1, ""2025"": 1}","{""2018"": 0.005277, ""2019"": 0.003396, ""2020"": 0.003063, ""2022"": 0.00312, ""2023"": 0.003484, ""2024"": 0.002299, ""2025"": 0.001828}",0.00321,-0.00034102,ThermoFisher,Cat# T13320,4
ifn-γ,7,"2017,2020,2021,2024,2025","{""2017"": 1, ""2020"": 2, ""2021"": 2, ""2024"": 1, ""2025"": 1}","{""2017"": 0.006173, ""2020"": 0.003063, ""2021"": 0.002677, ""2024"": 0.002299, ""2025"": 0.001828}",0.003208,-0.00048449,Peprotech,Cat# 315-05,6
cscl,11,"2019,2021,2022,2023,2024,2025","{""2019"": 3, ""2021"": 2, ""2022"": 1, ""2023"": 2, ""2024"": 2, ""2025"": 1}","{""2019"": 0.005093, ""2021"": 0.002677, ""2022"": 0.00156, ""2023"": 0.003484, ""2024"": 0.004598, ""2025"": 0.001828}",0.003207,-0.00026601,Sigma,Cat#C3309,5
pepstatin,12,"2017,2019,2020,2021,2022,2023,2024,2025","{""2017"": 1, ""2019"": 1, ""2020"": 2, ""2021"": 1, ""2022"": 1, ""2023"": 1, ""2024"": 2, ""2025"": 3}","{""2017"": 0.006173, ""2019"": 0.001698, ""2020"": 0.003063, ""2021"": 0.001339, ""2022"": 0.00156, ""2023"": 0.001742, ""2024"": 0.004598, ""2025"": 0.005484}",0.003207,9e-08,Sigma-Aldrich,CAT#2936.2,10
nadh,9,"2017,2019,2020,2021,2022,2025","{""2017"": 1, ""2019"": 4, ""2020"": 1, ""2021"": 1, ""2022"": 1, ""2025"": 1}","{""2017"": 0.006173, ""2019"": 0.006791, ""2020"": 0.001531, ""2021"": 0.001339, ""2022"": 0.00156, ""2025"": 0.001828}",0.003204,-0.00065692,Sigma,N8129,6
versene,9,"2020,2022,2023,2024,2025","{""2020"": 1, ""2022"": 1, ""2023"": 4, ""2024"": 1, ""2025"": 2}","{""2020"": 0.001531, ""2022"": 0.00156, ""2023"": 0.006969, ""2024"": 0.002299, ""2025"": 0.003656}",0.003203,0.00045002,Gibco,15040066,3
gfp-trap,7,"2018,2019,2022,2025","{""2018"": 1, ""2019"": 2, ""2022"": 2, ""2025"": 2}","{""2018"": 0.002639, ""2019"": 0.003396, ""2022"": 0.00312, ""2025"": 0.003656}",0.003203,0.00010129,Chromotek,gtma100,5
zombie nir,6,"2019,2021,2023","{""2019"": 1, ""2021"": 2, ""2023"": 3}","{""2019"": 0.001698, ""2021"": 0.002677, ""2023"": 0.005226}",0.003201,0.00088217,BioLegend,Cat# 423105,1
ultrapure agarose,13,"2018,2019,2020,2021,2023,2024,2025","{""2018"": 1, ""2019"": 1, ""2020"": 1, ""2021"": 4, ""2023"": 3, ""2024"": 1, ""2025"": 2}","{""2018"": 0.002639, ""2019"": 0.001698, ""2020"": 0.001531, ""2021"": 0.005355, ""2023"": 0.005226, ""2024"": 0.002299, ""2025"": 0.003656}",0.003201,0.00022847,Invitrogen,Cat# 16500500,5
5-fluoro-2′-deoxyuridine,5,"2017,2020,2023,2025","{""2017"": 1, ""2020"": 2, ""2023"": 1, ""2025"": 1}","{""2017"": 0.006173, ""2020"": 0.003063, ""2023"": 0.001742, ""2025"": 0.001828}",0.003201,-0.00054854,Sigma-Aldrich,Cat# L1497,3
protein a/g plus-agarose,5,"2021,2024,2025","{""2021"": 1, ""2024"": 2, ""2025"": 2}","{""2021"": 0.001339, ""2024"": 0.004598, ""2025"": 0.003656}",0.003198,0.00069639,Santa Cruz Biotechnology,Cat# sc-2003,3
linear acrylamide,10,"2018,2019,2021,2023,2024,2025","{""2018"": 1, ""2019"": 2, ""2021"": 2, ""2023"": 1, ""2024"": 3, ""2025"": 1}","{""2018"": 0.002639, ""2019"": 0.003396, ""2021"": 0.002677, ""2023"": 0.001742, ""2024"": 0.006897, ""2025"": 0.001828}",0.003196,0.00010155,Ambion,AM9520,4
4x nupage lds sample buffer,10,"2019,2020,2021,2022,2023","{""2019"": 1, ""2020"": 3, ""2021"": 1, ""2022"": 2, ""2023"": 3}","{""2019"": 0.001698, ""2020"": 0.004594, ""2021"": 0.001339, ""2022"": 0.00312, ""2023"": 0.005226}",0.003195,0.00055833,Invitrogen,Cat#NP0008,4
dopc,6,"2019,2020,2022","{""2019"": 2, ""2020"": 2, ""2022"": 2}","{""2019"": 0.003396, ""2020"": 0.003063, ""2022"": 0.00312}",0.003193,-7.461e-05,Avanti Polar Lipids,Cat#: https://www.sigmaaldrich.com/catalog/product/avanti/850375C,6
peg8000,6,"2019,2020,2022","{""2019"": 2, ""2020"": 2, ""2022"": 2}","{""2019"": 0.003396, ""2020"": 0.003063, ""2022"": 0.00312}",0.003193,-7.461e-05,Sigma,81268,6
apo-transferrin,7,"2017,2020,2021,2023,2024","{""2017"": 1, ""2020"": 2, ""2021"": 2, ""2023"": 1, ""2024"": 1}","{""2017"": 0.006173, ""2020"": 0.003063, ""2021"": 0.002677, ""2023"": 0.001742, ""2024"": 0.002299}",0.003191,-0.00057911,Sigma-Aldrich,Cat# T1147,1
draq5,12,"2019,2020,2021,2022,2023,2024","{""2019"": 2, ""2020"": 4, ""2021"": 3, ""2022"": 1, ""2023"": 1, ""2024"": 1}","{""2019"": 0.003396, ""2020"": 0.006126, ""2021"": 0.004016, ""2022"": 0.00156, ""2023"": 0.001742, ""2024"": 0.002299}",0.00319,-0.00060257,Abcam,Cat#ab108410,8
abt-737,6,"2020,2022,2025","{""2020"": 2, ""2022"": 3, ""2025"": 1}","{""2020"": 0.003063, ""2022"": 0.00468, ""2025"": 0.001828}",0.00319,-0.00030249,ApexBio,Cat# A8193,5
ac-yvad-cmk,5,"2017,2019,2021,2025","{""2017"": 1, ""2019"": 2, ""2021"": 1, ""2025"": 1}","{""2017"": 0.006173, ""2019"": 0.003396, ""2021"": 0.001339, ""2025"": 0.001828}",0.003184,-0.00050864,MedChemExpress,Cat#HY-16990,3
sp600125,8,"2017,2018,2019,2021,2022,2024","{""2017"": 1, ""2018"": 1, ""2019"": 3, ""2021"": 1, ""2022"": 1, ""2024"": 1}","{""2017"": 0.006173, ""2018"": 0.002639, ""2019"": 0.005093, ""2021"": 0.001339, ""2022"": 0.00156, ""2024"": 0.002299}",0.003184,-0.00052876,Tocris,1496,8
efavirenz,6,"2019,2021,2022","{""2019"": 3, ""2021"": 1, ""2022"": 2}","{""2019"": 0.005093, ""2021"": 0.001339, ""2022"": 0.00312}",0.003184,-0.00083198,"Division AIDS, NIAID",NIH AIDS Reagent Program Cat#4624,4
rifampicin,10,"2018,2019,2020,2021,2022,2025","{""2018"": 3, ""2019"": 2, ""2020"": 2, ""2021"": 1, ""2022"": 1, ""2025"": 1}","{""2018"": 0.007916, ""2019"": 0.003396, ""2020"": 0.003063, ""2021"": 0.001339, ""2022"": 0.00156, ""2025"": 0.001828}",0.003183,-0.00069874,Sigma-Aldrich,Cat#R3501,4
mitotracker green,12,"2018,2020,2021,2022,2023,2024,2025","{""2018"": 2, ""2020"": 1, ""2021"": 1, ""2022"": 3, ""2023"": 2, ""2024"": 1, ""2025"": 2}","{""2018"": 0.005277, ""2020"": 0.001531, ""2021"": 0.001339, ""2022"": 0.00468, ""2023"": 0.003484, ""2024"": 0.002299, ""2025"": 0.003656}",0.003181,-9.403e-05,Invitrogen,Cat# M7514,2
synthetic peptides,6,"2020,2022,2025","{""2020"": 3, ""2022"": 2, ""2025"": 1}","{""2020"": 0.004594, ""2022"": 0.00312, ""2025"": 0.001828}",0.003181,-0.00054353,TC Peptide Lab,https://tcpeptidelab.com/,5
fty720,9,"2018,2019,2021,2023,2025","{""2018"": 1, ""2019"": 1, ""2021"": 2, ""2023"": 3, ""2025"": 2}","{""2018"": 0.002639, ""2019"": 0.001698, ""2021"": 0.002677, ""2023"": 0.005226, ""2025"": 0.003656}",0.003179,0.0003228,Sigma-Aldrich,Catalog# SML0700-25MG,2
h89,11,"2020,2021,2022,2023,2024,2025","{""2020"": 1, ""2021"": 2, ""2022"": 2, ""2023"": 2, ""2024"": 2, ""2025"": 2}","{""2020"": 0.001531, ""2021"": 0.002677, ""2022"": 0.00312, ""2023"": 0.003484, ""2024"": 0.004598, ""2025"": 0.003656}",0.003178,0.00047856,Cayman Chemical,2910,6
clarity max western ecl substrate,7,"2021,2022,2024,2025","{""2021"": 1, ""2022"": 2, ""2024"": 2, ""2025"": 2}","{""2021"": 0.001339, ""2022"": 0.00312, ""2024"": 0.004598, ""2025"": 0.003656}",0.003178,0.00061128,BioRad,1705062,1
lymphocyte separation medium,9,"2018,2020,2021,2022,2023","{""2018"": 2, ""2020"": 2, ""2021"": 2, ""2022"": 2, ""2023"": 1}","{""2018"": 0.005277, ""2020"": 0.003063, ""2021"": 0.002677, ""2022"": 0.00312, ""2023"": 0.001742}",0.003176,-0.00061578,Corning,Cat# 25-072-CV,7
advanced dmem/f-12,13,"2018,2019,2020,2021,2022,2024,2025","{""2018"": 1, ""2019"": 1, ""2020"": 2, ""2021"": 1, ""2022"": 6, ""2024"": 1, ""2025"": 1}","{""2018"": 0.002639, ""2019"": 0.001698, ""2020"": 0.003063, ""2021"": 0.001339, ""2022"": 0.00936, ""2024"": 0.002299, ""2025"": 0.001828}",0.003175,7.217e-05,Thermo Fisher Scientific,Cat# 12634010,3
mitosox™ red,5,"2017,2019,2020,2023","{""2017"": 1, ""2019"": 1, ""2020"": 2, ""2023"": 1}","{""2017"": 0.006173, ""2019"": 0.001698, ""2020"": 0.003063, ""2023"": 0.001742}",0.003169,-0.00063045,Thermo Fisher Scientific,Cat# M36008,1
lipofectamine 3000 reagent,6,"2017,2019,2020,2024,2025","{""2017"": 1, ""2019"": 1, ""2020"": 1, ""2024"": 2, ""2025"": 1}","{""2017"": 0.006173, ""2019"": 0.001698, ""2020"": 0.001531, ""2024"": 0.004598, ""2025"": 0.001828}",0.003166,-0.00018506,ThermoFisher Scientific,Cat# L3000015,3
triton-x100,8,"2018,2022,2023,2024,2025","{""2018"": 2, ""2022"": 3, ""2023"": 1, ""2024"": 1, ""2025"": 1}","{""2018"": 0.005277, ""2022"": 0.00468, ""2023"": 0.001742, ""2024"": 0.002299, ""2025"": 0.001828}",0.003165,-0.00053474,Sigma-Aldrich,Cat# 93443,6
293fectin,5,"2017,2019,2020,2022","{""2017"": 1, ""2019"": 2, ""2020"": 1, ""2022"": 1}","{""2017"": 0.006173, ""2019"": 0.003396, ""2020"": 0.001531, ""2022"": 0.00156}",0.003165,-0.00095877,ThermoFisher Scientific,Cat# 12347500,2
random hexamer primer,7,"2020,2021,2024,2025","{""2020"": 2, ""2021"": 1, ""2024"": 2, ""2025"": 2}","{""2020"": 0.003063, ""2021"": 0.001339, ""2024"": 0.004598, ""2025"": 0.003656}",0.003164,0.00037484,Thermo Fisher Scientific,Cat# FERSO142,3
cycloheximide solution,7,"2020,2021,2024,2025","{""2020"": 2, ""2021"": 1, ""2024"": 2, ""2025"": 2}","{""2020"": 0.003063, ""2021"": 0.001339, ""2024"": 0.004598, ""2025"": 0.003656}",0.003164,0.00037484,Sigma,C4859,1
trehalose,5,"2018,2020,2021","{""2018"": 2, ""2020"": 1, ""2021"": 2}","{""2018"": 0.005277, ""2020"": 0.001531, ""2021"": 0.002677}",0.003162,-0.00101031,Sigma-Aldrich,Cat#T9531,2
ni-nta resin,7,"2017,2020,2021,2022,2025","{""2017"": 1, ""2020"": 2, ""2021"": 1, ""2022"": 1, ""2025"": 2}","{""2017"": 0.006173, ""2020"": 0.003063, ""2021"": 0.001339, ""2022"": 0.00156, ""2025"": 0.003656}",0.003158,-0.00034026,Qiagen,30210,5
harringtonine,6,"2020,2022,2023","{""2020"": 3, ""2022"": 2, ""2023"": 1}","{""2020"": 0.004594, ""2022"": 0.00312, ""2023"": 0.001742}",0.003152,-0.00092015,Santa Cruz,Cat# 15361,6
gelatin from porcine skin,7,"2021,2023,2024,2025","{""2021"": 1, ""2023"": 2, ""2024"": 1, ""2025"": 3}","{""2021"": 0.001339, ""2023"": 0.003484, ""2024"": 0.002299, ""2025"": 0.005484}",0.003152,0.00085015,Sigma-Aldrich,Cat# G1890,5
"t4 rna ligase 2, truncated",9,"2017,2018,2019,2020,2022,2024,2025","{""2017"": 1, ""2018"": 2, ""2019"": 2, ""2020"": 1, ""2022"": 1, ""2024"": 1, ""2025"": 1}","{""2017"": 0.006173, ""2018"": 0.005277, ""2019"": 0.003396, ""2020"": 0.001531, ""2022"": 0.00156, ""2024"": 0.002299, ""2025"": 0.001828}",0.003152,-0.000483,NEB,Cat#M0242,3
zm447439,6,"2021,2022,2025","{""2021"": 2, ""2022"": 2, ""2025"": 2}","{""2021"": 0.002677, ""2022"": 0.00312, ""2025"": 0.003656}",0.003151,0.0002295,Selleckchem,Cat# S1103,3
immpact dab peroxidase (hrp) substrate,8,"2018,2019,2020,2021,2022","{""2018"": 3, ""2019"": 2, ""2020"": 1, ""2021"": 1, ""2022"": 1}","{""2018"": 0.007916, ""2019"": 0.003396, ""2020"": 0.001531, ""2021"": 0.001339, ""2022"": 0.00156}",0.003148,-0.00147679,Vector Laboratories,Cat# SK-4105,2
rpa,6,"2018,2020,2023,2024","{""2018"": 2, ""2020"": 1, ""2023"": 2, ""2024"": 1}","{""2018"": 0.005277, ""2020"": 0.001531, ""2023"": 0.003484, ""2024"": 0.002299}",0.003148,-0.0002921,"Devbhandari et al., 2017",Cat#ME043.1,6
8% glutaraldehyde,6,"2019,2020,2022","{""2019"": 1, ""2020"": 2, ""2022"": 3}","{""2019"": 0.001698, ""2020"": 0.003063, ""2022"": 0.00468}",0.003147,0.00096764,Electron Microscopy Sciences,16019,3
emricasan,7,"2020,2023,2024,2025","{""2020"": 2, ""2023"": 1, ""2024"": 1, ""2025"": 3}","{""2020"": 0.003063, ""2023"": 0.001742, ""2024"": 0.002299, ""2025"": 0.005484}",0.003147,0.00029139,MedChemExpress,HY-10396,5
dtt (dithiothreitol),7,"2020,2023,2024,2025","{""2020"": 2, ""2023"": 1, ""2024"": 1, ""2025"": 3}","{""2020"": 0.003063, ""2023"": 0.001742, ""2024"": 0.002299, ""2025"": 0.005484}",0.003147,0.00029139,ThermoFisher Scientific,Cat#R0861,5
csoh,7,"2019,2021,2022,2024","{""2019"": 3, ""2021"": 1, ""2022"": 1, ""2024"": 2}","{""2019"": 0.005093, ""2021"": 0.001339, ""2022"": 0.00156, ""2024"": 0.004598}",0.003147,-8.681e-05,Sigma-Aldrich,Cat#C8518,4
protector rnase inhibitor,5,"2023,2024,2025","{""2023"": 2, ""2024"": 1, ""2025"": 2}","{""2023"": 0.003484, ""2024"": 0.002299, ""2025"": 0.003656}",0.003146,8.599e-05,Roche,Cat#3335399001,3
venetoclax,5,"2023,2024,2025","{""2023"": 2, ""2024"": 1, ""2025"": 2}","{""2023"": 0.003484, ""2024"": 0.002299, ""2025"": 0.003656}",0.003146,8.599e-05,MedChem Express,HY-15531,4
halt ™ protease and phosphatase inhibitor cocktail (100x),5,"2023,2024,2025","{""2023"": 2, ""2024"": 1, ""2025"": 2}","{""2023"": 0.003484, ""2024"": 0.002299, ""2025"": 0.003656}",0.003146,8.599e-05,Thermo Fisher Scientific,78444,4
"paraformaldehyde solution, 4% in pbs",5,"2023,2024,2025","{""2023"": 2, ""2024"": 1, ""2025"": 2}","{""2023"": 0.003484, ""2024"": 0.002299, ""2025"": 0.003656}",0.003146,8.599e-05,Fisher scientific,Cat# AAJ19943K2,4
dsp,10,"2018,2021,2022,2023,2024,2025","{""2018"": 2, ""2021"": 2, ""2022"": 1, ""2023"": 3, ""2024"": 1, ""2025"": 1}","{""2018"": 0.005277, ""2021"": 0.002677, ""2022"": 0.00156, ""2023"": 0.005226, ""2024"": 0.002299, ""2025"": 0.001828}",0.003145,-0.00037692,Thermo Fisher Scientific,Cat#22585,5
lipopolysaccharides from escherichia coli o55:b5,6,"2020,2022,2023","{""2020"": 4, ""2022"": 1, ""2023"": 1}","{""2020"": 0.006126, ""2022"": 0.00156, ""2023"": 0.001742}",0.003143,-0.00157851,Sigma-Aldrich,L2880,2
histopaque-1077,11,"2018,2019,2020,2021,2023,2024","{""2018"": 1, ""2019"": 3, ""2020"": 2, ""2021"": 3, ""2023"": 1, ""2024"": 1}","{""2018"": 0.002639, ""2019"": 0.005093, ""2020"": 0.003063, ""2021"": 0.004016, ""2023"": 0.001742, ""2024"": 0.002299}",0.003142,-0.00028481,Sigma,Cat# 10771,5
5-fluorouracil,12,"2018,2020,2021,2022,2023,2024,2025","{""2018"": 1, ""2020"": 1, ""2021"": 2, ""2022"": 1, ""2023"": 2, ""2024"": 2, ""2025"": 3}","{""2018"": 0.002639, ""2020"": 0.001531, ""2021"": 0.002677, ""2022"": 0.00156, ""2023"": 0.003484, ""2024"": 0.004598, ""2025"": 0.005484}",0.003139,0.00045838,Sigma-Aldrich,Cat# F6627,4
cell-id cisplatin,6,"2019,2020,2022","{""2019"": 1, ""2020"": 3, ""2022"": 2}","{""2019"": 0.001698, ""2020"": 0.004594, ""2022"": 0.00312}",0.003137,0.00030109,Fluidigm,Cat# 201064,1
poly i:c,6,"2019,2020,2022","{""2019"": 1, ""2020"": 3, ""2022"": 2}","{""2019"": 0.001698, ""2020"": 0.004594, ""2022"": 0.00312}",0.003137,0.00030109,Invivogen,Cat# tlrl-pic,3
phosphocreatine,5,"2017,2020,2021,2023","{""2017"": 1, ""2020"": 1, ""2021"": 1, ""2023"": 2}","{""2017"": 0.006173, ""2020"": 0.001531, ""2021"": 0.001339, ""2023"": 0.003484}",0.003132,-0.0005258,Sigma,Cat#P1937; CAS: 108321-17-1,3
benzonase® nuclease,10,"2019,2020,2021,2022,2023","{""2019"": 1, ""2020"": 1, ""2021"": 2, ""2022"": 4, ""2023"": 2}","{""2019"": 0.001698, ""2020"": 0.001531, ""2021"": 0.002677, ""2022"": 0.00624, ""2023"": 0.003484}",0.003126,0.00082819,Sigma-Aldrich,E1014-5KU,4
menadione,8,"2017,2019,2020,2022,2024,2025","{""2017"": 1, ""2019"": 1, ""2020"": 1, ""2022"": 1, ""2024"": 1, ""2025"": 3}","{""2017"": 0.006173, ""2019"": 0.001698, ""2020"": 0.001531, ""2022"": 0.00156, ""2024"": 0.002299, ""2025"": 0.005484}",0.003124,-5.014e-05,Sigma-Aldrich,M5625-25G,5
uracil,8,"2018,2019,2020,2023,2024","{""2018"": 2, ""2019"": 1, ""2020"": 3, ""2023"": 1, ""2024"": 1}","{""2018"": 0.005277, ""2019"": 0.001698, ""2020"": 0.004594, ""2023"": 0.001742, ""2024"": 0.002299}",0.003122,-0.000385,Sigma-Aldrich,Cat. #94220,4
ml141,5,"2018,2020,2025","{""2018"": 1, ""2020"": 2, ""2025"": 2}","{""2018"": 0.002639, ""2020"": 0.003063, ""2025"": 0.003656}",0.003119,0.00014026,SelleckChem,Cat#S7686; CAS#71203-35-5,4
penstrep,5,"2018,2020,2025","{""2018"": 1, ""2020"": 2, ""2025"": 2}","{""2018"": 0.002639, ""2020"": 0.003063, ""2025"": 0.003656}",0.003119,0.00014026,Gibco,Cat# 15140–122,3
supersignal ™ west dura extended duration substrate,5,"2023,2024,2025","{""2023"": 3, ""2024"": 1, ""2025"": 1}","{""2023"": 0.005226, ""2024"": 0.002299, ""2025"": 0.001828}",0.003118,-0.00169916,Thermo Fisher Scientific,34075,2
suc-llvy-amc,5,"2019,2024,2025","{""2019"": 2, ""2024"": 1, ""2025"": 2}","{""2019"": 0.003396, ""2024"": 0.002299, ""2025"": 0.003656}",0.003117,-4.132e-05,"R&D Systems, Inc.",BML-P802-0005,5
trueblue peroxidase substrate,10,"2020,2021,2022,2023,2025","{""2020"": 3, ""2021"": 3, ""2022"": 1, ""2023"": 1, ""2025"": 2}","{""2020"": 0.004594, ""2021"": 0.004016, ""2022"": 0.00156, ""2023"": 0.001742, ""2025"": 0.003656}",0.003114,-0.00024372,SeraCare,Cat#5510-0030,7
2-mercaptoethanol (50 mm),7,"2018,2020,2022,2025","{""2018"": 1, ""2020"": 3, ""2022"": 1, ""2025"": 2}","{""2018"": 0.002639, ""2020"": 0.004594, ""2022"": 0.00156, ""2025"": 0.003656}",0.003112,2.106e-05,Thermo Fisher Scientific,Cat# 31350010,1
recombinant human il-3,11,"2018,2020,2021,2023,2024,2025","{""2018"": 1, ""2020"": 2, ""2021"": 4, ""2023"": 2, ""2024"": 1, ""2025"": 1}","{""2018"": 0.002639, ""2020"": 0.003063, ""2021"": 0.005355, ""2023"": 0.003484, ""2024"": 0.002299, ""2025"": 0.001828}",0.003111,-0.00015378,PeproTech,Cat#160-01,8
2-dg,6,"2019,2021,2022","{""2019"": 3, ""2021"": 2, ""2022"": 1}","{""2019"": 0.005093, ""2021"": 0.002677, ""2022"": 0.00156}",0.00311,-0.00118209,Sigma,Cat# D8375,2
fixable viability dye efluor780,11,"2017,2018,2019,2020,2022,2023,2024,2025","{""2017"": 1, ""2018"": 1, ""2019"": 1, ""2020"": 1, ""2022"": 1, ""2023"": 2, ""2024"": 1, ""2025"": 3}","{""2017"": 0.006173, ""2018"": 0.002639, ""2019"": 0.001698, ""2020"": 0.001531, ""2022"": 0.00156, ""2023"": 0.003484, ""2024"": 0.002299, ""2025"": 0.005484}",0.003109,-2.85e-06,eBioscience,Cat#65-0865-14,7
sr95531 (gabazine),7,"2019,2022,2023,2024","{""2019"": 3, ""2022"": 1, ""2023"": 2, ""2024"": 1}","{""2019"": 0.005093, ""2022"": 0.00156, ""2023"": 0.003484, ""2024"": 0.002299}",0.003109,-0.00051415,Abcam,Cat# ab120042,3
sodium azide (nan 3 ),6,"2019,2020,2021","{""2019"": 2, ""2020"": 3, ""2021"": 1}","{""2019"": 0.003396, ""2020"": 0.004594, ""2021"": 0.001339}",0.003109,-0.00102845,Sigma-Aldrich,S2002,3
k-gluconate,8,"2018,2020,2022,2024,2025","{""2018"": 1, ""2020"": 1, ""2022"": 2, ""2024"": 2, ""2025"": 2}","{""2018"": 0.002639, ""2020"": 0.001531, ""2022"": 0.00312, ""2024"": 0.004598, ""2025"": 0.003656}",0.003109,0.0002944,Sigma-Aldrich,G4500,2
heat-inactivated fbs,5,"2020,2024,2025","{""2020"": 1, ""2024"": 1, ""2025"": 3}","{""2020"": 0.001531, ""2024"": 0.002299, ""2025"": 0.005484}",0.003105,0.00061954,Sigma F4135,Cat#F4135,5
formaldehyde 37%,10,"2019,2021,2022,2023,2025","{""2019"": 1, ""2021"": 3, ""2022"": 4, ""2023"": 1, ""2025"": 1}","{""2019"": 0.001698, ""2021"": 0.004016, ""2022"": 0.00624, ""2023"": 0.001742, ""2025"": 0.001828}",0.003105,-9.414e-05,Thermo Fischer Scientific,Cat# F79-500,5
recombinant human vegf,5,"2020,2024,2025","{""2020"": 1, ""2024"": 1, ""2025"": 3}","{""2020"": 0.001531, ""2024"": 0.002299, ""2025"": 0.005484}",0.003105,0.00061954,R&D Systems,Cat#293-VE-010,5
growth factor-reduced matrigel,5,"2020,2024,2025","{""2020"": 1, ""2024"": 1, ""2025"": 3}","{""2020"": 0.001531, ""2024"": 0.002299, ""2025"": 0.005484}",0.003105,0.00061954,Corning,354230,3
antibody diluent,9,"2018,2020,2021,2023,2025","{""2018"": 1, ""2020"": 2, ""2021"": 2, ""2023"": 2, ""2025"": 2}","{""2018"": 0.002639, ""2020"": 0.003063, ""2021"": 0.002677, ""2023"": 0.003484, ""2025"": 0.003656}",0.003104,0.00015095,Agilent,S080981-2,10
human chorionic gonadotropin,7,"2017,2019,2020,2021,2023","{""2017"": 1, ""2019"": 2, ""2020"": 1, ""2021"": 2, ""2023"": 1}","{""2017"": 0.006173, ""2019"": 0.003396, ""2020"": 0.001531, ""2021"": 0.002677, ""2023"": 0.001742}",0.003104,-0.00070051,Intervet,Ovogest 1500,5
celltrace violet,14,"2018,2019,2020,2021,2022,2023,2024,2025","{""2018"": 1, ""2019"": 2, ""2020"": 3, ""2021"": 1, ""2022"": 3, ""2023"": 1, ""2024"": 2, ""2025"": 1}","{""2018"": 0.002639, ""2019"": 0.003396, ""2020"": 0.004594, ""2021"": 0.001339, ""2022"": 0.00468, ""2023"": 0.001742, ""2024"": 0.004598, ""2025"": 0.001828}",0.003102,-5.805e-05,Thermo Fisher Scientific,Cat# C34557,4
iscript cdna synthesis kit,12,"2018,2019,2020,2021,2022,2023,2025","{""2018"": 2, ""2019"": 2, ""2020"": 1, ""2021"": 2, ""2022"": 1, ""2023"": 1, ""2025"": 3}","{""2018"": 0.005277, ""2019"": 0.003396, ""2020"": 0.001531, ""2021"": 0.002677, ""2022"": 0.00156, ""2023"": 0.001742, ""2025"": 0.005484}",0.003095,-7.66e-06,Bio-Rad,1708891,4
n2b27,5,"2017,2019,2021,2025","{""2017"": 1, ""2019"": 1, ""2021"": 2, ""2025"": 1}","{""2017"": 0.006173, ""2019"": 0.001698, ""2021"": 0.002677, ""2025"": 0.001828}",0.003094,-0.00041675,Made in-house,SCS-SF- NB-02,3
docetaxel,6,"2018,2019,2023,2024","{""2018"": 1, ""2019"": 2, ""2023"": 1, ""2024"": 2}","{""2018"": 0.002639, ""2019"": 0.003396, ""2023"": 0.001742, ""2024"": 0.004598}",0.003093,9.887e-05,MedChemExpress,Cat# HY-B0011,6
"dispase ii, powder",6,"2018,2019,2023,2024","{""2018"": 1, ""2019"": 2, ""2023"": 1, ""2024"": 2}","{""2018"": 0.002639, ""2019"": 0.003396, ""2023"": 0.001742, ""2024"": 0.004598}",0.003093,9.887e-05,Thermo Fisher Scientific,Cat# 17105041,2
normal mouse serum,10,"2018,2021,2022,2023,2024,2025","{""2018"": 1, ""2021"": 1, ""2022"": 1, ""2023"": 3, ""2024"": 1, ""2025"": 3}","{""2018"": 0.002639, ""2021"": 0.001339, ""2022"": 0.00156, ""2023"": 0.005226, ""2024"": 0.002299, ""2025"": 0.005484}",0.003091,0.00036628,ThermoFisher,Cat# 10410,5
superscript iv,8,"2020,2021,2024,2025","{""2020"": 1, ""2021"": 5, ""2024"": 1, ""2025"": 1}","{""2020"": 0.001531, ""2021"": 0.006693, ""2024"": 0.002299, ""2025"": 0.001828}",0.003088,-0.00034412,Invitrogen,18090050,4
fixable viability dye,5,"2018,2019,2020","{""2018"": 1, ""2019"": 3, ""2020"": 1}","{""2018"": 0.002639, ""2019"": 0.005093, ""2020"": 0.001531}",0.003088,-0.00055356,eBioscience,Cat# 65-0866-14,4
zymolyase,8,"2017,2018,2019,2020,2021,2023","{""2017"": 1, ""2018"": 1, ""2019"": 3, ""2020"": 1, ""2021"": 1, ""2023"": 1}","{""2017"": 0.006173, ""2018"": 0.002639, ""2019"": 0.005093, ""2020"": 0.001531, ""2021"": 0.001339, ""2023"": 0.001742}",0.003086,-0.0006922,MP Biomedicals,Cat# 8320932,8
mnase,12,"2019,2020,2021,2022,2023,2024,2025","{""2019"": 1, ""2020"": 1, ""2021"": 2, ""2022"": 1, ""2023"": 1, ""2024"": 3, ""2025"": 3}","{""2019"": 0.001698, ""2020"": 0.001531, ""2021"": 0.002677, ""2022"": 0.00156, ""2023"": 0.001742, ""2024"": 0.006897, ""2025"": 0.005484}",0.003084,0.00075554,NEB,Cat# LS004797,9
ip lysis buffer,6,"2017,2021,2022,2023,2024","{""2017"": 1, ""2021"": 1, ""2022"": 1, ""2023"": 1, ""2024"": 2}","{""2017"": 0.006173, ""2021"": 0.001339, ""2022"": 0.00156, ""2023"": 0.001742, ""2024"": 0.004598}",0.003082,-0.00041159,ThermoFisher,Cat#87788,2
taurine,11,"2019,2020,2021,2023,2024,2025","{""2019"": 3, ""2020"": 2, ""2021"": 2, ""2023"": 2, ""2024"": 1, ""2025"": 1}","{""2019"": 0.005093, ""2020"": 0.003063, ""2021"": 0.002677, ""2023"": 0.003484, ""2024"": 0.002299, ""2025"": 0.001828}",0.003074,-0.00037559,Sigma,Cat#T8691,7
hypoxanthine,7,"2017,2019,2020,2021,2022","{""2017"": 1, ""2019"": 1, ""2020"": 3, ""2021"": 1, ""2022"": 1}","{""2017"": 0.006173, ""2019"": 0.001698, ""2020"": 0.004594, ""2021"": 0.001339, ""2022"": 0.00156}",0.003073,-0.00085708,Sigma-Aldrich,Cat#H9377; CAS:68-94-0,3
insulin-transferrin-selenium,8,"2017,2020,2022,2023,2024,2025","{""2017"": 1, ""2020"": 1, ""2022"": 2, ""2023"": 2, ""2024"": 1, ""2025"": 1}","{""2017"": 0.006173, ""2020"": 0.001531, ""2022"": 0.00312, ""2023"": 0.003484, ""2024"": 0.002299, ""2025"": 0.001828}",0.003073,-0.00040361,Thermo Fisher Scientific,Cat# 41400-045,4
ifnγ,14,"2018,2019,2020,2021,2022,2023,2024,2025","{""2018"": 1, ""2019"": 2, ""2020"": 1, ""2021"": 1, ""2022"": 4, ""2023"": 2, ""2024"": 1, ""2025"": 2}","{""2018"": 0.002639, ""2019"": 0.003396, ""2020"": 0.001531, ""2021"": 0.001339, ""2022"": 0.00624, ""2023"": 0.003484, ""2024"": 0.002299, ""2025"": 0.003656}",0.003073,0.00014763,Peprotech,Cat# 300-02,9
sb 431542,6,"2018,2019,2023,2025","{""2018"": 2, ""2019"": 1, ""2023"": 2, ""2025"": 1}","{""2018"": 0.005277, ""2019"": 0.001698, ""2023"": 0.003484, ""2025"": 0.001828}",0.003072,-0.0002448,R&D Systems,Cat#1614/10,6
rnaseout recombinant ribonuclease inhibitor,14,"2018,2019,2020,2021,2022,2023,2024,2025","{""2018"": 2, ""2019"": 1, ""2020"": 3, ""2021"": 3, ""2022"": 2, ""2023"": 1, ""2024"": 1, ""2025"": 1}","{""2018"": 0.005277, ""2019"": 0.001698, ""2020"": 0.004594, ""2021"": 0.004016, ""2022"": 0.00312, ""2023"": 0.001742, ""2024"": 0.002299, ""2025"": 0.001828}",0.003072,-0.00036415,Invitrogen,10777019,2
dnqx,12,"2018,2019,2020,2021,2022,2024,2025","{""2018"": 1, ""2019"": 3, ""2020"": 1, ""2021"": 1, ""2022"": 2, ""2024"": 1, ""2025"": 3}","{""2018"": 0.002639, ""2019"": 0.005093, ""2020"": 0.001531, ""2021"": 0.001339, ""2022"": 0.00312, ""2024"": 0.002299, ""2025"": 0.005484}",0.003072,0.00015665,Tocris,Cat# 0189,5
rneasy plus mini kit,10,"2018,2021,2022,2023,2024,2025","{""2018"": 1, ""2021"": 2, ""2022"": 2, ""2023"": 1, ""2024"": 2, ""2025"": 2}","{""2018"": 0.002639, ""2021"": 0.002677, ""2022"": 0.00312, ""2023"": 0.001742, ""2024"": 0.004598, ""2025"": 0.003656}",0.003072,0.00018172,Qiagen,Cat# 74134,3
roswell park memorial institute medium (rpmi),6,"2020,2021,2023","{""2020"": 4, ""2021"": 1, ""2023"": 1}","{""2020"": 0.006126, ""2021"": 0.001339, ""2023"": 0.001742}",0.003069,-0.00122358,Invitrogen,Cat#22406031,2
tri-reagent,7,"2017,2020,2021,2022,2025","{""2017"": 1, ""2020"": 1, ""2021"": 2, ""2022"": 2, ""2025"": 1}","{""2017"": 0.006173, ""2020"": 0.001531, ""2021"": 0.002677, ""2022"": 0.00312, ""2025"": 0.001828}",0.003066,-0.00046441,Sigma-Aldrich,T9429,4
fibronectin bovine plasma,9,"2020,2022,2023,2024,2025","{""2020"": 3, ""2022"": 2, ""2023"": 2, ""2024"": 1, ""2025"": 1}","{""2020"": 0.004594, ""2022"": 0.00312, ""2023"": 0.003484, ""2024"": 0.002299, ""2025"": 0.001828}",0.003065,-0.00053259,Merck,Cat# F1141-5MG,2
fetal calf serum (fcs),11,"2020,2021,2022,2023,2024,2025","{""2020"": 2, ""2021"": 3, ""2022"": 2, ""2023"": 1, ""2024"": 2, ""2025"": 1}","{""2020"": 0.003063, ""2021"": 0.004016, ""2022"": 0.00312, ""2023"": 0.001742, ""2024"": 0.004598, ""2025"": 0.001828}",0.003061,-0.00016589,Thermo Fisher Scientific,Cat# 172012-500ML,10
phosphatase inhibitors,10,"2018,2019,2020,2023,2024,2025","{""2018"": 1, ""2019"": 2, ""2020"": 3, ""2023"": 1, ""2024"": 1, ""2025"": 2}","{""2018"": 0.002639, ""2019"": 0.003396, ""2020"": 0.004594, ""2023"": 0.001742, ""2024"": 0.002299, ""2025"": 0.003656}",0.003054,-8.332e-05,Roche,4906845001,7
l-glutathione reduced,10,"2017,2019,2021,2022,2023,2024,2025","{""2017"": 1, ""2019"": 1, ""2021"": 2, ""2022"": 2, ""2023"": 1, ""2024"": 1, ""2025"": 2}","{""2017"": 0.006173, ""2019"": 0.001698, ""2021"": 0.002677, ""2022"": 0.00312, ""2023"": 0.001742, ""2024"": 0.002299, ""2025"": 0.003656}",0.003052,-0.00025505,Sigma-Aldrich,Cat#G4251,3
monastrol,5,"2017,2020,2021,2025","{""2017"": 1, ""2020"": 1, ""2021"": 2, ""2025"": 1}","{""2017"": 0.006173, ""2020"": 0.001531, ""2021"": 0.002677, ""2025"": 0.001828}",0.003052,-0.0004842,Sigma,M8515,3
"proteinase k, recombinant",6,"2018,2020,2023,2025","{""2018"": 2, ""2020"": 1, ""2023"": 1, ""2025"": 2}","{""2018"": 0.005277, ""2020"": 0.001531, ""2023"": 0.001742, ""2025"": 0.003656}",0.003052,-0.0001847,Roche,3115879001,5
estradiol,6,"2018,2019,2022,2025","{""2018"": 2, ""2019"": 1, ""2022"": 1, ""2025"": 2}","{""2018"": 0.005277, ""2019"": 0.001698, ""2022"": 0.00156, ""2025"": 0.003656}",0.003048,-0.00010138,Sigma-Aldrich,Cat#E8875,3
expicho expression medium,9,"2018,2020,2021,2023,2025","{""2018"": 1, ""2020"": 1, ""2021"": 3, ""2023"": 3, ""2025"": 1}","{""2018"": 0.002639, ""2020"": 0.001531, ""2021"": 0.004016, ""2023"": 0.005226, ""2025"": 0.001828}",0.003048,7.611e-05,Thermo Fisher Scientific,Cat# A2910001,3
laemmli buffer,12,"2019,2020,2021,2022,2023,2024,2025","{""2019"": 1, ""2020"": 2, ""2021"": 1, ""2022"": 1, ""2023"": 1, ""2024"": 2, ""2025"": 4}","{""2019"": 0.001698, ""2020"": 0.003063, ""2021"": 0.001339, ""2022"": 0.00156, ""2023"": 0.001742, ""2024"": 0.004598, ""2025"": 0.007313}",0.003045,0.00072563,Bio-Rad,Cat#1610737,8
cb-5083,10,"2017,2018,2020,2021,2022,2023,2025","{""2017"": 1, ""2018"": 1, ""2020"": 1, ""2021"": 3, ""2022"": 1, ""2023"": 1, ""2025"": 2}","{""2017"": 0.006173, ""2018"": 0.002639, ""2020"": 0.001531, ""2021"": 0.004016, ""2022"": 0.00156, ""2023"": 0.001742, ""2025"": 0.003656}",0.003045,-0.00024379,Cayman Chemicals,Cat#HY-12861,8
brefeldin a solution (1000x),8,"2019,2020,2021,2022,2023,2024,2025,2026","{""2019"": 1, ""2020"": 1, ""2021"": 1, ""2022"": 1, ""2023"": 1, ""2024"": 1, ""2025"": 1, ""2026"": 1}","{""2019"": 0.001698, ""2020"": 0.001531, ""2021"": 0.001339, ""2022"": 0.00156, ""2023"": 0.001742, ""2024"": 0.002299, ""2025"": 0.001828, ""2026"": 0.012346}",0.003043,0.00094145,Thermo Fisher Scientific,Cat#420601,3
5-azacytidine,6,"2017,2019,2022,2023,2024","{""2017"": 1, ""2019"": 1, ""2022"": 1, ""2023"": 2, ""2024"": 1}","{""2017"": 0.006173, ""2019"": 0.001698, ""2022"": 0.00156, ""2023"": 0.003484, ""2024"": 0.002299}",0.003043,-0.0003724,Sigma-Aldrich,A2385,5
phusion® high-fidelity dna polymerase,9,"2019,2020,2022,2023,2024","{""2019"": 2, ""2020"": 1, ""2022"": 4, ""2023"": 1, ""2024"": 1}","{""2019"": 0.003396, ""2020"": 0.001531, ""2022"": 0.00624, ""2023"": 0.001742, ""2024"": 0.002299}",0.003042,-4.805e-05,New England Biolabs,Cat#M0530L,3
gotaq green master mix,5,"2021,2024,2025","{""2021"": 1, ""2024"": 1, ""2025"": 3}","{""2021"": 0.001339, ""2024"": 0.002299, ""2025"": 0.005484}",0.003041,0.00087112,Promega,Cat# M7123,3
rq1 dnase,6,"2018,2023,2024,2025","{""2018"": 1, ""2023"": 1, ""2024"": 1, ""2025"": 3}","{""2018"": 0.002639, ""2023"": 0.001742, ""2024"": 0.002299, ""2025"": 0.005484}",0.003041,0.00021232,Promega,Cat# M6101,2
supersignal ™ west femto maximum sensitivity substrate,8,"2021,2022,2023,2024,2025","{""2021"": 1, ""2022"": 1, ""2023"": 1, ""2024"": 3, ""2025"": 2}","{""2021"": 0.001339, ""2022"": 0.00156, ""2023"": 0.001742, ""2024"": 0.006897, ""2025"": 0.003656}",0.003039,0.00099717,Thermo Fisher Scientific,Cat# 34095,4
neomycin sulfate,7,"2019,2020,2023,2025","{""2019"": 2, ""2020"": 1, ""2023"": 1, ""2025"": 3}","{""2019"": 0.003396, ""2020"": 0.001531, ""2023"": 0.001742, ""2025"": 0.005484}",0.003038,0.00035096,Sigma-Aldrich,Cat# BP2669,6
dii,11,"2018,2019,2020,2021,2022,2024","{""2018"": 1, ""2019"": 1, ""2020"": 1, ""2021"": 4, ""2022"": 3, ""2024"": 1}","{""2018"": 0.002639, ""2019"": 0.001698, ""2020"": 0.001531, ""2021"": 0.005355, ""2022"": 0.00468, ""2024"": 0.002299}",0.003034,0.00020577,Thermo-Fisher,Cat# V22885,7
pyruvate kinase,8,"2017,2018,2019,2020,2021,2022","{""2017"": 1, ""2018"": 1, ""2019"": 2, ""2020"": 1, ""2021"": 1, ""2022"": 2}","{""2017"": 0.006173, ""2018"": 0.002639, ""2019"": 0.003396, ""2020"": 0.001531, ""2021"": 0.001339, ""2022"": 0.00312}",0.003033,-0.00060078,Sigma-Aldrich,Cat#P9136,5
collagen i,6,"2020,2021,2025","{""2020"": 3, ""2021"": 2, ""2025"": 1}","{""2020"": 0.004594, ""2021"": 0.002677, ""2025"": 0.001828}",0.003033,-0.00045581,Corning,354236,5
dimethylsulfoxide (dmso),6,"2017,2018,2020,2021,2023","{""2017"": 1, ""2018"": 1, ""2020"": 1, ""2021"": 1, ""2023"": 2}","{""2017"": 0.006173, ""2018"": 0.002639, ""2020"": 0.001531, ""2021"": 0.001339, ""2023"": 0.003484}",0.003033,-0.00039345,Thermo Fisher Scientific,276855-100mL,5
amino acid kit,6,"2018,2020,2023,2025","{""2018"": 2, ""2020"": 1, ""2023"": 2, ""2025"": 1}","{""2018"": 0.005277, ""2020"": 0.001531, ""2023"": 0.003484, ""2025"": 0.001828}",0.00303,-0.00031523,Sigma-Aldrich,Cat#09416,2
colchicine,9,"2017,2018,2019,2022,2023,2024,2025","{""2017"": 1, ""2018"": 1, ""2019"": 2, ""2022"": 2, ""2023"": 1, ""2024"": 1, ""2025"": 1}","{""2017"": 0.006173, ""2018"": 0.002639, ""2019"": 0.003396, ""2022"": 0.00312, ""2023"": 0.001742, ""2024"": 0.002299, ""2025"": 0.001828}",0.003028,-0.0003672,Sigma-Aldrich,Cat# C9754,3
lipofectamine3000,5,"2022,2024,2025","{""2022"": 2, ""2024"": 1, ""2025"": 2}","{""2022"": 0.00312, ""2024"": 0.002299, ""2025"": 0.003656}",0.003025,9.453e-05,Thermo Fisher Scientific,15292465,4
insulin-transferrin-selenium-ethanolamine (its -x) (100x),5,"2022,2024,2025","{""2022"": 2, ""2024"": 1, ""2025"": 2}","{""2022"": 0.00312, ""2024"": 0.002299, ""2025"": 0.003656}",0.003025,9.453e-05,Gibco,Cat#51500056,3
dynabeads protein g for immunoprecipitation,8,"2020,2021,2022,2024","{""2020"": 1, ""2021"": 5, ""2022"": 1, ""2024"": 1}","{""2020"": 0.001531, ""2021"": 0.006693, ""2022"": 0.00156, ""2024"": 0.002299}",0.003021,-0.0002443,Invitrogen,Cat# 10009D,3
tetracycline hydrochloride,11,"2018,2019,2021,2022,2023,2024,2025","{""2018"": 2, ""2019"": 1, ""2021"": 1, ""2022"": 1, ""2023"": 2, ""2024"": 1, ""2025"": 3}","{""2018"": 0.005277, ""2019"": 0.001698, ""2021"": 0.001339, ""2022"": 0.00156, ""2023"": 0.003484, ""2024"": 0.002299, ""2025"": 0.005484}",0.00302,7.699e-05,Sigma-Aldrich,Cat#T7660,6
gelatin solution,5,"2021,2022,2024","{""2021"": 1, ""2022"": 2, ""2024"": 2}","{""2021"": 0.001339, ""2022"": 0.00312, ""2024"": 0.004598}",0.003019,0.00103669,Sigma-Aldrich,Cat#G1393,3
potassium d-gluconate,8,"2018,2019,2020,2022,2024","{""2018"": 1, ""2019"": 1, ""2020"": 3, ""2022"": 1, ""2024"": 2}","{""2018"": 0.002639, ""2019"": 0.001698, ""2020"": 0.004594, ""2022"": 0.00156, ""2024"": 0.004598}",0.003018,0.00023634,Sigma-Aldrich,G4500,2
recombinant human il-21,10,"2020,2021,2022,2023,2025","{""2020"": 3, ""2021"": 4, ""2022"": 1, ""2023"": 1, ""2025"": 1}","{""2020"": 0.004594, ""2021"": 0.005355, ""2022"": 0.00156, ""2023"": 0.001742, ""2025"": 0.001828}",0.003016,-0.00069813,PeproTech,Cat#210-21,6
glutathione,8,"2019,2022,2023,2024,2025","{""2019"": 1, ""2022"": 1, ""2023"": 1, ""2024"": 2, ""2025"": 3}","{""2019"": 0.001698, ""2022"": 0.00156, ""2023"": 0.001742, ""2024"": 0.004598, ""2025"": 0.005484}",0.003016,0.00062492,Sigma-Aldrich,Cat# G4251,3
tris(2-carboxyethyl)phosphine hydrochloride (tcep),10,"2017,2019,2021,2022,2023,2024,2025","{""2017"": 1, ""2019"": 1, ""2021"": 2, ""2022"": 3, ""2023"": 1, ""2024"": 1, ""2025"": 1}","{""2017"": 0.006173, ""2019"": 0.001698, ""2021"": 0.002677, ""2022"": 0.00468, ""2023"": 0.001742, ""2024"": 0.002299, ""2025"": 0.001828}",0.003014,-0.0003724,Sigma-Aldrich,Cat# C4706,7
chir 99021,14,"2018,2019,2020,2021,2022,2023,2024,2025","{""2018"": 1, ""2019"": 3, ""2020"": 1, ""2021"": 3, ""2022"": 2, ""2023"": 1, ""2024"": 1, ""2025"": 2}","{""2018"": 0.002639, ""2019"": 0.005093, ""2020"": 0.001531, ""2021"": 0.004016, ""2022"": 0.00312, ""2023"": 0.001742, ""2024"": 0.002299, ""2025"": 0.003656}",0.003012,-8.466e-05,Tocris,Cat# 4423,9
superscript iii first-strand synthesis system,6,"2018,2021,2022,2024","{""2018"": 2, ""2021"": 1, ""2022"": 2, ""2024"": 1}","{""2018"": 0.005277, ""2021"": 0.001339, ""2022"": 0.00312, ""2024"": 0.002299}",0.003009,-0.00047057,Thermo Fisher Scientific,Cat# 18080051,2
"cl 316,243",6,"2017,2018,2020,2021,2025","{""2017"": 1, ""2018"": 1, ""2020"": 2, ""2021"": 1, ""2025"": 1}","{""2017"": 0.006173, ""2018"": 0.002639, ""2020"": 0.003063, ""2021"": 0.001339, ""2025"": 0.001828}",0.003008,-0.00042073,Sigma-Aldrich,Cat# C5976,1
superase-in,6,"2022,2023,2024,2025","{""2022"": 1, ""2023"": 1, ""2024"": 3, ""2025"": 1}","{""2022"": 0.00156, ""2023"": 0.001742, ""2024"": 0.006897, ""2025"": 0.001828}",0.003007,0.00059587,Invitrogen,Cat# AM2696,2
poly-l-ornithine,14,"2018,2019,2020,2021,2022,2023,2024,2025","{""2018"": 1, ""2019"": 2, ""2020"": 1, ""2021"": 3, ""2022"": 2, ""2023"": 3, ""2024"": 1, ""2025"": 1}","{""2018"": 0.002639, ""2019"": 0.003396, ""2020"": 0.001531, ""2021"": 0.004016, ""2022"": 0.00312, ""2023"": 0.005226, ""2024"": 0.002299, ""2025"": 0.001828}",0.003007,-1.151e-05,Sigma-Aldrich,Cat# P4957,4
alexa fluor 594 hydrazide,5,"2020,2024,2025","{""2020"": 2, ""2024"": 1, ""2025"": 2}","{""2020"": 0.003063, ""2024"": 0.002299, ""2025"": 0.003656}",0.003006,3.022e-05,Invitrogen,A10438,2
iacs-010759,5,"2020,2021,2024","{""2020"": 2, ""2021"": 1, ""2024"": 2}","{""2020"": 0.003063, ""2021"": 0.001339, ""2024"": 0.004598}",0.003,0.00054587,Selleck Chemicals,Cat# S8731,4
rnaclean xp,8,"2020,2021,2022,2025","{""2020"": 3, ""2021"": 3, ""2022"": 1, ""2025"": 1}","{""2020"": 0.004594, ""2021"": 0.004016, ""2022"": 0.00156, ""2025"": 0.001828}",0.003,-0.00055143,Beckman Coulter,Cat#A63987,3
high capacity cdna reverse transcription kit,8,"2018,2019,2020,2023,2024","{""2018"": 1, ""2019"": 4, ""2020"": 1, ""2023"": 1, ""2024"": 1}","{""2018"": 0.002639, ""2019"": 0.006791, ""2020"": 0.001531, ""2023"": 0.001742, ""2024"": 0.002299}",0.003,-0.00036,Applied biosystems,Cat# 4368813,6
il-15,10,"2020,2021,2022,2023,2024,2025","{""2020"": 1, ""2021"": 1, ""2022"": 1, ""2023"": 2, ""2024"": 2, ""2025"": 3}","{""2020"": 0.001531, ""2021"": 0.001339, ""2022"": 0.00156, ""2023"": 0.003484, ""2024"": 0.004598, ""2025"": 0.005484}",0.002999,0.00089905,Peprotech,200-15,7
precision plus protein dual color standards,8,"2020,2021,2022,2024,2025","{""2020"": 1, ""2021"": 1, ""2022"": 1, ""2024"": 3, ""2025"": 2}","{""2020"": 0.001531, ""2021"": 0.001339, ""2022"": 0.00156, ""2024"": 0.006897, ""2025"": 0.003656}",0.002997,0.00083531,Bio-Rad,Cat#1610374,2
spriselect,8,"2020,2021,2023,2025","{""2020"": 2, ""2021"": 4, ""2023"": 1, ""2025"": 1}","{""2020"": 0.003063, ""2021"": 0.005355, ""2023"": 0.001742, ""2025"": 0.001828}",0.002997,-0.00049157,Beckman Coulter,Cat# B23318,4
chloroquine diphosphate,6,"2019,2021,2022","{""2019"": 2, ""2021"": 3, ""2022"": 1}","{""2019"": 0.003396, ""2021"": 0.004016, ""2022"": 0.00156}",0.002991,-0.00048012,Sigma,Cat# C6628,2
"pierce protease inhibitor mini tablets, edta-free",5,"2019,2021,2024","{""2019"": 1, ""2021"": 2, ""2024"": 2}","{""2019"": 0.001698, ""2021"": 0.002677, ""2024"": 0.004598}",0.002991,0.00058473,Thermo Fisher Scientific,Cat# A32955,2
accumax,9,"2018,2021,2022,2023,2025","{""2018"": 1, ""2021"": 4, ""2022"": 1, ""2023"": 1, ""2025"": 2}","{""2018"": 0.002639, ""2021"": 0.005355, ""2022"": 0.00156, ""2023"": 0.001742, ""2025"": 0.003656}",0.00299,-7.74e-06,Innovative Cell Technologies,Cat# AM105,8
expifectamine 293 transfection reagent,6,"2021,2022,2025","{""2021"": 3, ""2022"": 2, ""2025"": 1}","{""2021"": 0.004016, ""2022"": 0.00312, ""2025"": 0.001828}",0.002988,-0.00052013,ThermoFisher Scientific,Cat# A14525,1
tnfα,7,"2018,2019,2020,2021","{""2018"": 1, ""2019"": 3, ""2020"": 1, ""2021"": 2}","{""2018"": 0.002639, ""2019"": 0.005093, ""2020"": 0.001531, ""2021"": 0.002677}",0.002985,-0.00034454,BioLegend,Cat#: 575202,6
nad,5,"2019,2022,2024","{""2019"": 3, ""2022"": 1, ""2024"": 1}","{""2019"": 0.005093, ""2022"": 0.00156, ""2024"": 0.002299}",0.002984,-0.00060776,Sigma-Aldrich,N0632,3
x-tremegene 9 dna transfection reagent,9,"2018,2019,2020,2021,2022","{""2018"": 1, ""2019"": 1, ""2020"": 4, ""2021"": 1, ""2022"": 2}","{""2018"": 0.002639, ""2019"": 0.001698, ""2020"": 0.006126, ""2021"": 0.001339, ""2022"": 0.00312}",0.002984,6.041e-05,Roche,Cat#19129300,8
cno,5,"2018,2021,2024","{""2018"": 1, ""2021"": 3, ""2024"": 1}","{""2018"": 0.002639, ""2021"": 0.004016, ""2024"": 0.002299}",0.002984,-5.661e-05,Hello Bio,HB6149,5
benzamidine,10,"2017,2020,2021,2022,2023,2024,2025","{""2017"": 1, ""2020"": 3, ""2021"": 2, ""2022"": 1, ""2023"": 1, ""2024"": 1, ""2025"": 1}","{""2017"": 0.006173, ""2020"": 0.004594, ""2021"": 0.002677, ""2022"": 0.00156, ""2023"": 0.001742, ""2024"": 0.002299, ""2025"": 0.001828}",0.002982,-0.00057432,Sigma-Aldrich,Cat# B6506,5
triethanolamine,9,"2019,2021,2022,2023,2025","{""2019"": 1, ""2021"": 2, ""2022"": 1, ""2023"": 2, ""2025"": 3}","{""2019"": 0.001698, ""2021"": 0.002677, ""2022"": 0.00156, ""2023"": 0.003484, ""2025"": 0.005484}",0.002981,0.00060835,Sigma-Aldrich,Cat# 90279,4
sequencing grade chymotrypsin,7,"2018,2021,2022,2023","{""2018"": 1, ""2021"": 2, ""2022"": 2, ""2023"": 2}","{""2018"": 0.002639, ""2021"": 0.002677, ""2022"": 0.00312, ""2023"": 0.003484}",0.00298,0.00015523,Promega,Cat# V1061,1
mass spectrometry grade trypsin,7,"2018,2021,2022,2023","{""2018"": 1, ""2021"": 2, ""2022"": 2, ""2023"": 2}","{""2018"": 0.002639, ""2021"": 0.002677, ""2022"": 0.00312, ""2023"": 0.003484}",0.00298,0.00015523,Promega,Cat# V5280,1
recombinant human noggin,11,"2018,2019,2020,2021,2022,2023,2024","{""2018"": 1, ""2019"": 2, ""2020"": 1, ""2021"": 1, ""2022"": 1, ""2023"": 2, ""2024"": 3}","{""2018"": 0.002639, ""2019"": 0.003396, ""2020"": 0.001531, ""2021"": 0.001339, ""2022"": 0.00156, ""2023"": 0.003484, ""2024"": 0.006897}",0.002978,0.00046358,Peprotech,Cat# 120-10C,4
bromophenol blue,10,"2017,2019,2020,2021,2022,2024,2025","{""2017"": 1, ""2019"": 1, ""2020"": 3, ""2021"": 2, ""2022"": 1, ""2024"": 1, ""2025"": 1}","{""2017"": 0.006173, ""2019"": 0.001698, ""2020"": 0.004594, ""2021"": 0.002677, ""2022"": 0.00156, ""2024"": 0.002299, ""2025"": 0.001828}",0.002976,-0.00042443,Fisher Scientific,Cat# B5525,7
histopaque 1077,9,"2019,2020,2021,2023,2024","{""2019"": 3, ""2020"": 2, ""2021"": 2, ""2023"": 1, ""2024"": 1}","{""2019"": 0.005093, ""2020"": 0.003063, ""2021"": 0.002677, ""2023"": 0.001742, ""2024"": 0.002299}",0.002975,-0.0005127,Sigma-Aldrich,Cat No. 10771-500,3
resazurin,11,"2017,2018,2019,2020,2021,2022,2023,2024","{""2017"": 1, ""2018"": 1, ""2019"": 2, ""2020"": 1, ""2021"": 1, ""2022"": 3, ""2023"": 1, ""2024"": 1}","{""2017"": 0.006173, ""2018"": 0.002639, ""2019"": 0.003396, ""2020"": 0.001531, ""2021"": 0.001339, ""2022"": 0.00468, ""2023"": 0.001742, ""2024"": 0.002299}",0.002975,-0.0003326,Sigma-Aldrich,Cat#R7017,2
trizma® base,7,"2020,2021,2022,2024","{""2020"": 2, ""2021"": 2, ""2022"": 1, ""2024"": 2}","{""2020"": 0.003063, ""2021"": 0.002677, ""2022"": 0.00156, ""2024"": 0.004598}",0.002974,0.00038479,Sigma-Aldrich,Cat#T1503,3
bbsi,8,"2017,2020,2021,2022,2023,2025","{""2017"": 1, ""2020"": 1, ""2021"": 1, ""2022"": 1, ""2023"": 1, ""2025"": 3}","{""2017"": 0.006173, ""2020"": 0.001531, ""2021"": 0.001339, ""2022"": 0.00156, ""2023"": 0.001742, ""2025"": 0.005484}",0.002972,-0.00013885,NEB,R0539S,5
complete his-tag purification resin,8,"2017,2019,2020,2021,2022,2024","{""2017"": 1, ""2019"": 2, ""2020"": 2, ""2021"": 1, ""2022"": 1, ""2024"": 1}","{""2017"": 0.006173, ""2019"": 0.003396, ""2020"": 0.003063, ""2021"": 0.001339, ""2022"": 0.00156, ""2024"": 0.002299}",0.002971,-0.00058218,Roche,08778850001,7
sodium citrate,10,"2019,2020,2021,2023,2024,2025","{""2019"": 2, ""2020"": 2, ""2021"": 1, ""2023"": 1, ""2024"": 2, ""2025"": 2}","{""2019"": 0.003396, ""2020"": 0.003063, ""2021"": 0.001339, ""2023"": 0.001742, ""2024"": 0.004598, ""2025"": 0.003656}",0.002966,0.00015198,Sigma-Aldrich,C8532-500G,7
"complete™, mini protease inhibitor cocktail",9,"2018,2020,2021,2022,2023","{""2018"": 1, ""2020"": 1, ""2021"": 2, ""2022"": 4, ""2023"": 1}","{""2018"": 0.002639, ""2020"": 0.001531, ""2021"": 0.002677, ""2022"": 0.00624, ""2023"": 0.001742}",0.002966,0.00021916,Roche,Cat#11836153001,2
iscript reverse transcription supermix,7,"2019,2020,2022,2025","{""2019"": 3, ""2020"": 1, ""2022"": 1, ""2025"": 2}","{""2019"": 0.005093, ""2020"": 0.001531, ""2022"": 0.00156, ""2025"": 0.003656}",0.00296,-6.921e-05,Bio-Rad 1708841,Cat#1708841,5
collagenase type 2,7,"2019,2021,2023,2025","{""2019"": 1, ""2021"": 1, ""2023"": 4, ""2025"": 1}","{""2019"": 0.001698, ""2021"": 0.001339, ""2023"": 0.006969, ""2025"": 0.001828}",0.002958,0.00030105,Worthington Biochemical Corp.,LS004176,7
t5 exonuclease,6,"2017,2019,2020,2022,2024","{""2017"": 1, ""2019"": 1, ""2020"": 2, ""2022"": 1, ""2024"": 1}","{""2017"": 0.006173, ""2019"": 0.001698, ""2020"": 0.003063, ""2022"": 0.00156, ""2024"": 0.002299}",0.002958,-0.00047321,New England Biolabs,Cat# M0363S,4
dynabeads myone streptavidin t1,11,"2018,2019,2020,2021,2023,2024,2025","{""2018"": 2, ""2019"": 2, ""2020"": 2, ""2021"": 1, ""2023"": 2, ""2024"": 1, ""2025"": 1}","{""2018"": 0.005277, ""2019"": 0.003396, ""2020"": 0.003063, ""2021"": 0.001339, ""2023"": 0.003484, ""2024"": 0.002299, ""2025"": 0.001828}",0.002955,-0.00032057,Thermo Fisher Scientific,Cat# 65601,4
"bovine serum albumin, bsa",5,"2021,2023,2024","{""2021"": 1, ""2023"": 3, ""2024"": 1}","{""2021"": 0.001339, ""2023"": 0.005226, ""2024"": 0.002299}",0.002955,0.00055203,SRL,Cat# 83803 (0140105),2
dulbecco's modified eagle's medium (dmem),6,"2017,2021,2022,2024,2025","{""2017"": 1, ""2021"": 1, ""2022"": 2, ""2024"": 1, ""2025"": 1}","{""2017"": 0.006173, ""2021"": 0.001339, ""2022"": 0.00312, ""2024"": 0.002299, ""2025"": 0.001828}",0.002952,-0.00049405,Wisent,Cat# 319-005-CL,5
skim milk powder,9,"2021,2022,2023,2024,2025","{""2021"": 3, ""2022"": 2, ""2023"": 2, ""2024"": 1, ""2025"": 1}","{""2021"": 0.004016, ""2022"": 0.00312, ""2023"": 0.003484, ""2024"": 0.002299, ""2025"": 0.001828}",0.00295,-0.00051971,Sigma-Aldrich,Cat# 70166,5
lipopolysaccharides from escherichia coli o111:b4,9,"2019,2020,2021,2023,2025","{""2019"": 2, ""2020"": 1, ""2021"": 2, ""2023"": 2, ""2025"": 2}","{""2019"": 0.003396, ""2020"": 0.001531, ""2021"": 0.002677, ""2023"": 0.003484, ""2025"": 0.003656}",0.002949,0.0001907,Sigma-Aldrich,Cat# L-2630,4
deuterium oxide,6,"2018,2019,2021,2023","{""2018"": 2, ""2019"": 1, ""2021"": 1, ""2023"": 2}","{""2018"": 0.005277, ""2019"": 0.001698, ""2021"": 0.001339, ""2023"": 0.003484}",0.002949,-0.00023117,Sigma-Aldrich,151882,2
sb203580,10,"2018,2019,2020,2021,2022,2024","{""2018"": 1, ""2019"": 4, ""2020"": 2, ""2021"": 1, ""2022"": 1, ""2024"": 1}","{""2018"": 0.002639, ""2019"": 0.006791, ""2020"": 0.003063, ""2021"": 0.001339, ""2022"": 0.00156, ""2024"": 0.002299}",0.002948,-0.00043746,Calbiochem,Cat#S1076; CAS#152121-47-6,10
recombinant human egf protein,5,"2019,2023,2025","{""2019"": 1, ""2023"": 2, ""2025"": 2}","{""2019"": 0.001698, ""2023"": 0.003484, ""2025"": 0.003656}",0.002946,0.00034359,Thermo Fisher Scientific,Cat#236-EG-200,4
16% formaldehyde solution,5,"2021,2022,2024","{""2021"": 2, ""2022"": 1, ""2024"": 2}","{""2021"": 0.002677, ""2022"": 0.00156, ""2024"": 0.004598}",0.002945,0.00076564,Thermo-Fisher,Cat# 28906,3
fulvestrant,5,"2019,2022,2024","{""2019"": 2, ""2022"": 2, ""2024"": 1}","{""2019"": 0.003396, ""2022"": 0.00312, ""2024"": 0.002299}",0.002938,-0.00020928,Sigma,Cat# I4409,2
pd 0325901,8,"2018,2019,2020,2023,2024","{""2018"": 1, ""2019"": 2, ""2020"": 3, ""2023"": 1, ""2024"": 1}","{""2018"": 0.002639, ""2019"": 0.003396, ""2020"": 0.004594, ""2023"": 0.001742, ""2024"": 0.002299}",0.002934,-0.00022337,Sigma,Cat# PZ0162,3
"dmem, high glucose, glutamax supplement",7,"2019,2020,2023,2025","{""2019"": 3, ""2020"": 2, ""2023"": 1, ""2025"": 1}","{""2019"": 0.005093, ""2020"": 0.003063, ""2023"": 0.001742, ""2025"": 0.001828}",0.002932,-0.00049439,Thermo Fisher Scientific,Cat#10566016,4
sodium cacodylate,7,"2020,2022,2023,2024","{""2020"": 4, ""2022"": 1, ""2023"": 1, ""2024"": 1}","{""2020"": 0.006126, ""2022"": 0.00156, ""2023"": 0.001742, ""2024"": 0.002299}",0.002932,-0.00101062,Sigma,Cat#C4945-10G; CAS#6131-99-3,4
cxcl12,6,"2018,2020,2022,2025","{""2018"": 2, ""2020"": 2, ""2022"": 1, ""2025"": 1}","{""2018"": 0.005277, ""2020"": 0.003063, ""2022"": 0.00156, ""2025"": 0.001828}",0.002932,-0.00048423,Protein Foundry,Cat# 300-28A,5
ribonuclease a,7,"2018,2019,2021,2023,2024","{""2018"": 2, ""2019"": 1, ""2021"": 1, ""2023"": 1, ""2024"": 2}","{""2018"": 0.005277, ""2019"": 0.001698, ""2021"": 0.001339, ""2023"": 0.001742, ""2024"": 0.004598}",0.002931,-7.497e-05,Sigma,Cat# R4875,4
nebnext high-fidelity 2x pcr master mix,12,"2018,2019,2020,2021,2022,2023,2024,2025","{""2018"": 3, ""2019"": 2, ""2020"": 1, ""2021"": 1, ""2022"": 1, ""2023"": 1, ""2024"": 1, ""2025"": 2}","{""2018"": 0.007916, ""2019"": 0.003396, ""2020"": 0.001531, ""2021"": 0.001339, ""2022"": 0.00156, ""2023"": 0.001742, ""2024"": 0.002299, ""2025"": 0.003656}",0.00293,-0.00041006,New England Biolabs,M0541S,3
d-cycloserine,5,"2022,2023,2025","{""2022"": 1, ""2023"": 1, ""2025"": 3}","{""2022"": 0.00156, ""2023"": 0.001742, ""2025"": 0.005484}",0.002929,0.00138856,Sigma-Aldrich,Cat# C6880,3
stempro accutase,5,"2022,2023,2025","{""2022"": 1, ""2023"": 1, ""2025"": 3}","{""2022"": 0.00156, ""2023"": 0.001742, ""2025"": 0.005484}",0.002929,0.00138856,Gibco,Cat# A1110501,3
sodium phosphate monobasic monohydrate,8,"2018,2021,2022,2024,2025","{""2018"": 1, ""2021"": 3, ""2022"": 1, ""2024"": 2, ""2025"": 1}","{""2018"": 0.002639, ""2021"": 0.004016, ""2022"": 0.00156, ""2024"": 0.004598, ""2025"": 0.001828}",0.002928,3.66e-06,Sigma-Aldrich,Cat# S9638,5
muscimol,13,"2018,2019,2020,2021,2022,2023,2024,2025","{""2018"": 1, ""2019"": 1, ""2020"": 1, ""2021"": 2, ""2022"": 2, ""2023"": 2, ""2024"": 2, ""2025"": 2}","{""2018"": 0.002639, ""2019"": 0.001698, ""2020"": 0.001531, ""2021"": 0.002677, ""2022"": 0.00312, ""2023"": 0.003484, ""2024"": 0.004598, ""2025"": 0.003656}",0.002925,0.00033245,Sigma Aldrich,"Cat #M1523, CAS 2763-96-4",5
17β-estradiol,8,"2018,2019,2022,2023,2025","{""2018"": 1, ""2019"": 1, ""2022"": 2, ""2023"": 2, ""2025"": 2}","{""2018"": 0.002639, ""2019"": 0.001698, ""2022"": 0.00312, ""2023"": 0.003484, ""2025"": 0.003656}",0.002919,0.00022783,Sigma-Aldrich,E8875,4
sodium propionate,7,"2019,2020,2022,2025","{""2019"": 2, ""2020"": 2, ""2022"": 1, ""2025"": 2}","{""2019"": 0.003396, ""2020"": 0.003063, ""2022"": 0.00156, ""2025"": 0.003656}",0.002919,2.352e-05,Sigma-Aldrich,Cat#P1880,4
restore western blot stripping buffer,10,"2019,2020,2021,2023,2024,2025","{""2019"": 1, ""2020"": 1, ""2021"": 1, ""2023"": 4, ""2024"": 1, ""2025"": 2}","{""2019"": 0.001698, ""2020"": 0.001531, ""2021"": 0.001339, ""2023"": 0.006969, ""2024"": 0.002299, ""2025"": 0.003656}",0.002915,0.00046573,Thermo Scientific,21059,2
sytox green nucleic acid stain,9,"2019,2020,2022,2023,2025","{""2019"": 1, ""2020"": 2, ""2022"": 4, ""2023"": 1, ""2025"": 1}","{""2019"": 0.001698, ""2020"": 0.003063, ""2022"": 0.00624, ""2023"": 0.001742, ""2025"": 0.001828}",0.002914,-4.729e-05,Thermo Fisher Scientific,Cat# S7020,3
rbc lysis buffer (10x),8,"2018,2020,2021,2023,2025","{""2018"": 1, ""2020"": 1, ""2021"": 1, ""2023"": 1, ""2025"": 4}","{""2018"": 0.002639, ""2020"": 0.001531, ""2021"": 0.001339, ""2023"": 0.001742, ""2025"": 0.007313}",0.002913,0.00059803,BioLegend,Cat# 420301,5
alkaline phosphatase,8,"2017,2019,2020,2021,2023,2025","{""2017"": 1, ""2019"": 1, ""2020"": 1, ""2021"": 2, ""2023"": 1, ""2025"": 2}","{""2017"": 0.006173, ""2019"": 0.001698, ""2020"": 0.001531, ""2021"": 0.002677, ""2023"": 0.001742, ""2025"": 0.003656}",0.002913,-0.00021051,Roche,P5521,8
3-ma,5,"2019,2021,2024","{""2019"": 3, ""2021"": 1, ""2024"": 1}","{""2019"": 0.005093, ""2021"": 0.001339, ""2024"": 0.002299}",0.00291,-0.00048951,MedChemExprss,Cat# M9281,4
nutlin-3a,8,"2021,2022,2023,2024,2025","{""2021"": 1, ""2022"": 1, ""2023"": 3, ""2024"": 2, ""2025"": 1}","{""2021"": 0.001339, ""2022"": 0.00156, ""2023"": 0.005226, ""2024"": 0.004598, ""2025"": 0.001828}",0.00291,0.00040166,Selleck Chemicals,SML0580,4
cnqx disodium salt,10,"2019,2020,2021,2023,2024,2025","{""2019"": 2, ""2020"": 1, ""2021"": 1, ""2023"": 3, ""2024"": 1, ""2025"": 2}","{""2019"": 0.003396, ""2020"": 0.001531, ""2021"": 0.001339, ""2023"": 0.005226, ""2024"": 0.002299, ""2025"": 0.003656}",0.002908,0.0002216,Tocris,Cat#: 1045,4
b-27 supplement (50x),5,"2020,2024,2025","{""2020"": 3, ""2024"": 1, ""2025"": 1}","{""2020"": 0.004594, ""2024"": 0.002299, ""2025"": 0.001828}",0.002907,-0.0005591,Thermo Fisher Scientific,Cat#17504001,3
pierce protein a/g magnetic beads,7,"2020,2021,2023,2025","{""2020"": 2, ""2021"": 1, ""2023"": 1, ""2025"": 3}","{""2020"": 0.003063, ""2021"": 0.001339, ""2023"": 0.001742, ""2025"": 0.005484}",0.002907,0.00053046,Thermo Fisher,88802,2
triiodothyronine,5,"2022,2023,2024","{""2022"": 3, ""2023"": 1, ""2024"": 1}","{""2022"": 0.00468, ""2023"": 0.001742, ""2024"": 0.002299}",0.002907,-0.00119067,Sigma-Aldrich,T5516,3
"fetal bovine serum, dialyzed",6,"2021,2022,2024,2025","{""2021"": 1, ""2022"": 1, ""2024"": 3, ""2025"": 1}","{""2021"": 0.001339, ""2022"": 0.00156, ""2024"": 0.006897, ""2025"": 0.001828}",0.002906,0.00063154,Thermo Fisher Scientific,A3382001,3
norepinephrine,7,"2021,2022,2023,2024","{""2021"": 1, ""2022"": 4, ""2023"": 1, ""2024"": 1}","{""2021"": 0.001339, ""2022"": 0.00624, ""2023"": 0.001742, ""2024"": 0.002299}",0.002905,-0.00016176,Sigma,Cat# A0906,5
ez-link hpdp-biotin,7,"2017,2018,2019,2020,2022,2024","{""2017"": 1, ""2018"": 1, ""2019"": 1, ""2020"": 2, ""2022"": 1, ""2024"": 1}","{""2017"": 0.006173, ""2018"": 0.002639, ""2019"": 0.001698, ""2020"": 0.003063, ""2022"": 0.00156, ""2024"": 0.002299}",0.002905,-0.00038758,ThermoFisher Scientific,21341,3
prolong gold with dapi,5,"2019,2023,2025","{""2019"": 2, ""2023"": 2, ""2025"": 1}","{""2019"": 0.003396, ""2023"": 0.003484, ""2025"": 0.001828}",0.002903,-0.00022075,Thermo Fisher Scientific,Cat # P36931,4
qx-314,7,"2018,2021,2022,2023,2024","{""2018"": 2, ""2021"": 1, ""2022"": 1, ""2023"": 1, ""2024"": 2}","{""2018"": 0.005277, ""2021"": 0.001339, ""2022"": 0.00156, ""2023"": 0.001742, ""2024"": 0.004598}",0.002903,-0.00026901,Sigma,Cat#L5783; CAS: 21306–56-9,5
opti-mem medium,5,"2017,2018,2022,2024,2025","{""2017"": 1, ""2018"": 1, ""2022"": 1, ""2024"": 1, ""2025"": 1}","{""2017"": 0.006173, ""2018"": 0.002639, ""2022"": 0.00156, ""2024"": 0.002299, ""2025"": 0.001828}",0.0029,-0.00038853,Gibco,Cat#31985070,3
16% pfa,5,"2022,2023,2025","{""2022"": 1, ""2023"": 2, ""2025"": 2}","{""2022"": 0.00156, ""2023"": 0.003484, ""2025"": 0.003656}",0.0029,0.00061121,Electron Microscopy Sciences,Cat#15710,4
20x ssc,7,"2019,2020,2021,2024","{""2019"": 3, ""2020"": 1, ""2021"": 2, ""2024"": 1}","{""2019"": 0.005093, ""2020"": 0.001531, ""2021"": 0.002677, ""2024"": 0.002299}",0.0029,-0.0003444,Ambion,AM9763,5
hepes 1m,7,"2021,2022,2023,2025","{""2021"": 1, ""2022"": 2, ""2023"": 2, ""2025"": 2}","{""2021"": 0.001339, ""2022"": 0.00312, ""2023"": 0.003484, ""2025"": 0.003656}",0.0029,0.00050457,Gibco,Catalog# 15630-080,4
triton-x-100,7,"2019,2021,2022,2024","{""2019"": 1, ""2021"": 1, ""2022"": 4, ""2024"": 1}","{""2019"": 0.001698, ""2021"": 0.001339, ""2022"": 0.00624, ""2024"": 0.002299}",0.002894,0.00030411,Sigma-Aldrich,Cat#8787,4
alexa fluor 488 hydrazide,5,"2017,2018,2020,2024,2025","{""2017"": 1, ""2018"": 1, ""2020"": 1, ""2024"": 1, ""2025"": 1}","{""2017"": 0.006173, ""2018"": 0.002639, ""2020"": 0.001531, ""2024"": 0.002299, ""2025"": 0.001828}",0.002894,-0.00033534,Thermo Fisher Scientific,A10436,2
its,6,"2017,2020,2021,2022,2024","{""2017"": 1, ""2020"": 1, ""2021"": 1, ""2022"": 2, ""2024"": 1}","{""2017"": 0.006173, ""2020"": 0.001531, ""2021"": 0.001339, ""2022"": 0.00312, ""2024"": 0.002299}",0.002892,-0.00049678,Corning,Cat# 25-800-CR,4
torin-1,5,"2020,2023,2025","{""2020"": 1, ""2023"": 2, ""2025"": 2}","{""2020"": 0.001531, ""2023"": 0.003484, ""2025"": 0.003656}",0.002891,0.00044282,MedChemExpress,HY-13003,4
"t4 rna ligase 2, truncated k227q",5,"2020,2023,2025","{""2020"": 1, ""2023"": 2, ""2025"": 2}","{""2020"": 0.001531, ""2023"": 0.003484, ""2025"": 0.003656}",0.002891,0.00044282,NEB,Cat#M0351L,2
d-apv,11,"2018,2019,2020,2022,2023,2024,2025","{""2018"": 1, ""2019"": 1, ""2020"": 2, ""2022"": 1, ""2023"": 2, ""2024"": 1, ""2025"": 3}","{""2018"": 0.002639, ""2019"": 0.001698, ""2020"": 0.003063, ""2022"": 0.00156, ""2023"": 0.003484, ""2024"": 0.002299, ""2025"": 0.005484}",0.00289,0.00027403,Tocris,Cat #: 0106; CAS: 79055-68-8,6
kpni,12,"2018,2019,2020,2021,2022,2024,2025","{""2018"": 1, ""2019"": 1, ""2020"": 2, ""2021"": 3, ""2022"": 3, ""2024"": 1, ""2025"": 1}","{""2018"": 0.002639, ""2019"": 0.001698, ""2020"": 0.003063, ""2021"": 0.004016, ""2022"": 0.00468, ""2024"": 0.002299, ""2025"": 0.001828}",0.002889,-3.202e-05,New England Biolab,Cat# R0142S,7
gentamicin solution,6,"2020,2021,2022","{""2020"": 1, ""2021"": 3, ""2022"": 2}","{""2020"": 0.001531, ""2021"": 0.004016, ""2022"": 0.00312}",0.002889,0.00079437,Sigma-Aldrich,Cat#G1397. CAS:1405-41-0,3
0.05% trypsin,6,"2022,2023,2024,2025","{""2022"": 1, ""2023"": 1, ""2024"": 2, ""2025"": 2}","{""2022"": 0.00156, ""2023"": 0.001742, ""2024"": 0.004598, ""2025"": 0.003656}",0.002889,0.00091443,Corning,Cat# MT25052CI,3
flt3l,6,"2022,2023,2024,2025","{""2022"": 1, ""2023"": 1, ""2024"": 2, ""2025"": 2}","{""2022"": 0.00156, ""2023"": 0.001742, ""2024"": 0.004598, ""2025"": 0.003656}",0.002889,0.00091443,Peprotech,250-31L,5
d-desthiobiotin,9,"2017,2019,2021,2022,2023,2024,2025","{""2017"": 1, ""2019"": 1, ""2021"": 1, ""2022"": 1, ""2023"": 2, ""2024"": 1, ""2025"": 2}","{""2017"": 0.006173, ""2019"": 0.001698, ""2021"": 0.001339, ""2022"": 0.00156, ""2023"": 0.003484, ""2024"": 0.002299, ""2025"": 0.003656}",0.002887,-0.00020087,IBA,Cat#D1411,6
iodoacetamide (iaa),11,"2019,2020,2021,2022,2023,2025","{""2019"": 1, ""2020"": 1, ""2021"": 3, ""2022"": 3, ""2023"": 1, ""2025"": 2}","{""2019"": 0.001698, ""2020"": 0.001531, ""2021"": 0.004016, ""2022"": 0.00468, ""2023"": 0.001742, ""2025"": 0.003656}",0.002887,0.00027058,Sigma-Aldrich,Cat # I6125,8
indole-3-acetic acid (iaa),7,"2019,2020,2022,2025","{""2019"": 3, ""2020"": 2, ""2022"": 1, ""2025"": 1}","{""2019"": 0.005093, ""2020"": 0.003063, ""2022"": 0.00156, ""2025"": 0.001828}",0.002886,-0.00048329,Sigma-Aldrich,Cat# I3750,4
peptivator sars-cov-2 prot_s,6,"2021,2022,2023","{""2021"": 4, ""2022"": 1, ""2023"": 1}","{""2021"": 0.005355, ""2022"": 0.00156, ""2023"": 0.001742}",0.002886,-0.0018063,Miltenyi Biotec,Cat #130-127-953,3
permount,7,"2017,2018,2019,2020,2023,2025","{""2017"": 1, ""2018"": 1, ""2019"": 2, ""2020"": 1, ""2023"": 1, ""2025"": 1}","{""2017"": 0.006173, ""2018"": 0.002639, ""2019"": 0.003396, ""2020"": 0.001531, ""2023"": 0.001742, ""2025"": 0.001828}",0.002885,-0.00039282,Fisher Scientific,cat. SP15–500,4
rnase-free dnase i,6,"2020,2023,2024,2025","{""2020"": 1, ""2023"": 1, ""2024"": 2, ""2025"": 2}","{""2020"": 0.001531, ""2023"": 0.001742, ""2024"": 0.004598, ""2025"": 0.003656}",0.002882,0.00052258,QIAGEN,Cat#79254,3
il-4,10,"2019,2021,2022,2023,2024,2025","{""2019"": 2, ""2021"": 1, ""2022"": 2, ""2023"": 2, ""2024"": 1, ""2025"": 2}","{""2019"": 0.003396, ""2021"": 0.001339, ""2022"": 0.00312, ""2023"": 0.003484, ""2024"": 0.002299, ""2025"": 0.003656}",0.002882,7.547e-05,Peprotech,Cat# 214-14,7
nupage 4-12% bis-tris protein gels,6,"2017,2019,2020,2022,2023","{""2017"": 1, ""2019"": 2, ""2020"": 1, ""2022"": 1, ""2023"": 1}","{""2017"": 0.006173, ""2019"": 0.003396, ""2020"": 0.001531, ""2022"": 0.00156, ""2023"": 0.001742}",0.00288,-0.0007214,Thermo Fisher Scientific,NP0336BOX,4
lambda exonuclease,8,"2020,2021,2023,2024,2025","{""2020"": 2, ""2021"": 1, ""2023"": 1, ""2024"": 2, ""2025"": 2}","{""2020"": 0.003063, ""2021"": 0.001339, ""2023"": 0.001742, ""2024"": 0.004598, ""2025"": 0.003656}",0.00288,0.00033742,NEB,Cat# M0262S,2
protein assay dye,6,"2017,2019,2020,2022,2023","{""2017"": 1, ""2019"": 2, ""2020"": 1, ""2022"": 1, ""2023"": 1}","{""2017"": 0.006173, ""2019"": 0.003396, ""2020"": 0.001531, ""2022"": 0.00156, ""2023"": 0.001742}",0.00288,-0.0007214,Bio-Rad,Cat# 5000006,2
protease and phosphatase inhibitors,5,"2021,2024,2025","{""2021"": 2, ""2024"": 1, ""2025"": 2}","{""2021"": 0.002677, ""2024"": 0.002299, ""2025"": 0.003656}",0.002878,0.00015914,Thermo Fisher Scientific,B15001 - B14001,4
piperidine,8,"2017,2020,2021,2022,2023,2025","{""2017"": 1, ""2020"": 2, ""2021"": 1, ""2022"": 2, ""2023"": 1, ""2025"": 1}","{""2017"": 0.006173, ""2020"": 0.003063, ""2021"": 0.001339, ""2022"": 0.00312, ""2023"": 0.001742, ""2025"": 0.001828}",0.002877,-0.00052479,Sigma-Aldrich,104094,5
fcs,9,"2019,2020,2021,2022,2025","{""2019"": 2, ""2020"": 1, ""2021"": 2, ""2022"": 2, ""2025"": 2}","{""2019"": 0.003396, ""2020"": 0.001531, ""2021"": 0.002677, ""2022"": 0.00312, ""2025"": 0.003656}",0.002876,0.00017314,Sigma,5010,9
cell stimulation cocktail,9,"2017,2019,2021,2022,2023,2024,2025","{""2017"": 1, ""2019"": 1, ""2021"": 1, ""2022"": 1, ""2023"": 3, ""2024"": 1, ""2025"": 1}","{""2017"": 0.006173, ""2019"": 0.001698, ""2021"": 0.001339, ""2022"": 0.00156, ""2023"": 0.005226, ""2024"": 0.002299, ""2025"": 0.001828}",0.002875,-0.00028007,eBioscience,Cat# 00-4970-93,4
phosphoric acid,8,"2019,2021,2023,2024,2025","{""2019"": 1, ""2021"": 2, ""2023"": 1, ""2024"": 2, ""2025"": 2}","{""2019"": 0.001698, ""2021"": 0.002677, ""2023"": 0.001742, ""2024"": 0.004598, ""2025"": 0.003656}",0.002874,0.00036152,Sigma-Aldrich,Cat#345245,6
streptozotocin,7,"2019,2021,2023,2024","{""2019"": 1, ""2021"": 3, ""2023"": 2, ""2024"": 1}","{""2019"": 0.001698, ""2021"": 0.004016, ""2023"": 0.003484, ""2024"": 0.002299}",0.002874,0.00012521,Sigma-Aldrich,S0130,3
ercc rna spike-in mix,11,"2019,2020,2021,2022,2023,2025","{""2019"": 2, ""2020"": 1, ""2021"": 4, ""2022"": 1, ""2023"": 1, ""2025"": 2}","{""2019"": 0.003396, ""2020"": 0.001531, ""2021"": 0.005355, ""2022"": 0.00156, ""2023"": 0.001742, ""2025"": 0.003656}",0.002873,-6.28e-06,Thermo Fisher Scientific,Cat#4456740,2
hegf,6,"2018,2021,2022,2023","{""2018"": 2, ""2021"": 1, ""2022"": 2, ""2023"": 1}","{""2018"": 0.005277, ""2021"": 0.001339, ""2022"": 0.00312, ""2023"": 0.001742}",0.00287,-0.00065905,Sigma-Aldrich,Cat# GF144,4
streptavidin pe,10,"2018,2019,2020,2021,2023,2025","{""2018"": 1, ""2019"": 1, ""2020"": 2, ""2021"": 2, ""2023"": 2, ""2025"": 2}","{""2018"": 0.002639, ""2019"": 0.001698, ""2020"": 0.003063, ""2021"": 0.002677, ""2023"": 0.003484, ""2025"": 0.003656}",0.00287,0.00021235,Biolegend,Cat# 405204,7
neurobasal-a medium,11,"2018,2019,2020,2021,2022,2023,2024","{""2018"": 2, ""2019"": 1, ""2020"": 3, ""2021"": 1, ""2022"": 2, ""2023"": 1, ""2024"": 1}","{""2018"": 0.005277, ""2019"": 0.001698, ""2020"": 0.004594, ""2021"": 0.001339, ""2022"": 0.00312, ""2023"": 0.001742, ""2024"": 0.002299}",0.002867,-0.00036857,Thermo Fisher Scientific,10888-022,4
rq1 rnase-free dnase,11,"2018,2019,2020,2021,2023,2024,2025","{""2018"": 1, ""2019"": 3, ""2020"": 1, ""2021"": 1, ""2023"": 2, ""2024"": 1, ""2025"": 2}","{""2018"": 0.002639, ""2019"": 0.005093, ""2020"": 0.001531, ""2021"": 0.001339, ""2023"": 0.003484, ""2024"": 0.002299, ""2025"": 0.003656}",0.002863,6.41e-06,Promega,Cat#M6101,2
isoproterenol,10,"2018,2021,2022,2023,2024,2025","{""2018"": 1, ""2021"": 4, ""2022"": 1, ""2023"": 2, ""2024"": 1, ""2025"": 1}","{""2018"": 0.002639, ""2021"": 0.005355, ""2022"": 0.00156, ""2023"": 0.003484, ""2024"": 0.002299, ""2025"": 0.001828}",0.002861,-0.00016875,Sigma-Aldrich,Cat# I6504,7
hexane,6,"2018,2020,2021,2024","{""2018"": 1, ""2020"": 1, ""2021"": 2, ""2024"": 2}","{""2018"": 0.002639, ""2020"": 0.001531, ""2021"": 0.002677, ""2024"": 0.004598}",0.002861,0.00038439,Sigma,1043911000,6
mitosox red,9,"2017,2018,2019,2021,2022,2023,2025","{""2017"": 1, ""2018"": 1, ""2019"": 2, ""2021"": 2, ""2022"": 1, ""2023"": 1, ""2025"": 1}","{""2017"": 0.006173, ""2018"": 0.002639, ""2019"": 0.003396, ""2021"": 0.002677, ""2022"": 0.00156, ""2023"": 0.001742, ""2025"": 0.001828}",0.002859,-0.00043138,Invitrogen,Cat# M36008,1
sali,5,"2017,2018,2021,2024,2025","{""2017"": 1, ""2018"": 1, ""2021"": 1, ""2024"": 1, ""2025"": 1}","{""2017"": 0.006173, ""2018"": 0.002639, ""2021"": 0.001339, ""2024"": 0.002299, ""2025"": 0.001828}",0.002855,-0.00036796,NEB,R3138S,5
bsmbi,8,"2017,2019,2020,2021,2022,2023","{""2017"": 1, ""2019"": 1, ""2020"": 1, ""2021"": 2, ""2022"": 1, ""2023"": 2}","{""2017"": 0.006173, ""2019"": 0.001698, ""2020"": 0.001531, ""2021"": 0.002677, ""2022"": 0.00156, ""2023"": 0.003484}",0.002854,-0.00041459,New England Biolabs,R0580,5
triton x100,7,"2017,2019,2021,2022,2023,2024","{""2017"": 1, ""2019"": 1, ""2021"": 1, ""2022"": 1, ""2023"": 1, ""2024"": 2}","{""2017"": 0.006173, ""2019"": 0.001698, ""2021"": 0.001339, ""2022"": 0.00156, ""2023"": 0.001742, ""2024"": 0.004598}",0.002852,-0.00027204,Sigma-Aldrich,Cat# X100-500ml,6
coenzyme a,6,"2017,2019,2021,2022,2023","{""2017"": 1, ""2019"": 1, ""2021"": 1, ""2022"": 1, ""2023"": 2}","{""2017"": 0.006173, ""2019"": 0.001698, ""2021"": 0.001339, ""2022"": 0.00156, ""2023"": 0.003484}",0.002851,-0.0004744,Sigma-Aldrich,C3144–1G,3
il-7,8,"2021,2022,2023,2024,2025","{""2021"": 1, ""2022"": 1, ""2023"": 1, ""2024"": 1, ""2025"": 4}","{""2021"": 0.001339, ""2022"": 0.00156, ""2023"": 0.001742, ""2024"": 0.002299, ""2025"": 0.007313}",0.00285,0.00126866,Peprotech,200–07,4
pdgf-aa,8,"2019,2021,2022,2023,2024","{""2019"": 1, ""2021"": 1, ""2022"": 2, ""2023"": 2, ""2024"": 2}","{""2019"": 0.001698, ""2021"": 0.001339, ""2022"": 0.00312, ""2023"": 0.003484, ""2024"": 0.004598}",0.002848,0.00061455,Peprotech,Cat# 100-13A,4
sodium phosphate monobasic,8,"2019,2021,2022,2023,2024","{""2019"": 1, ""2021"": 1, ""2022"": 2, ""2023"": 2, ""2024"": 2}","{""2019"": 0.001698, ""2021"": 0.001339, ""2022"": 0.00312, ""2023"": 0.003484, ""2024"": 0.004598}",0.002848,0.00061455,Sigma-Aldrich,S8282; CAS: 7558-80-7,7
t3,13,"2018,2019,2020,2021,2022,2023,2024,2025","{""2018"": 1, ""2019"": 2, ""2020"": 2, ""2021"": 2, ""2022"": 1, ""2023"": 2, ""2024"": 1, ""2025"": 2}","{""2018"": 0.002639, ""2019"": 0.003396, ""2020"": 0.003063, ""2021"": 0.002677, ""2022"": 0.00156, ""2023"": 0.003484, ""2024"": 0.002299, ""2025"": 0.003656}",0.002847,2.129e-05,Sigma,T2877,4
quickextract dna extraction solution,8,"2021,2022,2023,2024,2025","{""2021"": 2, ""2022"": 1, ""2023"": 1, ""2024"": 2, ""2025"": 2}","{""2021"": 0.002677, ""2022"": 0.00156, ""2023"": 0.001742, ""2024"": 0.004598, ""2025"": 0.003656}",0.002847,0.00049955,Biosearch Technologies,Cat#QE09050,6
hotstartaq dna polymerase,10,"2018,2019,2020,2021,2022,2025","{""2018"": 1, ""2019"": 1, ""2020"": 2, ""2021"": 1, ""2022"": 3, ""2025"": 2}","{""2018"": 0.002639, ""2019"": 0.001698, ""2020"": 0.003063, ""2021"": 0.001339, ""2022"": 0.00468, ""2025"": 0.003656}",0.002846,0.00025223,QIAGEN,Cat# 203205,4
paraquat,6,"2018,2019,2020,2021","{""2018"": 2, ""2019"": 1, ""2020"": 2, ""2021"": 1}","{""2018"": 0.005277, ""2019"": 0.001698, ""2020"": 0.003063, ""2021"": 0.001339}",0.002844,-0.00104501,Sigma-Aldrich,Cat. #856177,2
gibson assembly master mix,9,"2019,2020,2021,2022,2025","{""2019"": 1, ""2020"": 2, ""2021"": 2, ""2022"": 2, ""2025"": 2}","{""2019"": 0.001698, ""2020"": 0.003063, ""2021"": 0.002677, ""2022"": 0.00312, ""2025"": 0.003656}",0.002843,0.00026421,NEB,Cat#E2611S,4
addavax,12,"2019,2020,2021,2022,2023,2024,2025","{""2019"": 2, ""2020"": 1, ""2021"": 2, ""2022"": 3, ""2023"": 2, ""2024"": 1, ""2025"": 1}","{""2019"": 0.003396, ""2020"": 0.001531, ""2021"": 0.002677, ""2022"": 0.00468, ""2023"": 0.003484, ""2024"": 0.002299, ""2025"": 0.001828}",0.002842,-8.43e-05,InvivoGen,Cat# vac-adx-10,2
thpta,7,"2018,2022,2023,2024,2025","{""2018"": 1, ""2022"": 1, ""2023"": 1, ""2024"": 2, ""2025"": 2}","{""2018"": 0.002639, ""2022"": 0.00156, ""2023"": 0.001742, ""2024"": 0.004598, ""2025"": 0.003656}",0.002839,0.00019433,Sigma,Cat no. 762342,3
4-ap,7,"2018,2022,2023,2024,2025","{""2018"": 1, ""2022"": 1, ""2023"": 1, ""2024"": 2, ""2025"": 2}","{""2018"": 0.002639, ""2022"": 0.00156, ""2023"": 0.001742, ""2024"": 0.004598, ""2025"": 0.003656}",0.002839,0.00019433,Sigma-Aldrich,HB1073,4
tn5,6,"2021,2023,2024,2025","{""2021"": 1, ""2023"": 1, ""2024"": 2, ""2025"": 2}","{""2021"": 0.001339, ""2023"": 0.001742, ""2024"": 0.004598, ""2025"": 0.003656}",0.002834,0.00073134,Schmid-Burgk et al. 43,C01070012,6
lithium chloride,9,"2018,2019,2021,2022,2023,2024","{""2018"": 2, ""2019"": 1, ""2021"": 2, ""2022"": 1, ""2023"": 2, ""2024"": 1}","{""2018"": 0.005277, ""2019"": 0.001698, ""2021"": 0.002677, ""2022"": 0.00156, ""2023"": 0.003484, ""2024"": 0.002299}",0.002833,-0.00024723,Sigma-Aldrich,5922-500ML,8
normal rat serum,5,"2021,2023,2025","{""2021"": 1, ""2023"": 2, ""2025"": 2}","{""2021"": 0.001339, ""2023"": 0.003484, ""2025"": 0.003656}",0.002826,0.0005794,Thermo Fisher Scientific,Cat#10710C,4
"4’,6-diamidino-2-phenylindole (dapi)",8,"2019,2021,2023,2024,2025","{""2019"": 3, ""2021"": 1, ""2023"": 1, ""2024"": 1, ""2025"": 2}","{""2019"": 0.005093, ""2021"": 0.001339, ""2023"": 0.001742, ""2024"": 0.002299, ""2025"": 0.003656}",0.002826,-0.00021387,Sigma Aldrich,Cat#D1306,5
poly-l-ornithine solution,5,"2021,2023,2025","{""2021"": 1, ""2023"": 2, ""2025"": 2}","{""2021"": 0.001339, ""2023"": 0.003484, ""2025"": 0.003656}",0.002826,0.0005794,Sigma,Cat # RNBK5888,3
hoechst-33342,5,"2021,2023,2025","{""2021"": 1, ""2023"": 2, ""2025"": 2}","{""2021"": 0.001339, ""2023"": 0.003484, ""2025"": 0.003656}",0.002826,0.0005794,ThermoFisher,Cat#H3570,3
essential 8 medium,10,"2019,2020,2021,2022,2023,2024","{""2019"": 1, ""2020"": 1, ""2021"": 1, ""2022"": 2, ""2023"": 4, ""2024"": 1}","{""2019"": 0.001698, ""2020"": 0.001531, ""2021"": 0.001339, ""2022"": 0.00312, ""2023"": 0.006969, ""2024"": 0.002299}",0.002826,0.00060281,Thermo Fisher Scientific,A1517001,1
hygromycin b gold,8,"2019,2022,2023,2024,2025","{""2019"": 2, ""2022"": 2, ""2023"": 2, ""2024"": 1, ""2025"": 1}","{""2019"": 0.003396, ""2022"": 0.00312, ""2023"": 0.003484, ""2024"": 0.002299, ""2025"": 0.001828}",0.002825,-0.0002404,InvivoGen,Ant-hg-1,2
choline chloride,8,"2019,2022,2023,2024,2025","{""2019"": 2, ""2022"": 2, ""2023"": 2, ""2024"": 1, ""2025"": 1}","{""2019"": 0.003396, ""2022"": 0.00312, ""2023"": 0.003484, ""2024"": 0.002299, ""2025"": 0.001828}",0.002825,-0.0002404,Sigma-Aldrich,C7527,3
spermine,10,"2017,2018,2019,2021,2022,2023,2024,2025","{""2017"": 1, ""2018"": 1, ""2019"": 1, ""2021"": 1, ""2022"": 2, ""2023"": 2, ""2024"": 1, ""2025"": 1}","{""2017"": 0.006173, ""2018"": 0.002639, ""2019"": 0.001698, ""2021"": 0.001339, ""2022"": 0.00312, ""2023"": 0.003484, ""2024"": 0.002299, ""2025"": 0.001828}",0.002822,-0.00024674,Sigma,85590,5
fluo-4 am,5,"2019,2020,2023","{""2019"": 1, ""2020"": 1, ""2023"": 3}","{""2019"": 0.001698, ""2020"": 0.001531, ""2023"": 0.005226}",0.002819,0.00096283,Invitrogen,Cat# F-14201,1
lovastatin,7,"2017,2019,2021,2023,2024,2025","{""2017"": 1, ""2019"": 1, ""2021"": 1, ""2023"": 1, ""2024"": 1, ""2025"": 2}","{""2017"": 0.006173, ""2019"": 0.001698, ""2021"": 0.001339, ""2023"": 0.001742, ""2024"": 0.002299, ""2025"": 0.003656}",0.002818,-0.00024282,Sigma,PHR1285,4
leibovitz’s l15 medium,5,"2019,2020,2025","{""2019"": 3, ""2020"": 1, ""2025"": 1}","{""2019"": 0.005093, ""2020"": 0.001531, ""2025"": 0.001828}",0.002818,-0.00034951,GIBCO,Cat# 21083-027,2
ve-821,7,"2020,2021,2023,2025","{""2020"": 1, ""2021"": 2, ""2023"": 3, ""2025"": 1}","{""2020"": 0.001531, ""2021"": 0.002677, ""2023"": 0.005226, ""2025"": 0.001828}",0.002816,0.0001461,Sigma,Cat# SML1415,4
tissue-tek oct compound,7,"2019,2020,2021,2025","{""2019"": 2, ""2020"": 1, ""2021"": 2, ""2025"": 2}","{""2019"": 0.003396, ""2020"": 0.001531, ""2021"": 0.002677, ""2025"": 0.003656}",0.002815,0.00016807,Sakura,Cat# 4583,5
thiazovivin,9,"2019,2021,2022,2023,2024,2025","{""2019"": 1, ""2021"": 1, ""2022"": 1, ""2023"": 1, ""2024"": 3, ""2025"": 2}","{""2019"": 0.001698, ""2021"": 0.001339, ""2022"": 0.00156, ""2023"": 0.001742, ""2024"": 0.006897, ""2025"": 0.003656}",0.002815,0.00061893,StemCell Technologies,Cat#SML1045,9
benzyl benzoate,9,"2019,2020,2021,2022,2023","{""2019"": 1, ""2020"": 1, ""2021"": 2, ""2022"": 3, ""2023"": 2}","{""2019"": 0.001698, ""2020"": 0.001531, ""2021"": 0.002677, ""2022"": 0.00468, ""2023"": 0.003484}",0.002814,0.00067218,Sigma-Aldrich,Cat# B6630,3
anti-flag® m2 magnetic beads,5,"2019,2022,2023","{""2019"": 2, ""2022"": 1, ""2023"": 2}","{""2019"": 0.003396, ""2022"": 0.00156, ""2023"": 0.003484}",0.002813,-0.00012413,Sigma-Aldrich,M8823,1
recombinant human il-1β,7,"2020,2021,2022,2025","{""2020"": 1, ""2021"": 2, ""2022"": 1, ""2025"": 3}","{""2020"": 0.001531, ""2021"": 0.002677, ""2022"": 0.00156, ""2025"": 0.005484}",0.002813,0.00076523,Peprotech,Cat#201-LB-010-CF,5
o.c.t.,6,"2021,2023,2024,2025","{""2021"": 1, ""2023"": 2, ""2024"": 2, ""2025"": 1}","{""2021"": 0.001339, ""2023"": 0.003484, ""2024"": 0.004598, ""2025"": 0.001828}",0.002812,0.00031593,Bio Optica,Cat #23-730-571,5
"opti-mem, reduced serum medium",5,"2018,2021,2022","{""2018"": 1, ""2021"": 2, ""2022"": 2}","{""2018"": 0.002639, ""2021"": 0.002677, ""2022"": 0.00312}",0.002812,9.56e-05,ThermoFisher,Cat# 11058021,2
dulbecco’s modification of eagle’s medium,6,"2019,2022,2024,2025","{""2019"": 1, ""2022"": 2, ""2024"": 2, ""2025"": 1}","{""2019"": 0.001698, ""2022"": 0.00312, ""2024"": 0.004598, ""2025"": 0.001828}",0.002811,0.00018879,Corning,10–013-CV,3
drb,9,"2017,2018,2019,2020,2021,2022,2025","{""2017"": 1, ""2018"": 1, ""2019"": 1, ""2020"": 1, ""2021"": 2, ""2022"": 2, ""2025"": 1}","{""2017"": 0.006173, ""2018"": 0.002639, ""2019"": 0.001698, ""2020"": 0.001531, ""2021"": 0.002677, ""2022"": 0.00312, ""2025"": 0.001828}",0.002809,-0.00030058,Sigma-Aldrich,Cat# D1916,2
perm/wash buffer,12,"2019,2020,2021,2022,2023,2024,2025","{""2019"": 2, ""2020"": 2, ""2021"": 3, ""2022"": 1, ""2023"": 2, ""2024"": 1, ""2025"": 1}","{""2019"": 0.003396, ""2020"": 0.003063, ""2021"": 0.004016, ""2022"": 0.00156, ""2023"": 0.003484, ""2024"": 0.002299, ""2025"": 0.001828}",0.002807,-0.0002415,BD Biosciences,Cat# 554723,4
immobilized papain,6,"2018,2020,2021,2023","{""2018"": 2, ""2020"": 1, ""2021"": 2, ""2023"": 1}","{""2018"": 0.005277, ""2020"": 0.001531, ""2021"": 0.002677, ""2023"": 0.001742}",0.002807,-0.00063571,ThermoScientific,Cat# 20341,1
dulbecco’s phosphate buffered saline (pbs),12,"2019,2020,2021,2022,2023,2024,2025","{""2019"": 2, ""2020"": 2, ""2021"": 3, ""2022"": 1, ""2023"": 2, ""2024"": 1, ""2025"": 1}","{""2019"": 0.003396, ""2020"": 0.003063, ""2021"": 0.004016, ""2022"": 0.00156, ""2023"": 0.003484, ""2024"": 0.002299, ""2025"": 0.001828}",0.002807,-0.0002415,Sigma-Aldrich,Cat# D8537-500ML,7
anti-pe microbeads,6,"2018,2020,2023,2025","{""2018"": 1, ""2020"": 1, ""2023"": 3, ""2025"": 1}","{""2018"": 0.002639, ""2020"": 0.001531, ""2023"": 0.005226, ""2025"": 0.001828}",0.002806,9.332e-05,Miltenyi Biotec,Cat#130-048-801,2
antarctic phosphatase,8,"2018,2019,2020,2021,2025","{""2018"": 1, ""2019"": 1, ""2020"": 1, ""2021"": 2, ""2025"": 3}","{""2018"": 0.002639, ""2019"": 0.001698, ""2020"": 0.001531, ""2021"": 0.002677, ""2025"": 0.005484}",0.002806,0.00050367,NEB,Cat# M0289,4
eq four element calibration beads,9,"2017,2018,2019,2020,2021,2022,2025","{""2017"": 1, ""2018"": 1, ""2019"": 1, ""2020"": 2, ""2021"": 2, ""2022"": 1, ""2025"": 1}","{""2017"": 0.006173, ""2018"": 0.002639, ""2019"": 0.001698, ""2020"": 0.003063, ""2021"": 0.002677, ""2022"": 0.00156, ""2025"": 0.001828}",0.002805,-0.00037224,Fluidigm,Cat#201078,2
dextran,5,"2019,2020,2023","{""2019"": 2, ""2020"": 1, ""2023"": 2}","{""2019"": 0.003396, ""2020"": 0.001531, ""2023"": 0.003484}",0.002804,0.00016729,ThermoFisher Scientific,Cat# D1821,5
mitotracker red cmxros,11,"2018,2019,2021,2022,2023,2024,2025","{""2018"": 1, ""2019"": 3, ""2021"": 1, ""2022"": 3, ""2023"": 1, ""2024"": 1, ""2025"": 1}","{""2018"": 0.002639, ""2019"": 0.005093, ""2021"": 0.001339, ""2022"": 0.00468, ""2023"": 0.001742, ""2024"": 0.002299, ""2025"": 0.001828}",0.002803,-0.0002471,Invitrogen,Cat# M7512,4
tween-80,9,"2019,2021,2022,2023,2025","{""2019"": 1, ""2021"": 4, ""2022"": 1, ""2023"": 1, ""2025"": 2}","{""2019"": 0.001698, ""2021"": 0.005355, ""2022"": 0.00156, ""2023"": 0.001742, ""2025"": 0.003656}",0.002802,0.00011315,Sigma Aldrich,Cat# P1754,6
potassium ferricyanide,8,"2019,2020,2022,2024,2025","{""2019"": 4, ""2020"": 1, ""2022"": 1, ""2024"": 1, ""2025"": 1}","{""2019"": 0.006791, ""2020"": 0.001531, ""2022"": 0.00156, ""2024"": 0.002299, ""2025"": 0.001828}",0.002802,-0.00051362,EMS,Cat#: 104973,6
protein a sepharose,10,"2018,2019,2020,2021,2022,2024","{""2018"": 1, ""2019"": 1, ""2020"": 3, ""2021"": 3, ""2022"": 1, ""2024"": 1}","{""2018"": 0.002639, ""2019"": 0.001698, ""2020"": 0.004594, ""2021"": 0.004016, ""2022"": 0.00156, ""2024"": 0.002299}",0.002801,-7.915e-05,GE Healthcare,Cat# 17-0780-01,8
lead nitrate,5,"2019,2022,2023","{""2019"": 3, ""2022"": 1, ""2023"": 1}","{""2019"": 0.005093, ""2022"": 0.00156, ""2023"": 0.001742}",0.002799,-0.00091626,MilliporeSigma,Cat #: 228621,3
x-tremegene hp dna transfection reagent,7,"2018,2019,2022,2023,2024","{""2018"": 1, ""2019"": 1, ""2022"": 1, ""2023"": 2, ""2024"": 2}","{""2018"": 0.002639, ""2019"": 0.001698, ""2022"": 0.00156, ""2023"": 0.003484, ""2024"": 0.004598}",0.002796,0.00030653,Roche,Cat# 6366244001,4
penicillin-streptomycin-glutamine (100x),7,"2018,2021,2023,2024,2025","{""2018"": 1, ""2021"": 1, ""2023"": 1, ""2024"": 2, ""2025"": 2}","{""2018"": 0.002639, ""2021"": 0.001339, ""2023"": 0.001742, ""2024"": 0.004598, ""2025"": 0.003656}",0.002795,0.00023438,Thermo Fisher Scientific,Cat# 10378016,1
maxima h minus reverse transcriptase,7,"2020,2021,2022,2025","{""2020"": 2, ""2021"": 1, ""2022"": 2, ""2025"": 2}","{""2020"": 0.003063, ""2021"": 0.001339, ""2022"": 0.00312, ""2025"": 0.003656}",0.002794,0.00025033,ThermoFisher,Cat# EP0753,3
emetine,7,"2018,2020,2022,2023,2024","{""2018"": 2, ""2020"": 1, ""2022"": 2, ""2023"": 1, ""2024"": 1}","{""2018"": 0.005277, ""2020"": 0.001531, ""2022"": 0.00312, ""2023"": 0.001742, ""2024"": 0.002299}",0.002794,-0.0004073,Sigma-Aldrich,Cat# E2375,3
effectene,7,"2017,2019,2020,2022,2023,2024","{""2017"": 1, ""2019"": 1, ""2020"": 1, ""2022"": 1, ""2023"": 2, ""2024"": 1}","{""2017"": 0.006173, ""2019"": 0.001698, ""2020"": 0.001531, ""2022"": 0.00156, ""2023"": 0.003484, ""2024"": 0.002299}",0.002791,-0.00032734,Qiagen,301425,2
pei,13,"2018,2019,2020,2021,2022,2023,2024,2025","{""2018"": 1, ""2019"": 1, ""2020"": 5, ""2021"": 1, ""2022"": 2, ""2023"": 1, ""2024"": 1, ""2025"": 1}","{""2018"": 0.002639, ""2019"": 0.001698, ""2020"": 0.007657, ""2021"": 0.001339, ""2022"": 0.00312, ""2023"": 0.001742, ""2024"": 0.002299, ""2025"": 0.001828}",0.00279,-0.00022179,Polysciences,A04043896-1g,9
neomycin trisulfate salt hydrate,6,"2018,2019,2021,2025","{""2018"": 1, ""2019"": 1, ""2021"": 1, ""2025"": 3}","{""2018"": 0.002639, ""2019"": 0.001698, ""2021"": 0.001339, ""2025"": 0.005484}",0.00279,0.00046666,Sigma-Aldrich,Cat# N1876,2
"penicillin-streptomycin (5,000 u/ml)",7,"2019,2021,2022,2025","{""2019"": 1, ""2021"": 2, ""2022"": 2, ""2025"": 2}","{""2019"": 0.001698, ""2021"": 0.002677, ""2022"": 0.00312, ""2025"": 0.003656}",0.002788,0.00031926,Gibco,15070063,3
s-trityl-l-cysteine (stlc),5,"2020,2021,2025","{""2020"": 1, ""2021"": 1, ""2025"": 3}","{""2020"": 0.001531, ""2021"": 0.001339, ""2025"": 0.005484}",0.002785,0.00086085,Sigma-Aldrich,"Cat#164739, CAS:2799-07-7",3
tgf-β,6,"2019,2023,2024,2025","{""2019"": 1, ""2023"": 2, ""2024"": 1, ""2025"": 2}","{""2019"": 0.001698, ""2023"": 0.003484, ""2024"": 0.002299, ""2025"": 0.003656}",0.002784,0.0002701,R&D Systems,Cat# 7666-MB-005/CF,6
dna polymerase i,7,"2020,2021,2022,2024","{""2020"": 3, ""2021"": 2, ""2022"": 1, ""2024"": 1}","{""2020"": 0.004594, ""2021"": 0.002677, ""2022"": 0.00156, ""2024"": 0.002299}",0.002783,-0.00051262,NEB,Cat# M0209S,3
lipofectamine™ rnaimax transfection reagent,8,"2020,2021,2022,2023,2024","{""2020"": 1, ""2021"": 1, ""2022"": 3, ""2023"": 1, ""2024"": 2}","{""2020"": 0.001531, ""2021"": 0.001339, ""2022"": 0.00468, ""2023"": 0.001742, ""2024"": 0.004598}",0.002778,0.00065361,Thermo Fisher Scientific,13778075,4
lipofectamine,10,"2018,2019,2021,2022,2023,2024,2025","{""2018"": 1, ""2019"": 1, ""2021"": 1, ""2022"": 1, ""2023"": 2, ""2024"": 3, ""2025"": 1}","{""2018"": 0.002639, ""2019"": 0.001698, ""2021"": 0.001339, ""2022"": 0.00156, ""2023"": 0.003484, ""2024"": 0.006897, ""2025"": 0.001828}",0.002778,0.00028739,Thermo Fisher Scientific,Cat# 18324012,8
monothioglycerol,8,"2020,2021,2022,2023,2024","{""2020"": 1, ""2021"": 1, ""2022"": 3, ""2023"": 1, ""2024"": 2}","{""2020"": 0.001531, ""2021"": 0.001339, ""2022"": 0.00468, ""2023"": 0.001742, ""2024"": 0.004598}",0.002778,0.00065361,Sigma,Cat#M6145,1
hindiii,9,"2018,2020,2021,2022,2024,2025","{""2018"": 1, ""2020"": 1, ""2021"": 2, ""2022"": 1, ""2024"": 2, ""2025"": 2}","{""2018"": 0.002639, ""2020"": 0.001531, ""2021"": 0.002677, ""2022"": 0.00156, ""2024"": 0.004598, ""2025"": 0.003656}",0.002777,0.00028272,NEB,Cat#311-01163,7
schneider’s medium,5,"2017,2018,2019,2020,2025","{""2017"": 1, ""2018"": 1, ""2019"": 1, ""2020"": 1, ""2025"": 1}","{""2017"": 0.006173, ""2018"": 0.002639, ""2019"": 0.001698, ""2020"": 0.001531, ""2025"": 0.001828}",0.002774,-0.00034997,GIBCO,Cat#21720024,3
gibco™ freestyle™ 293 expression medium,5,"2020,2022,2023","{""2020"": 1, ""2022"": 1, ""2023"": 3}","{""2020"": 0.001531, ""2022"": 0.00156, ""2023"": 0.005226}",0.002773,0.00105779,Thermo Fisher Scientific,Cat#12338026,1
rnase t1,11,"2019,2020,2021,2022,2023,2024,2025","{""2019"": 1, ""2020"": 2, ""2021"": 1, ""2022"": 1, ""2023"": 2, ""2024"": 2, ""2025"": 2}","{""2019"": 0.001698, ""2020"": 0.003063, ""2021"": 0.001339, ""2022"": 0.00156, ""2023"": 0.003484, ""2024"": 0.004598, ""2025"": 0.003656}",0.002771,0.00039611,ThermoFisher Scientific,EN0541,4
palbociclib,11,"2019,2020,2021,2022,2023,2024,2025","{""2019"": 1, ""2020"": 2, ""2021"": 1, ""2022"": 1, ""2023"": 2, ""2024"": 2, ""2025"": 2}","{""2019"": 0.001698, ""2020"": 0.003063, ""2021"": 0.001339, ""2022"": 0.00156, ""2023"": 0.003484, ""2024"": 0.004598, ""2025"": 0.003656}",0.002771,0.00039611,Selleck Chemicals,PZ0383,7
immobilon western chemiluminescent hrp substrate,7,"2017,2019,2020,2022,2024,2025","{""2017"": 1, ""2019"": 1, ""2020"": 2, ""2022"": 1, ""2024"": 1, ""2025"": 1}","{""2017"": 0.006173, ""2019"": 0.001698, ""2020"": 0.003063, ""2022"": 0.00156, ""2024"": 0.002299, ""2025"": 0.001828}",0.00277,-0.00038756,Millipore,Cat# WBKLS0500,1
"collagenase, type iv",6,"2019,2021,2023,2024","{""2019"": 2, ""2021"": 1, ""2023"": 1, ""2024"": 2}","{""2019"": 0.003396, ""2021"": 0.001339, ""2023"": 0.001742, ""2024"": 0.004598}",0.002769,0.00014784,Thermo Fisher Scientific,Cat# 17104019,3
live/dead fixable blue dead cell stain kit,7,"2019,2020,2021,2024","{""2019"": 1, ""2020"": 2, ""2021"": 3, ""2024"": 1}","{""2019"": 0.001698, ""2020"": 0.003063, ""2021"": 0.004016, ""2024"": 0.002299}",0.002769,3.13e-05,Thermo Fisher Scientific,Cat# L23105,3
shield-1,7,"2017,2018,2020,2021,2022,2025","{""2017"": 1, ""2018"": 1, ""2020"": 2, ""2021"": 1, ""2022"": 1, ""2025"": 1}","{""2017"": 0.006173, ""2018"": 0.002639, ""2020"": 0.003063, ""2021"": 0.001339, ""2022"": 0.00156, ""2025"": 0.001828}",0.002767,-0.0004457,Clontech,Cat#632189,4
bio,5,"2017,2018,2019,2022,2023","{""2017"": 1, ""2018"": 1, ""2019"": 1, ""2022"": 1, ""2023"": 1}","{""2017"": 0.006173, ""2018"": 0.002639, ""2019"": 0.001698, ""2022"": 0.00156, ""2023"": 0.001742}",0.002762,-0.00053673,Sigma-Aldrich,Cat# B1686; CAS 667463-62-9,3
prolong gold antifade with dapi,5,"2019,2020,2025","{""2019"": 2, ""2020"": 2, ""2025"": 1}","{""2019"": 0.003396, ""2020"": 0.003063, ""2025"": 0.001828}",0.002762,-0.00025662,Invitrogen,Cat# P36931,2
d-mannitol,9,"2018,2020,2021,2023,2024,2025","{""2018"": 1, ""2020"": 2, ""2021"": 1, ""2023"": 1, ""2024"": 1, ""2025"": 3}","{""2018"": 0.002639, ""2020"": 0.003063, ""2021"": 0.001339, ""2023"": 0.001742, ""2024"": 0.002299, ""2025"": 0.005484}",0.002761,0.00021634,Sigma-Aldrich,Cat# M4125,4
ficoll,6,"2018,2020,2021,2022","{""2018"": 2, ""2020"": 1, ""2021"": 2, ""2022"": 1}","{""2018"": 0.005277, ""2020"": 0.001531, ""2021"": 0.002677, ""2022"": 0.00156}",0.002761,-0.00085921,Eurobio,Cat# GAUFIC0065,5
vanadyl ribonucleoside complex,5,"2017,2018,2019,2020,2023","{""2017"": 1, ""2018"": 1, ""2019"": 1, ""2020"": 1, ""2023"": 1}","{""2017"": 0.006173, ""2018"": 0.002639, ""2019"": 0.001698, ""2020"": 0.001531, ""2023"": 0.001742}",0.002757,-0.00056591,New England Biolabs,S1402S,2
protein g agarose beads,10,"2018,2019,2020,2022,2023,2024,2025","{""2018"": 2, ""2019"": 1, ""2020"": 2, ""2022"": 1, ""2023"": 1, ""2024"": 1, ""2025"": 2}","{""2018"": 0.005277, ""2019"": 0.001698, ""2020"": 0.003063, ""2022"": 0.00156, ""2023"": 0.001742, ""2024"": 0.002299, ""2025"": 0.003656}",0.002756,-0.00016179,Roche,20398,8
anti-ha magnetic beads,8,"2019,2021,2023,2024,2025","{""2019"": 2, ""2021"": 2, ""2023"": 1, ""2024"": 1, ""2025"": 2}","{""2019"": 0.003396, ""2021"": 0.002677, ""2023"": 0.001742, ""2024"": 0.002299, ""2025"": 0.003656}",0.002754,-4.584e-05,Thermo Fisher Scientific,Cat#88837,4
"insulin, human recombinant",6,"2018,2020,2023,2025","{""2018"": 1, ""2020"": 2, ""2023"": 2, ""2025"": 1}","{""2018"": 0.002639, ""2020"": 0.003063, ""2023"": 0.003484, ""2025"": 0.001828}",0.002753,-7.6e-05,Sigma,Cat#I-9278,3
pilocarpine hydrochloride,6,"2022,2023,2024,2025","{""2022"": 1, ""2023"": 2, ""2024"": 1, ""2025"": 2}","{""2022"": 0.00156, ""2023"": 0.003484, ""2024"": 0.002299, ""2025"": 0.003656}",0.00275,0.00051033,Sigma-Aldrich,P6503,1
sybr safe dna gel stain,9,"2018,2019,2020,2021,2023,2025","{""2018"": 2, ""2019"": 1, ""2020"": 1, ""2021"": 2, ""2023"": 2, ""2025"": 1}","{""2018"": 0.005277, ""2019"": 0.001698, ""2020"": 0.001531, ""2021"": 0.002677, ""2023"": 0.003484, ""2025"": 0.001828}",0.002749,-0.0001905,Invitrogen,S33102,1
apamin,5,"2019,2020,2023","{""2019"": 1, ""2020"": 2, ""2023"": 2}","{""2019"": 0.001698, ""2020"": 0.003063, ""2023"": 0.003484}",0.002748,0.00037599,Tocris,Cat#1652,2
4egi-1,5,"2019,2020,2023","{""2019"": 1, ""2020"": 2, ""2023"": 2}","{""2019"": 0.001698, ""2020"": 0.003063, ""2023"": 0.003484}",0.002748,0.00037599,Selleckchem,Cat#S7369; CAS#315706-13-9,3
5-fluorouracil (5-fu),5,"2019,2020,2023","{""2019"": 1, ""2020"": 2, ""2023"": 2}","{""2019"": 0.001698, ""2020"": 0.003063, ""2023"": 0.003484}",0.002748,0.00037599,Sigma-Aldrich,CAT#F6627,2
gateway lr clonase ii enzyme mix,5,"2017,2019,2023,2024,2025","{""2017"": 1, ""2019"": 1, ""2023"": 1, ""2024"": 1, ""2025"": 1}","{""2017"": 0.006173, ""2019"": 0.001698, ""2023"": 0.001742, ""2024"": 0.002299, ""2025"": 0.001828}",0.002748,-0.00039486,Invitrogen,11791020,4
toluidine blue,10,"2019,2020,2021,2022,2023,2025","{""2019"": 1, ""2020"": 1, ""2021"": 1, ""2022"": 2, ""2023"": 4, ""2025"": 1}","{""2019"": 0.001698, ""2020"": 0.001531, ""2021"": 0.001339, ""2022"": 0.00312, ""2023"": 0.006969, ""2025"": 0.001828}",0.002747,0.00036228,Sigma-Aldrich,26074-15,7
cesium chloride,9,"2018,2020,2021,2023,2024,2025","{""2018"": 1, ""2020"": 2, ""2021"": 1, ""2023"": 2, ""2024"": 1, ""2025"": 2}","{""2018"": 0.002639, ""2020"": 0.003063, ""2021"": 0.001339, ""2023"": 0.003484, ""2024"": 0.002299, ""2025"": 0.003656}",0.002747,0.00010849,Sigma-Aldrich,Cas# 7647-17-8,7
halocarbon oil 27,10,"2019,2020,2021,2022,2023,2025","{""2019"": 1, ""2020"": 1, ""2021"": 1, ""2022"": 2, ""2023"": 4, ""2025"": 1}","{""2019"": 0.001698, ""2020"": 0.001531, ""2021"": 0.001339, ""2022"": 0.00312, ""2023"": 0.006969, ""2025"": 0.001828}",0.002747,0.00036228,Sigma,Cat#H8773,1
"ampicillin, sodium salt",6,"2021,2022,2023,2024","{""2021"": 1, ""2022"": 1, ""2023"": 2, ""2024"": 2}","{""2021"": 0.001339, ""2022"": 0.00156, ""2023"": 0.003484, ""2024"": 0.004598}",0.002745,0.00117013,AmericanBio,Ab00115,4
phosphocreatine disodium salt hydrate,8,"2017,2018,2019,2020,2021,2024,2025","{""2017"": 1, ""2018"": 1, ""2019"": 2, ""2020"": 1, ""2021"": 1, ""2024"": 1, ""2025"": 1}","{""2017"": 0.006173, ""2018"": 0.002639, ""2019"": 0.003396, ""2020"": 0.001531, ""2021"": 0.001339, ""2024"": 0.002299, ""2025"": 0.001828}",0.002743,-0.00034423,Sigma-Aldrich,Cat#P7936,1
1m hepes,5,"2019,2021,2023","{""2019"": 2, ""2021"": 1, ""2023"": 2}","{""2019"": 0.003396, ""2021"": 0.001339, ""2023"": 0.003484}",0.00274,2.218e-05,Thermo Fisher Scientific,Cat# 15630-080,2
direct red 80,5,"2019,2021,2023","{""2019"": 2, ""2021"": 1, ""2023"": 2}","{""2019"": 0.003396, ""2021"": 0.001339, ""2023"": 0.003484}",0.00274,2.218e-05,Sigma,Cat# 365548,1
nifedipine,9,"2017,2019,2020,2021,2022,2023,2025","{""2017"": 1, ""2019"": 1, ""2020"": 1, ""2021"": 1, ""2022"": 2, ""2023"": 2, ""2025"": 1}","{""2017"": 0.006173, ""2019"": 0.001698, ""2020"": 0.001531, ""2021"": 0.001339, ""2022"": 0.00312, ""2023"": 0.003484, ""2025"": 0.001828}",0.002739,-0.00029088,Sigma,N-7634,2
cccp,9,"2018,2019,2020,2021,2023,2024","{""2018"": 1, ""2019"": 2, ""2020"": 1, ""2021"": 1, ""2023"": 3, ""2024"": 1}","{""2018"": 0.002639, ""2019"": 0.003396, ""2020"": 0.001531, ""2021"": 0.001339, ""2023"": 0.005226, ""2024"": 0.002299}",0.002738,0.00014346,Sigma,Cat#C2759,2
mln4924,12,"2018,2019,2020,2021,2022,2023,2024,2025","{""2018"": 1, ""2019"": 2, ""2020"": 2, ""2021"": 1, ""2022"": 1, ""2023"": 2, ""2024"": 2, ""2025"": 1}","{""2018"": 0.002639, ""2019"": 0.003396, ""2020"": 0.003063, ""2021"": 0.001339, ""2022"": 0.00156, ""2023"": 0.003484, ""2024"": 0.004598, ""2025"": 0.001828}",0.002738,2.171e-05,Active Biochem,Cat#5054770001,6
thioflavin s,7,"2017,2019,2021,2023,2024,2025","{""2017"": 1, ""2019"": 1, ""2021"": 2, ""2023"": 1, ""2024"": 1, ""2025"": 1}","{""2017"": 0.006173, ""2019"": 0.001698, ""2021"": 0.002677, ""2023"": 0.001742, ""2024"": 0.002299, ""2025"": 0.001828}",0.002736,-0.00039162,Sigma-Aldrich,T1892,4
antipain,5,"2017,2018,2019,2021,2025","{""2017"": 1, ""2018"": 1, ""2019"": 1, ""2021"": 1, ""2025"": 1}","{""2017"": 0.006173, ""2018"": 0.002639, ""2019"": 0.001698, ""2021"": 0.001339, ""2025"": 0.001828}",0.002735,-0.00037535,Roth,CAT#2933.2,4
s63845,7,"2020,2021,2022,2025","{""2020"": 1, ""2021"": 1, ""2022"": 4, ""2025"": 1}","{""2020"": 0.001531, ""2021"": 0.001339, ""2022"": 0.00624, ""2025"": 0.001828}",0.002735,7.736e-05,ApexBio,Cat# A8737,5
lipofectamine rnai max,8,"2017,2018,2021,2022,2023,2024,2025","{""2017"": 1, ""2018"": 1, ""2021"": 1, ""2022"": 2, ""2023"": 1, ""2024"": 1, ""2025"": 1}","{""2017"": 0.006173, ""2018"": 0.002639, ""2021"": 0.001339, ""2022"": 0.00312, ""2023"": 0.001742, ""2024"": 0.002299, ""2025"": 0.001828}",0.002734,-0.00037226,Invitrogen,13778150,2
agencourt ampure xp,9,"2018,2019,2020,2021,2022,2024","{""2018"": 2, ""2019"": 1, ""2020"": 1, ""2021"": 3, ""2022"": 1, ""2024"": 1}","{""2018"": 0.005277, ""2019"": 0.001698, ""2020"": 0.001531, ""2021"": 0.004016, ""2022"": 0.00156, ""2024"": 0.002299}",0.00273,-0.00029319,Beckman Coulter,Cat#A63881,4
supersignal west pico chemiluminescent substrate,5,"2017,2018,2020,2022,2023","{""2017"": 1, ""2018"": 1, ""2020"": 1, ""2022"": 1, ""2023"": 1}","{""2017"": 0.006173, ""2018"": 0.002639, ""2020"": 0.001531, ""2022"": 0.00156, ""2023"": 0.001742}",0.002729,-0.00059419,Thermo Fisher,Cat# 34080,1
phorbol-12-myristate-13-acetate (pma),6,"2019,2022,2024,2025","{""2019"": 2, ""2022"": 1, ""2024"": 1, ""2025"": 2}","{""2019"": 0.003396, ""2022"": 0.00156, ""2024"": 0.002299, ""2025"": 0.003656}",0.002728,-3.6e-06,Sigma-Aldrich,CAT# 524400,5
mek inhibitor pd0325901,8,"2019,2021,2023,2024,2025","{""2019"": 3, ""2021"": 2, ""2023"": 1, ""2024"": 1, ""2025"": 1}","{""2019"": 0.005093, ""2021"": 0.002677, ""2023"": 0.001742, ""2024"": 0.002299, ""2025"": 0.001828}",0.002728,-0.00049953,ABCR,Cat#AB 253775,5
benzaldehyde,6,"2018,2019,2021,2025","{""2018"": 1, ""2019"": 3, ""2021"": 1, ""2025"": 1}","{""2018"": 0.002639, ""2019"": 0.005093, ""2021"": 0.001339, ""2025"": 0.001828}",0.002725,-0.00028052,Sigma-Aldrich,418099,4
mg132 (proteasome inhibitor),5,"2019,2021,2023","{""2019"": 3, ""2021"": 1, ""2023"": 1}","{""2019"": 0.005093, ""2021"": 0.001339, ""2023"": 0.001742}",0.002725,-0.0008378,Sigma-Aldrich,Cat # M7449,5
neurobasal-a,7,"2019,2020,2021,2025","{""2019"": 1, ""2020"": 1, ""2021"": 3, ""2025"": 2}","{""2019"": 0.001698, ""2020"": 0.001531, ""2021"": 0.004016, ""2025"": 0.003656}",0.002725,0.00033604,Thermo Fisher Scientific,10888-022,4
fitc-dextran,7,"2019,2020,2021,2025","{""2019"": 1, ""2020"": 1, ""2021"": 3, ""2025"": 2}","{""2019"": 0.001698, ""2020"": 0.001531, ""2021"": 0.004016, ""2025"": 0.003656}",0.002725,0.00033604,Sigma-Aldrich,FD4-100MG,6
protein transport inhibitor cocktail,6,"2018,2019,2022,2023","{""2018"": 1, ""2019"": 2, ""2022"": 2, ""2023"": 1}","{""2018"": 0.002639, ""2019"": 0.003396, ""2022"": 0.00312, ""2023"": 0.001742}",0.002724,-0.00015612,eBioscience,Cat #00–4980-93,5
eosin y,5,"2018,2022,2023,2024","{""2018"": 2, ""2022"": 1, ""2023"": 1, ""2024"": 1}","{""2018"": 0.005277, ""2022"": 0.00156, ""2023"": 0.001742, ""2024"": 0.002299}",0.00272,-0.00058066,Sigma,230251-25G,4
recombinant human fgf-basic,12,"2018,2019,2020,2021,2022,2023,2024,2025","{""2018"": 1, ""2019"": 1, ""2020"": 1, ""2021"": 2, ""2022"": 1, ""2023"": 3, ""2024"": 2, ""2025"": 1}","{""2018"": 0.002639, ""2019"": 0.001698, ""2020"": 0.001531, ""2021"": 0.002677, ""2022"": 0.00156, ""2023"": 0.005226, ""2024"": 0.004598, ""2025"": 0.001828}",0.00272,0.00022375,Peprotech,Cat. No. 100–18B,4
1x pbs,8,"2018,2020,2021,2022,2025","{""2018"": 1, ""2020"": 2, ""2021"": 2, ""2022"": 1, ""2025"": 2}","{""2018"": 0.002639, ""2020"": 0.003063, ""2021"": 0.002677, ""2022"": 0.00156, ""2025"": 0.003656}",0.002719,9.283e-05,Corning,Cat# 46-013-CM,6
edta 0.5m,6,"2020,2022,2024,2025","{""2020"": 1, ""2022"": 1, ""2024"": 1, ""2025"": 3}","{""2020"": 0.001531, ""2022"": 0.00156, ""2024"": 0.002299, ""2025"": 0.005484}",0.002719,0.00066659,Invitrogen,AM9260G,6
potassium ferrocyanide,8,"2019,2020,2022,2023,2024","{""2019"": 2, ""2020"": 3, ""2022"": 1, ""2023"": 1, ""2024"": 1}","{""2019"": 0.003396, ""2020"": 0.004594, ""2022"": 0.00156, ""2023"": 0.001742, ""2024"": 0.002299}",0.002718,-0.0004418,Sigma,Cat#P-3289; CAS#14459-95-1,6
d(+)-galactose,5,"2021,2024,2025","{""2021"": 3, ""2024"": 1, ""2025"": 1}","{""2021"": 0.004016, ""2024"": 0.002299, ""2025"": 0.001828}",0.002714,-0.00055285,Sigma,Cat# G0625,5
d-pbs,9,"2018,2019,2021,2023,2024,2025","{""2018"": 1, ""2019"": 3, ""2021"": 2, ""2023"": 1, ""2024"": 1, ""2025"": 1}","{""2018"": 0.002639, ""2019"": 0.005093, ""2021"": 0.002677, ""2023"": 0.001742, ""2024"": 0.002299, ""2025"": 0.001828}",0.002713,-0.0002863,Sigma-Aldrich,Cat# D8537,7
fugene6,10,"2018,2019,2020,2022,2023,2024,2025","{""2018"": 1, ""2019"": 3, ""2020"": 1, ""2022"": 1, ""2023"": 1, ""2024"": 2, ""2025"": 1}","{""2018"": 0.002639, ""2019"": 0.005093, ""2020"": 0.001531, ""2022"": 0.00156, ""2023"": 0.001742, ""2024"": 0.004598, ""2025"": 0.001828}",0.002713,-0.00010394,Promega,Cat# E2691,2
"d-glucose (u-13c6, 99%)",7,"2017,2018,2019,2020,2021,2022","{""2017"": 1, ""2018"": 1, ""2019"": 1, ""2020"": 1, ""2021"": 2, ""2022"": 1}","{""2017"": 0.006173, ""2018"": 0.002639, ""2019"": 0.001698, ""2020"": 0.001531, ""2021"": 0.002677, ""2022"": 0.00156}",0.002713,-0.00066039,Cambridge Isotope Laboratories,Cat#CLM-1396; CAS: 110187-42-3,5
sld3/7,5,"2018,2020,2023,2024","{""2018"": 2, ""2020"": 1, ""2023"": 1, ""2024"": 1}","{""2018"": 0.005277, ""2020"": 0.001531, ""2023"": 0.001742, ""2024"": 0.002299}",0.002712,-0.00042611,"Yeeles et al., 2015",,3
lds sample buffer,5,"2017,2019,2022,2024,2025","{""2017"": 1, ""2019"": 1, ""2022"": 1, ""2024"": 1, ""2025"": 1}","{""2017"": 0.006173, ""2019"": 0.001698, ""2022"": 0.00156, ""2024"": 0.002299, ""2025"": 0.001828}",0.002712,-0.0003925,Invitrogen,11549166,4
pcna,5,"2018,2020,2023,2024","{""2018"": 2, ""2020"": 1, ""2023"": 1, ""2024"": 1}","{""2018"": 0.005277, ""2020"": 0.001531, ""2023"": 0.001742, ""2024"": 0.002299}",0.002712,-0.00042611,"Yeeles et al., 2017",,4
cdc45,5,"2018,2020,2023,2024","{""2018"": 2, ""2020"": 1, ""2023"": 1, ""2024"": 1}","{""2018"": 0.005277, ""2020"": 0.001531, ""2023"": 0.001742, ""2024"": 0.002299}",0.002712,-0.00042611,"Yeeles et al., 2015",,3
gins,5,"2018,2020,2023,2024","{""2018"": 2, ""2020"": 1, ""2023"": 1, ""2024"": 1}","{""2018"": 0.005277, ""2020"": 0.001531, ""2023"": 0.001742, ""2024"": 0.002299}",0.002712,-0.00042611,"Yeeles et al., 2015",,3
mcm10,5,"2018,2020,2023,2024","{""2018"": 2, ""2020"": 1, ""2023"": 1, ""2024"": 1}","{""2018"": 0.005277, ""2020"": 0.001531, ""2023"": 0.001742, ""2024"": 0.002299}",0.002712,-0.00042611,"Yeeles et al., 2015",,3
cdt1-mcm2-7,5,"2018,2020,2023,2024","{""2018"": 2, ""2020"": 1, ""2023"": 1, ""2024"": 1}","{""2018"": 0.005277, ""2020"": 0.001531, ""2023"": 0.001742, ""2024"": 0.002299}",0.002712,-0.00042611,"Coster et al., 2014",,3
sld2,5,"2018,2020,2023,2024","{""2018"": 2, ""2020"": 1, ""2023"": 1, ""2024"": 1}","{""2018"": 0.005277, ""2020"": 0.001531, ""2023"": 0.001742, ""2024"": 0.002299}",0.002712,-0.00042611,"Yeeles et al., 2015",,3
ddk,5,"2018,2020,2023,2024","{""2018"": 2, ""2020"": 1, ""2023"": 1, ""2024"": 1}","{""2018"": 0.005277, ""2020"": 0.001531, ""2023"": 0.001742, ""2024"": 0.002299}",0.002712,-0.00042611,"On et al., 2014",,3
dpb11,5,"2018,2020,2023,2024","{""2018"": 2, ""2020"": 1, ""2023"": 1, ""2024"": 1}","{""2018"": 0.005277, ""2020"": 0.001531, ""2023"": 0.001742, ""2024"": 0.002299}",0.002712,-0.00042611,"Yeeles et al., 2015",,3
rfc,5,"2018,2020,2023,2024","{""2018"": 2, ""2020"": 1, ""2023"": 1, ""2024"": 1}","{""2018"": 0.005277, ""2020"": 0.001531, ""2023"": 0.001742, ""2024"": 0.002299}",0.002712,-0.00042611,"Yeeles et al., 2017",,3
rpmi medium,10,"2019,2021,2022,2023,2024,2025","{""2019"": 1, ""2021"": 3, ""2022"": 3, ""2023"": 1, ""2024"": 1, ""2025"": 1}","{""2019"": 0.001698, ""2021"": 0.004016, ""2022"": 0.00468, ""2023"": 0.001742, ""2024"": 0.002299, ""2025"": 0.001828}",0.002711,-0.00011598,Gibco,Cat# 72400-047,9
quick ligase,8,"2019,2020,2022,2023,2025","{""2019"": 1, ""2020"": 2, ""2022"": 1, ""2023"": 1, ""2025"": 3}","{""2019"": 0.001698, ""2020"": 0.003063, ""2022"": 0.00156, ""2023"": 0.001742, ""2025"": 0.005484}",0.002709,0.00042483,NEB,M2200S,3
nitrotetrazolium blue chloride,5,"2021,2022,2023","{""2021"": 1, ""2022"": 1, ""2023"": 3}","{""2021"": 0.001339, ""2022"": 0.00156, ""2023"": 0.005226}",0.002708,0.0019439,Sigma Aldrich,Cat# N6876,2
bay 11-7082,5,"2021,2022,2023","{""2021"": 1, ""2022"": 1, ""2023"": 3}","{""2021"": 0.001339, ""2022"": 0.00156, ""2023"": 0.005226}",0.002708,0.0019439,Fisher,S2913,4
monensin sodium salt,5,"2019,2020,2025","{""2019"": 1, ""2020"": 3, ""2025"": 1}","{""2019"": 0.001698, ""2020"": 0.004594, ""2025"": 0.001828}",0.002707,-0.00016374,Millipore Sigma,Cat#M5273,3
neurobasal media,6,"2019,2021,2024,2025","{""2019"": 1, ""2021"": 1, ""2024"": 1, ""2025"": 3}","{""2019"": 0.001698, ""2021"": 0.001339, ""2024"": 0.002299, ""2025"": 0.005484}",0.002705,0.0005237,Life Technologies,21103049,3
albumin from chicken egg white (ova),5,"2021,2022,2025","{""2021"": 1, ""2022"": 2, ""2025"": 2}","{""2021"": 0.001339, ""2022"": 0.00312, ""2025"": 0.003656}",0.002705,0.00048694,Sigma-Aldrich,A5503,2
"dna polymerase i, large (klenow) fragment",9,"2018,2019,2020,2022,2023,2025","{""2018"": 1, ""2019"": 3, ""2020"": 1, ""2022"": 1, ""2023"": 1, ""2025"": 2}","{""2018"": 0.002639, ""2019"": 0.005093, ""2020"": 0.001531, ""2022"": 0.00156, ""2023"": 0.001742, ""2025"": 0.003656}",0.002704,-7.659e-05,New England Biolabs,Cat# M0210S,5
liberase th,5,"2018,2023,2024,2025","{""2018"": 1, ""2023"": 1, ""2024"": 2, ""2025"": 1}","{""2018"": 0.002639, ""2023"": 0.001742, ""2024"": 0.004598, ""2025"": 0.001828}",0.002702,1.602e-05,Roche,792347,5
calmodulin-sepharose 4b,5,"2018,2019,2020,2024","{""2018"": 2, ""2019"": 1, ""2020"": 1, ""2024"": 1}","{""2018"": 0.005277, ""2019"": 0.001698, ""2020"": 0.001531, ""2024"": 0.002299}",0.002701,-0.00027748,GE Healthcare,Cat# 17-0529-01,2
dopamine,6,"2021,2022,2023,2024","{""2021"": 1, ""2022"": 2, ""2023"": 1, ""2024"": 2}","{""2021"": 0.001339, ""2022"": 0.00312, ""2023"": 0.001742, ""2024"": 0.004598}",0.0027,0.00083991,Sigma-Aldrich,Cat#PHR1090-1G,5
"formalin solution, neutral buffered, 10%",9,"2018,2020,2021,2023,2024,2025","{""2018"": 1, ""2020"": 1, ""2021"": 2, ""2023"": 3, ""2024"": 1, ""2025"": 1}","{""2018"": 0.002639, ""2020"": 0.001531, ""2021"": 0.002677, ""2023"": 0.005226, ""2024"": 0.002299, ""2025"": 0.001828}",0.0027,4.922e-05,Sigma Aldrich,Cat# HT501128,3
glucose oxidase from aspergillus niger,6,"2017,2018,2019,2022,2024,2025","{""2017"": 1, ""2018"": 1, ""2019"": 1, ""2022"": 1, ""2024"": 1, ""2025"": 1}","{""2017"": 0.006173, ""2018"": 0.002639, ""2019"": 0.001698, ""2022"": 0.00156, ""2024"": 0.002299, ""2025"": 0.001828}",0.002699,-0.00031977,Sigma-Aldrich,G7141,5
dulbecco’s pbs,7,"2020,2021,2022,2023","{""2020"": 3, ""2021"": 1, ""2022"": 2, ""2023"": 1}","{""2020"": 0.004594, ""2021"": 0.001339, ""2022"": 0.00312, ""2023"": 0.001742}",0.002699,-0.00067746,Sigma-Aldrich,Cat#D8537,6
agei-hf,8,"2020,2021,2022,2024,2025","{""2020"": 2, ""2021"": 1, ""2022"": 2, ""2024"": 1, ""2025"": 2}","{""2020"": 0.003063, ""2021"": 0.001339, ""2022"": 0.00312, ""2024"": 0.002299, ""2025"": 0.003656}",0.002695,0.00015765,NEB,Cat#R3552L,3
fgf-2,6,"2018,2021,2024,2025","{""2018"": 1, ""2021"": 3, ""2024"": 1, ""2025"": 1}","{""2018"": 0.002639, ""2021"": 0.004016, ""2024"": 0.002299, ""2025"": 0.001828}",0.002695,-0.0001496,PeproTech,Cat# 223-FB-500,4
cyclophosphamide,5,"2017,2019,2022,2023,2024","{""2017"": 1, ""2019"": 1, ""2022"": 1, ""2023"": 1, ""2024"": 1}","{""2017"": 0.006173, ""2019"": 0.001698, ""2022"": 0.00156, ""2023"": 0.001742, ""2024"": 0.002299}",0.002694,-0.00047488,Sigma-Aldrich,Cat# C7397,3
peanut oil,7,"2017,2019,2020,2021,2022,2024","{""2017"": 1, ""2019"": 1, ""2020"": 1, ""2021"": 1, ""2022"": 2, ""2024"": 1}","{""2017"": 0.006173, ""2019"": 0.001698, ""2020"": 0.001531, ""2021"": 0.001339, ""2022"": 0.00312, ""2024"": 0.002299}",0.002693,-0.00039057,Sigma,P2144,3
mcc950,7,"2017,2019,2020,2021,2022,2024","{""2017"": 1, ""2019"": 1, ""2020"": 1, ""2021"": 1, ""2022"": 2, ""2024"": 1}","{""2017"": 0.006173, ""2019"": 0.001698, ""2020"": 0.001531, ""2021"": 0.001339, ""2022"": 0.00312, ""2024"": 0.002299}",0.002693,-0.00039057,SelleckChem,S7809,6
lb broth (miller),8,"2017,2018,2020,2021,2022,2023,2024","{""2017"": 1, ""2018"": 1, ""2020"": 1, ""2021"": 1, ""2022"": 2, ""2023"": 1, ""2024"": 1}","{""2017"": 0.006173, ""2018"": 0.002639, ""2020"": 0.001531, ""2021"": 0.001339, ""2022"": 0.00312, ""2023"": 0.001742, ""2024"": 0.002299}",0.002692,-0.00038687,Sigma-Aldrich,Cat# L3522,2
magnesium chloride solution,5,"2021,2023,2025","{""2021"": 2, ""2023"": 1, ""2025"": 2}","{""2021"": 0.002677, ""2023"": 0.001742, ""2025"": 0.003656}",0.002692,0.00024473,Sigma-Aldrich,Cas# 7786-30-3,3
concentrated hydrochloric acid (hcl),7,"2019,2020,2021,2022","{""2019"": 1, ""2020"": 3, ""2021"": 1, ""2022"": 2}","{""2019"": 0.001698, ""2020"": 0.004594, ""2021"": 0.001339, ""2022"": 0.00312}",0.002688,0.00010115,Sigma-Aldrich,Cat# H1758,1
tris(2-carboxyethyl)phosphine (tcep),5,"2018,2021,2024,2025","{""2018"": 2, ""2021"": 1, ""2024"": 1, ""2025"": 1}","{""2018"": 0.005277, ""2021"": 0.001339, ""2024"": 0.002299, ""2025"": 0.001828}",0.002686,-0.00041216,Pierce,Cat#20491,3
dhpg,5,"2020,2021,2025","{""2020"": 2, ""2021"": 1, ""2025"": 2}","{""2020"": 0.003063, ""2021"": 0.001339, ""2025"": 0.003656}",0.002686,0.00025033,Tocris,Cat. Number: 0805,4
imatinib,6,"2019,2022,2023,2024","{""2019"": 2, ""2022"": 1, ""2023"": 2, ""2024"": 1}","{""2019"": 0.003396, ""2022"": 0.00156, ""2023"": 0.003484, ""2024"": 0.002299}",0.002685,-0.00015034,Stratech Scientific,B2171-APE-10mM,6
dss,6,"2017,2018,2019,2022,2023,2024","{""2017"": 1, ""2018"": 1, ""2019"": 1, ""2022"": 1, ""2023"": 1, ""2024"": 1}","{""2017"": 0.006173, ""2018"": 0.002639, ""2019"": 0.001698, ""2022"": 0.00156, ""2023"": 0.001742, ""2024"": 0.002299}",0.002685,-0.0003857,MP Biomedicals,Cat#0216011080,4
digoxigenin-11-utp,5,"2017,2018,2020,2021,2023","{""2017"": 1, ""2018"": 1, ""2020"": 1, ""2021"": 1, ""2023"": 1}","{""2017"": 0.006173, ""2018"": 0.002639, ""2020"": 0.001531, ""2021"": 0.001339, ""2023"": 0.001742}",0.002685,-0.00063797,Roche,Cat# 00000001109−3088910,5
trisure,5,"2019,2020,2022","{""2019"": 2, ""2020"": 1, ""2022"": 2}","{""2019"": 0.003396, ""2020"": 0.001531, ""2022"": 0.00312}",0.002682,3.478e-05,Bioline,Cat# 38033,3
ez-link sulfo-nhs-biotin,5,"2020,2021,2024","{""2020"": 2, ""2021"": 2, ""2024"": 1}","{""2020"": 0.003063, ""2021"": 0.002677, ""2024"": 0.002299}",0.00268,-0.00017603,Thermo Scientific,Cat# 21217,1
ifn-β,5,"2020,2021,2024","{""2020"": 2, ""2021"": 2, ""2024"": 1}","{""2020"": 0.003063, ""2021"": 0.002677, ""2024"": 0.002299}",0.00268,-0.00017603,PBL Assay,Cat# 12400-1,5
azd8055,5,"2020,2021,2024","{""2020"": 2, ""2021"": 2, ""2024"": 1}","{""2020"": 0.003063, ""2021"": 0.002677, ""2024"": 0.002299}",0.00268,-0.00017603,Selleckchem,Cat. No. S1555,2
mycophenolic acid,5,"2020,2022,2025","{""2020"": 1, ""2022"": 3, ""2025"": 1}","{""2020"": 0.001531, ""2022"": 0.00468, ""2025"": 0.001828}",0.00268,-2.039e-05,Sigma-Aldrich,Cat#M3536-50MG,2
recombinant mouse m-csf,6,"2019,2020,2023,2024","{""2019"": 2, ""2020"": 1, ""2023"": 2, ""2024"": 1}","{""2019"": 0.003396, ""2020"": 0.001531, ""2023"": 0.003484, ""2024"": 0.002299}",0.002678,1.103e-05,Peprotech,Cat#315-02,4
hispur ni-nta resin,8,"2019,2021,2022,2023,2025","{""2019"": 1, ""2021"": 1, ""2022"": 2, ""2023"": 1, ""2025"": 3}","{""2019"": 0.001698, ""2021"": 0.001339, ""2022"": 0.00312, ""2023"": 0.001742, ""2025"": 0.005484}",0.002677,0.00058817,Thermo Scientific,88221,3
maxpar x8 multimetal labeling kit,5,"2017,2018,2019,2020,2021","{""2017"": 1, ""2018"": 1, ""2019"": 1, ""2020"": 1, ""2021"": 1}","{""2017"": 0.006173, ""2018"": 0.002639, ""2019"": 0.001698, ""2020"": 0.001531, ""2021"": 0.001339}",0.002676,-0.00107754,Fluidigm,Cat# 201300,1
methyl-β-cyclodextrin,5,"2019,2020,2022","{""2019"": 2, ""2020"": 2, ""2022"": 1}","{""2019"": 0.003396, ""2020"": 0.003063, ""2022"": 0.00156}",0.002673,-0.00063177,Sigma,C4555,2
ouabain,6,"2019,2021,2024,2025","{""2019"": 2, ""2021"": 1, ""2024"": 1, ""2025"": 2}","{""2019"": 0.003396, ""2021"": 0.001339, ""2024"": 0.002299, ""2025"": 0.003656}",0.002672,6.017e-05,Sigma-Aldrich,Cat#HY-B0542,4
recombinant human fgf10,7,"2019,2020,2021,2023","{""2019"": 2, ""2020"": 1, ""2021"": 3, ""2023"": 1}","{""2019"": 0.003396, ""2020"": 0.001531, ""2021"": 0.004016, ""2023"": 0.001742}",0.002671,-0.00024765,R&D Systems,Cat# 100-26,4
cytofix/cytoperm solution,6,"2020,2023,2024,2025","{""2020"": 2, ""2023"": 2, ""2024"": 1, ""2025"": 1}","{""2020"": 0.003063, ""2023"": 0.003484, ""2024"": 0.002299, ""2025"": 0.001828}",0.002669,-0.00023094,Becton Dickinson,BDB554714,4
gsk343,6,"2018,2019,2021,2025","{""2018"": 1, ""2019"": 1, ""2021"": 2, ""2025"": 2}","{""2018"": 0.002639, ""2019"": 0.001698, ""2021"": 0.002677, ""2025"": 0.003656}",0.002667,0.00020805,Sigma-Aldrich,Cat# SML0766,3
peg300,7,"2017,2020,2021,2022,2023,2025","{""2017"": 1, ""2020"": 1, ""2021"": 1, ""2022"": 1, ""2023"": 1, ""2025"": 2}","{""2017"": 0.006173, ""2020"": 0.001531, ""2021"": 0.001339, ""2022"": 0.00156, ""2023"": 0.001742, ""2025"": 0.003656}",0.002667,-0.0003184,MedChemExpress,Cat# HY-Y0873,5
tankyrase inhibitor xav939,7,"2019,2021,2022,2025","{""2019"": 1, ""2021"": 3, ""2022"": 2, ""2025"": 1}","{""2019"": 0.001698, ""2021"": 0.004016, ""2022"": 0.00312, ""2025"": 0.001828}",0.002666,-5.117e-05,Cell Guidance Systems,Cat#SMS38-200,4
anti-flag m2 agarose resin,6,"2019,2020,2023,2024","{""2019"": 3, ""2020"": 1, ""2023"": 1, ""2024"": 1}","{""2019"": 0.005093, ""2020"": 0.001531, ""2023"": 0.001742, ""2024"": 0.002299}",0.002666,-0.00039236,Sigma-Aldrich,Cat# A2220,1
e64d,9,"2018,2019,2021,2022,2023,2025","{""2018"": 1, ""2019"": 2, ""2021"": 1, ""2022"": 1, ""2023"": 3, ""2025"": 1}","{""2018"": 0.002639, ""2019"": 0.003396, ""2021"": 0.001339, ""2022"": 0.00156, ""2023"": 0.005226, ""2025"": 0.001828}",0.002665,-2.131e-05,Tocris,Cat#4545,7
cuso 4,6,"2020,2021,2024,2025","{""2020"": 1, ""2021"": 1, ""2024"": 1, ""2025"": 3}","{""2020"": 0.001531, ""2021"": 0.001339, ""2024"": 0.002299, ""2025"": 0.005484}",0.002663,0.00066605,Sigma-Aldrich,C1297,6
murine rnase inhibitor,8,"2020,2021,2022,2023,2025","{""2020"": 1, ""2021"": 1, ""2022"": 1, ""2023"": 3, ""2025"": 2}","{""2020"": 0.001531, ""2021"": 0.001339, ""2022"": 0.00156, ""2023"": 0.005226, ""2025"": 0.003656}",0.002663,0.00061698,NEB,M0314L,4
complete freund’s adjuvant (cfa),5,"2021,2023,2025","{""2021"": 2, ""2023"": 2, ""2025"": 1}","{""2021"": 0.002677, ""2023"": 0.003484, ""2025"": 0.001828}",0.002663,-0.00021231,Sigma Aldrich,F5881,2
tetrodotoxin citrate (ttx),7,"2018,2019,2020,2023,2024","{""2018"": 1, ""2019"": 3, ""2020"": 1, ""2023"": 1, ""2024"": 1}","{""2018"": 0.002639, ""2019"": 0.005093, ""2020"": 0.001531, ""2023"": 0.001742, ""2024"": 0.002299}",0.002661,-0.00024597,Tocris,Cat# 1078,2
sensor chip protein a,7,"2020,2021,2022,2023","{""2020"": 1, ""2021"": 2, ""2022"": 3, ""2023"": 1}","{""2020"": 0.001531, ""2021"": 0.002677, ""2022"": 0.00468, ""2023"": 0.001742}",0.002658,0.00026351,Cytiva,Cat#29127555,1
ksom,5,"2018,2022,2024,2025","{""2018"": 1, ""2022"": 1, ""2024"": 2, ""2025"": 1}","{""2018"": 0.002639, ""2022"": 0.00156, ""2024"": 0.004598, ""2025"": 0.001828}",0.002656,5.112e-05,Millipore,Cat#MR-106-D,3
"n,n-dimethylformamide",6,"2020,2022,2024,2025","{""2020"": 1, ""2022"": 2, ""2024"": 1, ""2025"": 2}","{""2020"": 0.001531, ""2022"": 0.00312, ""2024"": 0.002299, ""2025"": 0.003656}",0.002652,0.0003084,Thermo,326871000,5
10% tween 20,7,"2020,2021,2022,2023","{""2020"": 2, ""2021"": 2, ""2022"": 2, ""2023"": 1}","{""2020"": 0.003063, ""2021"": 0.002677, ""2022"": 0.00312, ""2023"": 0.001742}",0.002651,-0.00035191,Bio-Rad,Cat# 1662404,2
l-lysine,9,"2019,2020,2021,2023,2024,2025","{""2019"": 1, ""2020"": 1, ""2021"": 2, ""2023"": 1, ""2024"": 2, ""2025"": 2}","{""2019"": 0.001698, ""2020"": 0.001531, ""2021"": 0.002677, ""2023"": 0.001742, ""2024"": 0.004598, ""2025"": 0.003656}",0.00265,0.00039546,Sigma,Cat#W384720-100G-K,5
dntp,9,"2019,2020,2021,2023,2024,2025","{""2019"": 1, ""2020"": 1, ""2021"": 2, ""2023"": 1, ""2024"": 2, ""2025"": 2}","{""2019"": 0.001698, ""2020"": 0.001531, ""2021"": 0.002677, ""2023"": 0.001742, ""2024"": 0.004598, ""2025"": 0.003656}",0.00265,0.00039546,New England BioLabs,Cat#N0447L,6
sch772984,7,"2020,2021,2022,2023","{""2020"": 1, ""2021"": 3, ""2022"": 1, ""2023"": 2}","{""2020"": 0.001531, ""2021"": 0.004016, ""2022"": 0.00156, ""2023"": 0.003484}",0.002648,0.00034028,MedChemExpress,HY-50846,3
buffer rlt plus,5,"2021,2022,2023","{""2021"": 1, ""2022"": 2, ""2023"": 2}","{""2021"": 0.001339, ""2022"": 0.00312, ""2023"": 0.003484}",0.002648,0.00107282,Qiagen,Cat#1053393,2
fast green fcf,9,"2019,2021,2022,2023,2024,2025","{""2019"": 1, ""2021"": 1, ""2022"": 3, ""2023"": 1, ""2024"": 2, ""2025"": 1}","{""2019"": 0.001698, ""2021"": 0.001339, ""2022"": 0.00468, ""2023"": 0.001742, ""2024"": 0.004598, ""2025"": 0.001828}",0.002647,0.00020122,Sigma-Aldrich,F7252,5
edc,6,"2020,2021,2022,2024","{""2020"": 1, ""2021"": 1, ""2022"": 2, ""2024"": 2}","{""2020"": 0.001531, ""2021"": 0.001339, ""2022"": 0.00312, ""2024"": 0.004598}",0.002647,0.00085039,Sigma-Aldrich,Cat. # PG82079,4
10x phosphate buffered saline (pbs),6,"2019,2020,2024,2025","{""2019"": 2, ""2020"": 2, ""2024"": 1, ""2025"": 1}","{""2019"": 0.003396, ""2020"": 0.003063, ""2024"": 0.002299, ""2025"": 0.001828}",0.002646,-0.00023962,Boston BioProducts,Cat# BM-220-10XS,4
sali-hf,6,"2020,2022,2024,2025","{""2020"": 2, ""2022"": 1, ""2024"": 1, ""2025"": 2}","{""2020"": 0.003063, ""2022"": 0.00156, ""2024"": 0.002299, ""2025"": 0.003656}",0.002645,0.00010221,New England Biolabs,R3138S,4
bovine pituitary extract,7,"2018,2020,2022,2024,2025","{""2018"": 1, ""2020"": 2, ""2022"": 1, ""2024"": 1, ""2025"": 2}","{""2018"": 0.002639, ""2020"": 0.003063, ""2022"": 0.00156, ""2024"": 0.002299, ""2025"": 0.003656}",0.002643,4.665e-05,Gibco,Cat# 13028-014,3
ammonium hydroxide,8,"2018,2019,2020,2021,2023,2024","{""2018"": 1, ""2019"": 1, ""2020"": 1, ""2021"": 1, ""2023"": 1, ""2024"": 3}","{""2018"": 0.002639, ""2019"": 0.001698, ""2020"": 0.001531, ""2021"": 0.001339, ""2023"": 0.001742, ""2024"": 0.006897}",0.002641,0.00052071,Sigma-Aldrich,Cat# 60-023-92,4
gsk3 inhibitor chir99021,6,"2019,2021,2024,2025","{""2019"": 3, ""2021"": 1, ""2024"": 1, ""2025"": 1}","{""2019"": 0.005093, ""2021"": 0.001339, ""2024"": 0.002299, ""2025"": 0.001828}",0.00264,-0.00040336,ABCR,Cat#AB 253776,4
ghost dye red 780,8,"2019,2020,2021,2024,2025","{""2019"": 1, ""2020"": 1, ""2021"": 3, ""2024"": 1, ""2025"": 2}","{""2019"": 0.001698, ""2020"": 0.001531, ""2021"": 0.004016, ""2024"": 0.002299, ""2025"": 0.003656}",0.00264,0.00022517,Tonbo Biosciences,Cat#13-0865,7
halt phosphatase inhibitor cocktail,9,"2019,2021,2022,2023,2024,2025","{""2019"": 2, ""2021"": 1, ""2022"": 1, ""2023"": 1, ""2024"": 1, ""2025"": 3}","{""2019"": 0.003396, ""2021"": 0.001339, ""2022"": 0.00156, ""2023"": 0.001742, ""2024"": 0.002299, ""2025"": 0.005484}",0.002637,0.00025691,Thermo Fisher Scientific,Cat#78420,5
baclofen,6,"2018,2021,2022,2025","{""2018"": 1, ""2021"": 2, ""2022"": 1, ""2025"": 2}","{""2018"": 0.002639, ""2021"": 0.002677, ""2022"": 0.00156, ""2025"": 0.003656}",0.002633,0.00012014,Tocris,Cat. Number: B5399,4
ham’s f-12 nutrient mix,9,"2019,2020,2022,2023,2024,2025","{""2019"": 1, ""2020"": 1, ""2022"": 2, ""2023"": 2, ""2024"": 1, ""2025"": 2}","{""2019"": 0.001698, ""2020"": 0.001531, ""2022"": 0.00312, ""2023"": 0.003484, ""2024"": 0.002299, ""2025"": 0.003656}",0.002631,0.00030795,Thermo Fisher Scientific,11765054,6
10% formalin,9,"2019,2021,2022,2023,2024,2025","{""2019"": 1, ""2021"": 1, ""2022"": 1, ""2023"": 3, ""2024"": 1, ""2025"": 2}","{""2019"": 0.001698, ""2021"": 0.001339, ""2022"": 0.00156, ""2023"": 0.005226, ""2024"": 0.002299, ""2025"": 0.003656}",0.00263,0.00039007,VWR,SF1004,8
biolock biotin blocking solution,5,"2020,2021,2023","{""2020"": 2, ""2021"": 1, ""2023"": 2}","{""2020"": 0.003063, ""2021"": 0.001339, ""2023"": 0.003484}",0.002629,0.0002737,IBA Lifescience,Cat#: 2-0205-050,3
wnt-c59,9,"2020,2021,2022,2023,2024,2025","{""2020"": 1, ""2021"": 2, ""2022"": 1, ""2023"": 1, ""2024"": 2, ""2025"": 2}","{""2020"": 0.001531, ""2021"": 0.002677, ""2022"": 0.00156, ""2023"": 0.001742, ""2024"": 0.004598, ""2025"": 0.003656}",0.002628,0.00047336,Tocris,Cat# 5148,6
phosphate buffer saline (pbs),10,"2019,2020,2021,2022,2023,2025","{""2019"": 1, ""2020"": 1, ""2021"": 3, ""2022"": 2, ""2023"": 1, ""2025"": 2}","{""2019"": 0.001698, ""2020"": 0.001531, ""2021"": 0.004016, ""2022"": 0.00312, ""2023"": 0.001742, ""2025"": 0.003656}",0.002627,0.00024829,Sigma-Aldrich,Cat#D8537,8
avidin/biotin blocking kit,8,"2017,2019,2020,2022,2023,2024,2025","{""2017"": 1, ""2019"": 1, ""2020"": 1, ""2022"": 2, ""2023"": 1, ""2024"": 1, ""2025"": 1}","{""2017"": 0.006173, ""2019"": 0.001698, ""2020"": 0.001531, ""2022"": 0.00312, ""2023"": 0.001742, ""2024"": 0.002299, ""2025"": 0.001828}",0.002627,-0.00033565,Vector Laboratories,Cat#SP-2001,4
pr-619,5,"2018,2020,2023,2024","{""2018"": 1, ""2020"": 1, ""2023"": 1, ""2024"": 2}","{""2018"": 0.002639, ""2020"": 0.001531, ""2023"": 0.001742, ""2024"": 0.004598}",0.002627,0.0002287,Sigma-Aldrich,Cat# 662141,3
fura-2 am,7,"2019,2020,2021,2022","{""2019"": 2, ""2020"": 1, ""2021"": 3, ""2022"": 1}","{""2019"": 0.003396, ""2020"": 0.001531, ""2021"": 0.004016, ""2022"": 0.00156}",0.002626,-0.00030219,Invitrogen,Cat#F1201,4
micrococcal nuclease (mnase),5,"2018,2019,2022,2024","{""2018"": 1, ""2019"": 1, ""2022"": 1, ""2024"": 2}","{""2018"": 0.002639, ""2019"": 0.001698, ""2022"": 0.00156, ""2024"": 0.004598}",0.002624,0.00029299,New England Biolabs,#M0247,5
giemsa stain,7,"2018,2019,2020,2021,2023","{""2018"": 2, ""2019"": 1, ""2020"": 2, ""2021"": 1, ""2023"": 1}","{""2018"": 0.005277, ""2019"": 0.001698, ""2020"": 0.003063, ""2021"": 0.001339, ""2023"": 0.001742}",0.002624,-0.00056151,Sigma-Aldrich,Cat#48900,3
"atp, [γ- 32 p]",5,"2017,2021,2022,2023,2024","{""2017"": 1, ""2021"": 1, ""2022"": 1, ""2023"": 1, ""2024"": 1}","{""2017"": 0.006173, ""2021"": 0.001339, ""2022"": 0.00156, ""2023"": 0.001742, ""2024"": 0.002299}",0.002623,-0.00061628,PerkinElmer,Cat#BLU002A,5
methyl cellulose,9,"2018,2019,2021,2022,2024,2025","{""2018"": 1, ""2019"": 2, ""2021"": 3, ""2022"": 1, ""2024"": 1, ""2025"": 1}","{""2018"": 0.002639, ""2019"": 0.003396, ""2021"": 0.004016, ""2022"": 0.00156, ""2024"": 0.002299, ""2025"": 0.001828}",0.002623,-0.0001815,Sigma-Aldrich,Cat# M0512,4
fetal bovine serum (heat inactivated),5,"2020,2021,2025","{""2020"": 1, ""2021"": 2, ""2025"": 2}","{""2020"": 0.001531, ""2021"": 0.002677, ""2025"": 0.003656}",0.002622,0.00037348,Eurobio,Cat# S182H-500,5
abt-199,6,"2018,2021,2022,2025","{""2018"": 1, ""2021"": 1, ""2022"": 3, ""2025"": 1}","{""2018"": 0.002639, ""2021"": 0.001339, ""2022"": 0.00468, ""2025"": 0.001828}",0.002621,-4.662e-05,ApexBio,Cat# A8194,5
restore plus western blot stripping buffer,7,"2020,2022,2023,2024,2025","{""2020"": 1, ""2022"": 1, ""2023"": 1, ""2024"": 2, ""2025"": 2}","{""2020"": 0.001531, ""2022"": 0.00156, ""2023"": 0.001742, ""2024"": 0.004598, ""2025"": 0.003656}",0.002618,0.00056578,Thermo Fisher Scientific,46430,1
sodium dihydrogen phosphate monohydrate,5,"2019,2020,2022","{""2019"": 1, ""2020"": 3, ""2022"": 1}","{""2019"": 0.001698, ""2020"": 0.004594, ""2022"": 0.00156}",0.002617,-0.00025607,Sigma-Aldrich,1063461000,3
peg-4000,5,"2021,2022,2025","{""2021"": 1, ""2022"": 3, ""2025"": 1}","{""2021"": 0.001339, ""2022"": 0.00468, ""2025"": 0.001828}",0.002616,-0.00012526,Thermo Scientific,Cat#EL0011,2
golgi stop,5,"2021,2022,2025","{""2021"": 1, ""2022"": 3, ""2025"": 1}","{""2021"": 0.001339, ""2022"": 0.00468, ""2025"": 0.001828}",0.002616,-0.00012526,BD Biosciences,Cat#554724,3
bd cytofix/cytoperm,7,"2019,2021,2022,2025","{""2019"": 1, ""2021"": 4, ""2022"": 1, ""2025"": 1}","{""2019"": 0.001698, ""2021"": 0.005355, ""2022"": 0.00156, ""2025"": 0.001828}",0.00261,-0.00012552,BD Biosciences,Cat#51-2090KZ,5
gw4869,6,"2018,2019,2020,2021","{""2018"": 1, ""2019"": 2, ""2020"": 2, ""2021"": 1}","{""2018"": 0.002639, ""2019"": 0.003396, ""2020"": 0.003063, ""2021"": 0.001339}",0.002609,-0.00042323,Sigma-Aldrich,cat. D1692,4
sant-1,7,"2019,2020,2022,2024,2025","{""2019"": 1, ""2020"": 1, ""2022"": 1, ""2024"": 2, ""2025"": 2}","{""2019"": 0.001698, ""2020"": 0.001531, ""2022"": 0.00156, ""2024"": 0.004598, ""2025"": 0.003656}",0.002609,0.00046185,Sigma Aldrich,Cat# S4572,3
opti-mem™ i reduced serum medium,6,"2020,2022,2023,2024","{""2020"": 1, ""2022"": 2, ""2023"": 2, ""2024"": 1}","{""2020"": 0.001531, ""2022"": 0.00312, ""2023"": 0.003484, ""2024"": 0.002299}",0.002609,0.00027549,Thermo Fisher Scientific,Cat#31985-070,4
cholesteryl hemisuccinate (chs),6,"2020,2022,2023,2024","{""2020"": 1, ""2022"": 2, ""2023"": 2, ""2024"": 1}","{""2020"": 0.001531, ""2022"": 0.00312, ""2023"": 0.003484, ""2024"": 0.002299}",0.002609,0.00027549,Sigma Aldrich,Cat#C6512,3
putrescine,11,"2019,2020,2021,2022,2023,2024,2025","{""2019"": 1, ""2020"": 2, ""2021"": 2, ""2022"": 2, ""2023"": 1, ""2024"": 1, ""2025"": 2}","{""2019"": 0.001698, ""2020"": 0.003063, ""2021"": 0.002677, ""2022"": 0.00312, ""2023"": 0.001742, ""2024"": 0.002299, ""2025"": 0.003656}",0.002608,0.00012187,Sigma,P5780,3
sytox blue,6,"2021,2022,2023,2024","{""2021"": 1, ""2022"": 1, ""2023"": 3, ""2024"": 1}","{""2021"": 0.001339, ""2022"": 0.00156, ""2023"": 0.005226, ""2024"": 0.002299}",0.002606,0.00065469,Thermo Fisher Scientific,Cat# S34857,2
glucagon,6,"2021,2022,2023,2024","{""2021"": 1, ""2022"": 1, ""2023"": 3, ""2024"": 1}","{""2021"": 0.001339, ""2022"": 0.00156, ""2023"": 0.005226, ""2024"": 0.002299}",0.002606,0.00065469,Sigma-Aldrich,G2044,3
deae-dextran hydrochloride,6,"2019,2022,2023,2024","{""2019"": 1, ""2022"": 3, ""2023"": 1, ""2024"": 1}","{""2019"": 0.001698, ""2022"": 0.00468, ""2023"": 0.001742, ""2024"": 0.002299}",0.002605,8.903e-05,Sigma Aldrich,Cat# D9885-10G,1
"tetramethylrhodamine, methyl ester, perchlorate (tmrm)",6,"2021,2022,2024,2025","{""2021"": 1, ""2022"": 2, ""2024"": 1, ""2025"": 2}","{""2021"": 0.001339, ""2022"": 0.00312, ""2024"": 0.002299, ""2025"": 0.003656}",0.002603,0.0003814,Invitrogen,Cat#T668,2
"western lightning plus-ecl, enhanced chemiluminescence substrate",7,"2020,2021,2022,2023","{""2020"": 1, ""2021"": 3, ""2022"": 2, ""2023"": 1}","{""2020"": 0.001531, ""2021"": 0.004016, ""2022"": 0.00312, ""2023"": 0.001742}",0.002602,-2.636e-05,Perkin Elmer Life Sciences,Cat# NEL105001EA,1
complete mini edta-free protease inhibitor cocktail,7,"2018,2020,2021,2022,2024","{""2018"": 1, ""2020"": 1, ""2021"": 2, ""2022"": 1, ""2024"": 2}","{""2018"": 0.002639, ""2020"": 0.001531, ""2021"": 0.002677, ""2022"": 0.00156, ""2024"": 0.004598}",0.002601,0.00029531,Roche,11836170001,2
xmai,5,"2017,2019,2022,2023,2025","{""2017"": 1, ""2019"": 1, ""2022"": 1, ""2023"": 1, ""2025"": 1}","{""2017"": 0.006173, ""2019"": 0.001698, ""2022"": 0.00156, ""2023"": 0.001742, ""2025"": 0.001828}",0.0026,-0.00044927,NEB,Cat# R0180S,3
e64,5,"2019,2020,2021","{""2019"": 2, ""2020"": 2, ""2021"": 1}","{""2019"": 0.003396, ""2020"": 0.003063, ""2021"": 0.001339}",0.002599,-0.00102845,Sigma-Aldrich,Cat# E3132,4
collagen,7,"2018,2019,2022,2023,2025","{""2018"": 1, ""2019"": 2, ""2022"": 1, ""2023"": 1, ""2025"": 2}","{""2018"": 0.002639, ""2019"": 0.003396, ""2022"": 0.00156, ""2023"": 0.001742, ""2025"": 0.003656}",0.002599,-7.05e-06,Sigma-Aldrich,5074,7
l-glutamate,10,"2018,2019,2020,2021,2022,2023,2024","{""2018"": 1, ""2019"": 1, ""2020"": 1, ""2021"": 2, ""2022"": 1, ""2023"": 2, ""2024"": 2}","{""2018"": 0.002639, ""2019"": 0.001698, ""2020"": 0.001531, ""2021"": 0.002677, ""2022"": 0.00156, ""2023"": 0.003484, ""2024"": 0.004598}",0.002598,0.00033855,gibco,Cat#25030-081,4
antimycin a from streptomyces sp.,7,"2018,2019,2020,2022,2024","{""2018"": 1, ""2019"": 2, ""2020"": 1, ""2022"": 2, ""2024"": 1}","{""2018"": 0.002639, ""2019"": 0.003396, ""2020"": 0.001531, ""2022"": 0.00312, ""2024"": 0.002299}",0.002597,-4.43e-05,Sigma-Aldrich,A8674,1
liberase tm research grade,8,"2018,2019,2020,2023,2024,2025","{""2018"": 1, ""2019"": 1, ""2020"": 2, ""2023"": 1, ""2024"": 2, ""2025"": 1}","{""2018"": 0.002639, ""2019"": 0.001698, ""2020"": 0.003063, ""2023"": 0.001742, ""2024"": 0.004598, ""2025"": 0.001828}",0.002595,5.862e-05,Roche,Cat# 5401119001,6
trypsin from bovine pancreas,5,"2017,2019,2020,2023,2025","{""2017"": 1, ""2019"": 1, ""2020"": 1, ""2023"": 1, ""2025"": 1}","{""2017"": 0.006173, ""2019"": 0.001698, ""2020"": 0.001531, ""2023"": 0.001742, ""2025"": 0.001828}",0.002594,-0.00039772,Sigma-Aldrich,Cat#T1426,4
recombinant il-2,6,"2018,2021,2022,2023","{""2018"": 1, ""2021"": 2, ""2022"": 1, ""2023"": 2}","{""2018"": 0.002639, ""2021"": 0.002677, ""2022"": 0.00156, ""2023"": 0.003484}",0.00259,4.38e-05,NIH AIDS Reagent program,www.hivreagentprogram.org,4
"acetonitrile, 80%, 20% water with 0.1% formic acid, optima lc/ms",6,"2018,2021,2022,2023","{""2018"": 1, ""2021"": 2, ""2022"": 1, ""2023"": 2}","{""2018"": 0.002639, ""2021"": 0.002677, ""2022"": 0.00156, ""2023"": 0.003484}",0.00259,4.38e-05,Fisher Scientific,Cat# 15431423,1
malate,8,"2019,2021,2022,2023,2025","{""2019"": 2, ""2021"": 2, ""2022"": 1, ""2023"": 2, ""2025"": 1}","{""2019"": 0.003396, ""2021"": 0.002677, ""2022"": 0.00156, ""2023"": 0.003484, ""2025"": 0.001828}",0.002589,-0.00019477,Sigma-Aldrich,Cat# M1000,6
hyclone fetal bovine serum,8,"2018,2019,2021,2023,2024,2025","{""2018"": 2, ""2019"": 1, ""2021"": 2, ""2023"": 1, ""2024"": 1, ""2025"": 1}","{""2018"": 0.005277, ""2019"": 0.001698, ""2021"": 0.002677, ""2023"": 0.001742, ""2024"": 0.002299, ""2025"": 0.001828}",0.002587,-0.00030205,GE Healthcare,SH3008803,8
qiaquick pcr purification kit,9,"2019,2020,2021,2022,2023,2024","{""2019"": 2, ""2020"": 1, ""2021"": 2, ""2022"": 1, ""2023"": 1, ""2024"": 2}","{""2019"": 0.003396, ""2020"": 0.001531, ""2021"": 0.002677, ""2022"": 0.00156, ""2023"": 0.001742, ""2024"": 0.004598}",0.002584,0.00015787,QIAGEN,28106,2
effectene transfection reagent,9,"2019,2020,2021,2022,2024,2025","{""2019"": 3, ""2020"": 1, ""2021"": 1, ""2022"": 1, ""2024"": 1, ""2025"": 2}","{""2019"": 0.005093, ""2020"": 0.001531, ""2021"": 0.001339, ""2022"": 0.00156, ""2024"": 0.002299, ""2025"": 0.003656}",0.00258,-5.721e-05,QIAGEN,301425,1
anti-adherence rinsing solution,7,"2021,2022,2023,2024,2025","{""2021"": 1, ""2022"": 1, ""2023"": 1, ""2024"": 2, ""2025"": 2}","{""2021"": 0.001339, ""2022"": 0.00156, ""2023"": 0.001742, ""2024"": 0.004598, ""2025"": 0.003656}",0.002579,0.00076729,StemCell Technologies,Cat# 07010,5
d-galactose,5,"2018,2021,2023,2024","{""2018"": 1, ""2021"": 1, ""2023"": 1, ""2024"": 2}","{""2018"": 0.002639, ""2021"": 0.001339, ""2023"": 0.001742, ""2024"": 0.004598}",0.002579,0.00020016,Sigma-Aldrich,Cat# G0750-500G,3
doxorubicin hydrochloride,5,"2018,2021,2023,2024","{""2018"": 1, ""2021"": 1, ""2023"": 1, ""2024"": 2}","{""2018"": 0.002639, ""2021"": 0.001339, ""2023"": 0.001742, ""2024"": 0.004598}",0.002579,0.00020016,Sigma-Aldrich,D1515,3
polybrene (hexadimethrine bromide),6,"2018,2020,2021,2023","{""2018"": 1, ""2020"": 3, ""2021"": 1, ""2023"": 1}","{""2018"": 0.002639, ""2020"": 0.004594, ""2021"": 0.001339, ""2023"": 0.001742}",0.002578,-0.00029759,Sigma-Aldrich,Cat# 107689,3
"complete protease inhibitor cocktail, edta-free",7,"2017,2019,2020,2021,2022,2025","{""2017"": 1, ""2019"": 1, ""2020"": 1, ""2021"": 2, ""2022"": 1, ""2025"": 1}","{""2017"": 0.006173, ""2019"": 0.001698, ""2020"": 0.001531, ""2021"": 0.002677, ""2022"": 0.00156, ""2025"": 0.001828}",0.002578,-0.00041758,Roche,Cat#5056489001,6
auranofin,5,"2018,2019,2024,2025","{""2018"": 1, ""2019"": 1, ""2024"": 1, ""2025"": 2}","{""2018"": 0.002639, ""2019"": 0.001698, ""2024"": 0.002299, ""2025"": 0.003656}",0.002573,0.00013689,Selleck Chemicals,Cat# S4307,3
lapatinib,6,"2019,2021,2022,2024","{""2019"": 3, ""2021"": 1, ""2022"": 1, ""2024"": 1}","{""2019"": 0.005093, ""2021"": 0.001339, ""2022"": 0.00156, ""2024"": 0.002299}",0.002573,-0.00052889,Selleckchem,Cat. No.S2111,4
pladienolide b,6,"2019,2020,2022,2025","{""2019"": 1, ""2020"": 1, ""2022"": 1, ""2025"": 3}","{""2019"": 0.001698, ""2020"": 0.001531, ""2022"": 0.00156, ""2025"": 0.005484}",0.002568,0.00063972,Santa Cruz Biotechnology,sc-391691,4
dneasy blood & tissue kit,5,"2017,2020,2022,2023,2025","{""2017"": 1, ""2020"": 1, ""2022"": 1, ""2023"": 1, ""2025"": 1}","{""2017"": 0.006173, ""2020"": 0.001531, ""2022"": 0.00156, ""2023"": 0.001742, ""2025"": 0.001828}",0.002567,-0.00051074,QIAGEN,Cat#69504,2
q5 high-fidelity 2x master mix,10,"2019,2020,2021,2022,2023,2024,2025","{""2019"": 1, ""2020"": 1, ""2021"": 1, ""2022"": 1, ""2023"": 1, ""2024"": 2, ""2025"": 3}","{""2019"": 0.001698, ""2020"": 0.001531, ""2021"": 0.001339, ""2022"": 0.00156, ""2023"": 0.001742, ""2024"": 0.004598, ""2025"": 0.005484}",0.002565,0.00063915,New England Biolabs,M0492,4
fgf10,9,"2018,2019,2020,2021,2022,2025","{""2018"": 1, ""2019"": 2, ""2020"": 2, ""2021"": 1, ""2022"": 2, ""2025"": 1}","{""2018"": 0.002639, ""2019"": 0.003396, ""2020"": 0.003063, ""2021"": 0.001339, ""2022"": 0.00312, ""2025"": 0.001828}",0.002564,-0.00015479,PeproTech,Cat#100-26,5
"4′,6-diamidino-2-phenylindole (dapi)",10,"2019,2020,2021,2022,2023,2024,2025","{""2019"": 1, ""2020"": 1, ""2021"": 2, ""2022"": 1, ""2023"": 1, ""2024"": 3, ""2025"": 1}","{""2019"": 0.001698, ""2020"": 0.001531, ""2021"": 0.002677, ""2022"": 0.00156, ""2023"": 0.001742, ""2024"": 0.006897, ""2025"": 0.001828}",0.002562,0.00036379,Thermo Fisher Scientific,Cat#D1306,7
rucaparib,6,"2019,2020,2023,2025","{""2019"": 2, ""2020"": 1, ""2023"": 2, ""2025"": 1}","{""2019"": 0.003396, ""2020"": 0.001531, ""2023"": 0.003484, ""2025"": 0.001828}",0.00256,-7.564e-05,ApexBio,Cat# A4156,4
recombinant human tgf-β1,9,"2018,2019,2020,2021,2022,2025","{""2018"": 1, ""2019"": 2, ""2020"": 3, ""2021"": 1, ""2022"": 1, ""2025"": 1}","{""2018"": 0.002639, ""2019"": 0.003396, ""2020"": 0.004594, ""2021"": 0.001339, ""2022"": 0.00156, ""2025"": 0.001828}",0.002559,-0.00025521,Peprotech,Cat# 100-21,7
cresyl violet acetate,5,"2017,2019,2020,2022,2025","{""2017"": 1, ""2019"": 1, ""2020"": 1, ""2022"": 1, ""2025"": 1}","{""2017"": 0.006173, ""2019"": 0.001698, ""2020"": 0.001531, ""2022"": 0.00156, ""2025"": 0.001828}",0.002558,-0.00042015,Sigma-Aldrich,C5042,1
dihydroethidium,5,"2017,2019,2020,2022,2025","{""2017"": 1, ""2019"": 1, ""2020"": 1, ""2022"": 1, ""2025"": 1}","{""2017"": 0.006173, ""2019"": 0.001698, ""2020"": 0.001531, ""2022"": 0.00156, ""2025"": 0.001828}",0.002558,-0.00042015,Sigma-Aldrich,Cat #: D70008,4
liberase dh,5,"2020,2021,2023","{""2020"": 3, ""2021"": 1, ""2023"": 1}","{""2020"": 0.004594, ""2021"": 0.001339, ""2023"": 0.001742}",0.002558,-0.00078604,Roche,Cat#5401020001,4
fastap thermosensitive alkaline phosphatase,7,"2018,2019,2022,2023,2025","{""2018"": 1, ""2019"": 1, ""2022"": 2, ""2023"": 2, ""2025"": 1}","{""2018"": 0.002639, ""2019"": 0.001698, ""2022"": 0.00312, ""2023"": 0.003484, ""2025"": 0.001828}",0.002554,2.96e-05,Thermo Fisher Scientific,EF0651,3
transit-293,5,"2018,2021,2023,2025","{""2018"": 2, ""2021"": 1, ""2023"": 1, ""2025"": 1}","{""2018"": 0.005277, ""2021"": 0.001339, ""2023"": 0.001742, ""2025"": 0.001828}",0.002547,-0.00047378,Mirus,Cat# MIR 2700,5
chemicals for protein crystallization,5,"2019,2020,2021","{""2019"": 1, ""2020"": 3, ""2021"": 1}","{""2019"": 0.001698, ""2020"": 0.004594, ""2021"": 0.001339}",0.002544,-0.00017955,Hampton Research,Cat#N/A,2
clozapine-n-oxide (cno),7,"2018,2021,2022,2023,2024","{""2018"": 1, ""2021"": 1, ""2022"": 3, ""2023"": 1, ""2024"": 1}","{""2018"": 0.002639, ""2021"": 0.001339, ""2022"": 0.00468, ""2023"": 0.001742, ""2024"": 0.002299}",0.00254,-2.234e-05,Enzo Life Sciences,Program Cat# C-929,6
formamide (deionized),6,"2020,2022,2023,2025","{""2020"": 1, ""2022"": 1, ""2023"": 3, ""2025"": 1}","{""2020"": 0.001531, ""2022"": 0.00156, ""2023"": 0.005226, ""2025"": 0.001828}",0.002537,0.00019809,Sigma-Aldrich,Cat#F9037; CAS: 75-12-7,4
indole-3-acetic acid sodium salt,6,"2019,2020,2022,2025","{""2019"": 2, ""2020"": 1, ""2022"": 1, ""2025"": 2}","{""2019"": 0.003396, ""2020"": 0.001531, ""2022"": 0.00156, ""2025"": 0.003656}",0.002536,0.00013291,Sigma,Cat# I5148,1
streptavidin-bv711,6,"2018,2020,2021,2022","{""2018"": 1, ""2020"": 3, ""2021"": 1, ""2022"": 1}","{""2018"": 0.002639, ""2020"": 0.004594, ""2021"": 0.001339, ""2022"": 0.00156}",0.002533,-0.00038298,Biolegend,Cat#563262,2
geneticin (g418 sulfate),7,"2019,2020,2022,2023,2024","{""2019"": 1, ""2020"": 2, ""2022"": 1, ""2023"": 1, ""2024"": 2}","{""2019"": 0.001698, ""2020"": 0.003063, ""2022"": 0.00156, ""2023"": 0.001742, ""2024"": 0.004598}",0.002532,0.00027807,Thermo Fisher,Cat# 10131-035,4
angiotensin ii,6,"2021,2022,2023,2025","{""2021"": 1, ""2022"": 1, ""2023"": 1, ""2025"": 3}","{""2021"": 0.001339, ""2022"": 0.00156, ""2023"": 0.001742, ""2025"": 0.005484}",0.002531,0.00105861,Sigma,1158,5
ethanol absolute,8,"2018,2020,2021,2022,2024,2025","{""2018"": 2, ""2020"": 1, ""2021"": 2, ""2022"": 1, ""2024"": 1, ""2025"": 1}","{""2018"": 0.005277, ""2020"": 0.001531, ""2021"": 0.002677, ""2022"": 0.00156, ""2024"": 0.002299, ""2025"": 0.001828}",0.002529,-0.00035126,VWR,CAS 64-17-5,8
brefeldin a (bfa),6,"2019,2021,2023,2024","{""2019"": 2, ""2021"": 2, ""2023"": 1, ""2024"": 1}","{""2019"": 0.003396, ""2021"": 0.002677, ""2023"": 0.001742, ""2024"": 0.002299}",0.002528,-0.0002709,MilliporeSigma,Cat# B7651-5MG,4
cdc6,5,"2018,2020,2022,2023","{""2018"": 2, ""2020"": 1, ""2022"": 1, ""2023"": 1}","{""2018"": 0.005277, ""2020"": 0.001531, ""2022"": 0.00156, ""2023"": 0.001742}",0.002528,-0.00066376,"Frigola et al., 2013",,3
histamine dihydrochloride,5,"2018,2020,2021,2024","{""2018"": 1, ""2020"": 1, ""2021"": 1, ""2024"": 2}","{""2018"": 0.002639, ""2020"": 0.001531, ""2021"": 0.001339, ""2024"": 0.004598}",0.002527,0.00036655,Sigma-Aldrich,Cat#H7250; CAS: 56–92-8,1
heparin sodium salt from porcine intestinal mucosa,9,"2018,2019,2020,2021,2023,2024,2025","{""2018"": 1, ""2019"": 1, ""2020"": 1, ""2021"": 1, ""2023"": 1, ""2024"": 3, ""2025"": 1}","{""2018"": 0.002639, ""2019"": 0.001698, ""2020"": 0.001531, ""2021"": 0.001339, ""2023"": 0.001742, ""2024"": 0.006897, ""2025"": 0.001828}",0.002525,0.00026537,Sigma,H3393-50KU,6
protein a agarose resin,5,"2020,2021,2025","{""2020"": 2, ""2021"": 2, ""2025"": 1}","{""2020"": 0.003063, ""2021"": 0.002677, ""2025"": 0.001828}",0.002523,-0.00023703,GoldBio,Cat# P-400,5
hiload 16/600 superdex 200 pg,5,"2020,2021,2022","{""2020"": 1, ""2021"": 1, ""2022"": 3}","{""2020"": 0.001531, ""2021"": 0.001339, ""2022"": 0.00468}",0.002517,0.0015744,GE Healthcare,Cat#: 28989335,2
bleomycin,9,"2019,2020,2021,2022,2023,2024","{""2019"": 3, ""2020"": 2, ""2021"": 1, ""2022"": 1, ""2023"": 1, ""2024"": 1}","{""2019"": 0.005093, ""2020"": 0.003063, ""2021"": 0.001339, ""2022"": 0.00156, ""2023"": 0.001742, ""2024"": 0.002299}",0.002516,-0.00050609,Sigma-Aldrich,Cat#B8416,9
protein a agarose,5,"2018,2019,2021,2023","{""2018"": 2, ""2019"": 1, ""2021"": 1, ""2023"": 1}","{""2018"": 0.005277, ""2019"": 0.001698, ""2021"": 0.001339, ""2023"": 0.001742}",0.002514,-0.00055598,Invitrogen,Cat#15918014,5
hcov-nl63 spike,5,"2021,2022,2023","{""2021"": 2, ""2022"": 2, ""2023"": 1}","{""2021"": 0.002677, ""2022"": 0.00312, ""2023"": 0.001742}",0.002513,-0.00046761,SinoBiological,Cat# 40604-V08B,4
nuclease p1,6,"2017,2019,2021,2023,2024,2025","{""2017"": 1, ""2019"": 1, ""2021"": 1, ""2023"": 1, ""2024"": 1, ""2025"": 1}","{""2017"": 0.006173, ""2019"": 0.001698, ""2021"": 0.001339, ""2023"": 0.001742, ""2024"": 0.002299, ""2025"": 0.001828}",0.002513,-0.00037753,Sigma,M0600S,3
brain heart infusion broth,10,"2018,2020,2021,2022,2023,2024,2025","{""2018"": 1, ""2020"": 2, ""2021"": 1, ""2022"": 3, ""2023"": 1, ""2024"": 1, ""2025"": 1}","{""2018"": 0.002639, ""2020"": 0.003063, ""2021"": 0.001339, ""2022"": 0.00468, ""2023"": 0.001742, ""2024"": 0.002299, ""2025"": 0.001828}",0.002513,-0.00010561,Fluka,53286-500G,7
dako fluorescence mounting medium,7,"2019,2022,2023,2024,2025","{""2019"": 2, ""2022"": 1, ""2023"": 2, ""2024"": 1, ""2025"": 1}","{""2019"": 0.003396, ""2022"": 0.00156, ""2023"": 0.003484, ""2024"": 0.002299, ""2025"": 0.001828}",0.002513,-0.00019625,Agilent,Cat# S3023,5
phosstop phosphatase inhibitors,5,"2021,2022,2023","{""2021"": 2, ""2022"": 2, ""2023"": 1}","{""2021"": 0.002677, ""2022"": 0.00312, ""2023"": 0.001742}",0.002513,-0.00046761,Roche,Cat#PHOSS-RO,4
mers-cov spike,5,"2021,2022,2023","{""2021"": 2, ""2022"": 2, ""2023"": 1}","{""2021"": 0.002677, ""2022"": 0.00312, ""2023"": 0.001742}",0.002513,-0.00046761,This paper,Cat# 40069-V08B,5
hcov-oc43 spike,5,"2021,2022,2023","{""2021"": 2, ""2022"": 2, ""2023"": 1}","{""2021"": 0.002677, ""2022"": 0.00312, ""2023"": 0.001742}",0.002513,-0.00046761,SinoBiological,Cat# 40607-V08B,4
hcov-229e spike,5,"2021,2022,2023","{""2021"": 2, ""2022"": 2, ""2023"": 1}","{""2021"": 0.002677, ""2022"": 0.00312, ""2023"": 0.001742}",0.002513,-0.00046761,SinoBiological,Cat# 40605-V08B,4
recombinant mouse egf,9,"2018,2020,2021,2022,2023,2025","{""2018"": 1, ""2020"": 1, ""2021"": 3, ""2022"": 1, ""2023"": 2, ""2025"": 1}","{""2018"": 0.002639, ""2020"": 0.001531, ""2021"": 0.004016, ""2022"": 0.00156, ""2023"": 0.003484, ""2025"": 0.001828}",0.00251,-3.847e-05,Peprotech,Cat#: 315-09,7
mrc1,6,"2018,2019,2020,2023,2024","{""2018"": 2, ""2019"": 1, ""2020"": 1, ""2023"": 1, ""2024"": 1}","{""2018"": 0.005277, ""2019"": 0.001698, ""2020"": 0.001531, ""2023"": 0.001742, ""2024"": 0.002299}",0.002509,-0.00029357,"Yeeles et al., 2017",,4
ctf4,6,"2018,2019,2020,2023,2024","{""2018"": 2, ""2019"": 1, ""2020"": 1, ""2023"": 1, ""2024"": 1}","{""2018"": 0.005277, ""2019"": 0.001698, ""2020"": 0.001531, ""2023"": 0.001742, ""2024"": 0.002299}",0.002509,-0.00029357,"Yeeles et al., 2015",,4
3-methyladenine,5,"2020,2021,2022","{""2020"": 2, ""2021"": 1, ""2022"": 2}","{""2020"": 0.003063, ""2021"": 0.001339, ""2022"": 0.00312}",0.002507,2.867e-05,Sigma-Aldrich,M9281,2
alpha lytic protease,5,"2020,2021,2022","{""2020"": 2, ""2021"": 1, ""2022"": 2}","{""2020"": 0.003063, ""2021"": 0.001339, ""2022"": 0.00312}",0.002507,2.867e-05,Sigma Aldrich,Cat# A6362,2
turbo293,5,"2020,2021,2022","{""2020"": 2, ""2021"": 1, ""2022"": 2}","{""2020"": 0.003063, ""2021"": 0.001339, ""2022"": 0.00312}",0.002507,2.867e-05,Speed BioSystems,PXX1002,1
rsl3,6,"2020,2022,2023,2025","{""2020"": 2, ""2022"": 1, ""2023"": 1, ""2025"": 2}","{""2020"": 0.003063, ""2022"": 0.00156, ""2023"": 0.001742, ""2025"": 0.003656}",0.002505,0.00012114,ApexBio,Cat# B6095,5
luria broth,6,"2020,2022,2023,2025","{""2020"": 2, ""2022"": 1, ""2023"": 1, ""2025"": 2}","{""2020"": 0.003063, ""2022"": 0.00156, ""2023"": 0.001742, ""2025"": 0.003656}",0.002505,0.00012114,Research Products International,Cat# L24400,5
kapa hifi hotstart ready mix,6,"2018,2020,2021,2025","{""2018"": 1, ""2020"": 1, ""2021"": 3, ""2025"": 1}","{""2018"": 0.002639, ""2020"": 0.001531, ""2021"": 0.004016, ""2025"": 0.001828}",0.002504,-8.209e-05,Roche,Cat# KK2601,3
thiocarbohydrazide,6,"2019,2020,2022,2025","{""2019"": 3, ""2020"": 1, ""2022"": 1, ""2025"": 1}","{""2019"": 0.005093, ""2020"": 0.001531, ""2022"": 0.00156, ""2025"": 0.001828}",0.002503,-0.0003739,Sigma-Aldrich,Cat#AC207530050,4
pd-0325901,5,"2017,2019,2021,2022,2023","{""2017"": 1, ""2019"": 1, ""2021"": 1, ""2022"": 1, ""2023"": 1}","{""2017"": 0.006173, ""2019"": 0.001698, ""2021"": 0.001339, ""2022"": 0.00156, ""2023"": 0.001742}",0.002502,-0.00066964,Merck,Cat# 444968,2
tissue-tek o.c.t. compound,7,"2020,2021,2022,2023,2024","{""2020"": 1, ""2021"": 1, ""2022"": 1, ""2023"": 2, ""2024"": 2}","{""2020"": 0.001531, ""2021"": 0.001339, ""2022"": 0.00156, ""2023"": 0.003484, ""2024"": 0.004598}",0.002502,0.00082782,Sakura,Cat#4583,3
gelatin from cold water fish skin,8,"2019,2020,2021,2022,2023","{""2019"": 1, ""2020"": 1, ""2021"": 2, ""2022"": 2, ""2023"": 2}","{""2019"": 0.001698, ""2020"": 0.001531, ""2021"": 0.002677, ""2022"": 0.00312, ""2023"": 0.003484}",0.002502,0.00051618,Sigma-Aldrich,Cat# G7041,2
cas9,7,"2019,2021,2022,2023,2024","{""2019"": 1, ""2021"": 1, ""2022"": 2, ""2023"": 1, ""2024"": 2}","{""2019"": 0.001698, ""2021"": 0.001339, ""2022"": 0.00312, ""2023"": 0.001742, ""2024"": 0.004598}",0.002499,0.0004733,PNA bio,Cat# CP02,7
fix&perm cell permeabilization kit,5,"2020,2021,2022","{""2020"": 3, ""2021"": 1, ""2022"": 1}","{""2020"": 0.004594, ""2021"": 0.001339, ""2022"": 0.00156}",0.002498,-0.00151706,Life Tech,CAT # GAS001S100; CAT # GAS002S100,4
pe streptavidin,5,"2017,2019,2020,2021,2023","{""2017"": 1, ""2019"": 1, ""2020"": 1, ""2021"": 1, ""2023"": 1}","{""2017"": 0.006173, ""2019"": 0.001698, ""2020"": 0.001531, ""2021"": 0.001339, ""2023"": 0.001742}",0.002497,-0.00068256,BioLegend,Cat# 405204,1
chir-99021,11,"2018,2019,2020,2021,2022,2023,2024,2025","{""2018"": 1, ""2019"": 2, ""2020"": 1, ""2021"": 2, ""2022"": 1, ""2023"": 1, ""2024"": 2, ""2025"": 1}","{""2018"": 0.002639, ""2019"": 0.003396, ""2020"": 0.001531, ""2021"": 0.002677, ""2022"": 0.00156, ""2023"": 0.001742, ""2024"": 0.004598, ""2025"": 0.001828}",0.002496,-1.75e-06,MedChemExpress,Cat# HY-10182G,8
guinea pig complement,5,"2018,2022,2023,2024","{""2018"": 1, ""2022"": 1, ""2023"": 2, ""2024"": 1}","{""2018"": 0.002639, ""2022"": 0.00156, ""2023"": 0.003484, ""2024"": 0.002299}",0.002495,1.13e-06,Cedarlane,CL4051,3
il-1α,5,"2020,2021,2023","{""2020"": 2, ""2021"": 2, ""2023"": 1}","{""2020"": 0.003063, ""2021"": 0.002677, ""2023"": 0.001742}",0.002494,-0.00044412,Preprotech,Cat# 200-01A,5
polyjet,10,"2018,2019,2020,2021,2022,2024,2025","{""2018"": 1, ""2019"": 2, ""2020"": 2, ""2021"": 2, ""2022"": 1, ""2024"": 1, ""2025"": 1}","{""2018"": 0.002639, ""2019"": 0.003396, ""2020"": 0.003063, ""2021"": 0.002677, ""2022"": 0.00156, ""2024"": 0.002299, ""2025"": 0.001828}",0.002494,-0.00017726,SignaGen,Cat#SL100688,5
ck666,5,"2018,2020,2021,2025","{""2018"": 2, ""2020"": 1, ""2021"": 1, ""2025"": 1}","{""2018"": 0.005277, ""2020"": 0.001531, ""2021"": 0.001339, ""2025"": 0.001828}",0.002494,-0.00038654,Sigma,Cat#29038,3
smartscribe reverse transcriptase,6,"2020,2021,2023,2024","{""2020"": 3, ""2021"": 1, ""2023"": 1, ""2024"": 1}","{""2020"": 0.004594, ""2021"": 0.001339, ""2023"": 0.001742, ""2024"": 0.002299}",0.002493,-0.00041872,Takara,639538,4
halocarbon oil 700,6,"2020,2022,2023,2025","{""2020"": 1, ""2022"": 2, ""2023"": 2, ""2025"": 1}","{""2020"": 0.001531, ""2022"": 0.00312, ""2023"": 0.003484, ""2025"": 0.001828}",0.002491,7.108e-05,Sigma,Cat# H8898; CAS: 9002-83-9,1
lead citrate,7,"2018,2019,2020,2022,2023","{""2018"": 1, ""2019"": 1, ""2020"": 2, ""2022"": 1, ""2023"": 2}","{""2018"": 0.002639, ""2019"": 0.001698, ""2020"": 0.003063, ""2022"": 0.00156, ""2023"": 0.003484}",0.002489,9.424e-05,Electron Microscopy Sciences,22410,5
bovine serum albumin solution,7,"2019,2020,2021,2022,2024","{""2019"": 2, ""2020"": 1, ""2021"": 1, ""2022"": 1, ""2024"": 2}","{""2019"": 0.003396, ""2020"": 0.001531, ""2021"": 0.001339, ""2022"": 0.00156, ""2024"": 0.004598}",0.002485,0.00030716,Millipore Sigma,Cat# A8412,5
lysc,7,"2018,2020,2021,2023,2024","{""2018"": 1, ""2020"": 2, ""2021"": 2, ""2023"": 1, ""2024"": 1}","{""2018"": 0.002639, ""2020"": 0.003063, ""2021"": 0.002677, ""2023"": 0.001742, ""2024"": 0.002299}",0.002484,-0.00013515,Life Technologies,Cat#P8109S,5
zymolyase 20t,7,"2018,2020,2021,2023,2024","{""2018"": 1, ""2020"": 2, ""2021"": 2, ""2023"": 1, ""2024"": 1}","{""2018"": 0.002639, ""2020"": 0.003063, ""2021"": 0.002677, ""2023"": 0.001742, ""2024"": 0.002299}",0.002484,-0.00013515,US Biological,Cat#Z1000,7
orc,6,"2018,2020,2022,2023,2024","{""2018"": 2, ""2020"": 1, ""2022"": 1, ""2023"": 1, ""2024"": 1}","{""2018"": 0.005277, ""2020"": 0.001531, ""2022"": 0.00156, ""2023"": 0.001742, ""2024"": 0.002299}",0.002482,-0.00044765,"Frigola et al., 2013",,3
non-fat dry milk,6,"2020,2021,2023,2025","{""2020"": 1, ""2021"": 1, ""2023"": 3, ""2025"": 1}","{""2020"": 0.001531, ""2021"": 0.001339, ""2023"": 0.005226, ""2025"": 0.001828}",0.002481,0.00025954,LabScientific,#732-291-1940,5
phenylephrine,6,"2019,2020,2021,2025","{""2019"": 2, ""2020"": 1, ""2021"": 1, ""2025"": 2}","{""2019"": 0.003396, ""2020"": 0.001531, ""2021"": 0.001339, ""2025"": 0.003656}",0.00248,0.0001842,Sigma,Cat. Number: 2838,2
dulbecco’s phosphate buffered saline (dpbs),7,"2018,2019,2020,2021,2025","{""2018"": 1, ""2019"": 1, ""2020"": 2, ""2021"": 1, ""2025"": 2}","{""2018"": 0.002639, ""2019"": 0.001698, ""2020"": 0.003063, ""2021"": 0.001339, ""2025"": 0.003656}",0.002479,0.00017839,Corning,Cat# 21-031-CV,6
nextera xt dna library preparation kit,5,"2019,2020,2021","{""2019"": 1, ""2020"": 2, ""2021"": 2}","{""2019"": 0.001698, ""2020"": 0.003063, ""2021"": 0.002677}",0.002479,0.00048979,Illumina,FC-131-1024,3
wnt3a,6,"2019,2020,2021,2024","{""2019"": 2, ""2020"": 1, ""2021"": 2, ""2024"": 1}","{""2019"": 0.003396, ""2020"": 0.001531, ""2021"": 0.002677, ""2024"": 0.002299}",0.002476,-0.00010186,R&D Systems,Cat# 5036-WN,5
rneasy micro kit,7,"2019,2020,2023,2024,2025","{""2019"": 1, ""2020"": 2, ""2023"": 2, ""2024"": 1, ""2025"": 1}","{""2019"": 0.001698, ""2020"": 0.003063, ""2023"": 0.003484, ""2024"": 0.002299, ""2025"": 0.001828}",0.002474,-4.73e-06,QIAGEN,Cat#74004,1
ez-link hpdp biotin,5,"2017,2020,2021,2022,2023","{""2017"": 1, ""2020"": 1, ""2021"": 1, ""2022"": 1, ""2023"": 1}","{""2017"": 0.006173, ""2020"": 0.001531, ""2021"": 0.001339, ""2022"": 0.00156, ""2023"": 0.001742}",0.002469,-0.00076605,ThermoFisher,Cat# A35390,3
sulfo-sanpah,5,"2018,2019,2021,2022","{""2018"": 2, ""2019"": 1, ""2021"": 1, ""2022"": 1}","{""2018"": 0.005277, ""2019"": 0.001698, ""2021"": 0.001339, ""2022"": 0.00156}",0.002468,-0.00077931,ThermoFisher Scientific,Cat#22589,1
d-(+)-galactose,6,"2017,2019,2021,2022,2023,2024","{""2017"": 1, ""2019"": 1, ""2021"": 1, ""2022"": 1, ""2023"": 1, ""2024"": 1}","{""2017"": 0.006173, ""2019"": 0.001698, ""2021"": 0.001339, ""2022"": 0.00156, ""2023"": 0.001742, ""2024"": 0.002299}",0.002468,-0.00047488,Sigma-Aldrich,G5388,3
coomassie brilliant blue,5,"2019,2023,2024,2025","{""2019"": 1, ""2023"": 1, ""2024"": 2, ""2025"": 1}","{""2019"": 0.001698, ""2023"": 0.001742, ""2024"": 0.004598, ""2025"": 0.001828}",0.002466,0.00018936,SRL,Cat# 64222,4
phorbol-12-myristate-13 acetate (pma),5,"2018,2019,2020,2024","{""2018"": 1, ""2019"": 2, ""2020"": 1, ""2024"": 1}","{""2018"": 0.002639, ""2019"": 0.003396, ""2020"": 0.001531, ""2024"": 0.002299}",0.002466,-9.365e-05,Sigma-Aldrich,Cat# P8139,1
recombinant mouse il-1β,7,"2019,2020,2021,2024,2025","{""2019"": 1, ""2020"": 1, ""2021"": 2, ""2024"": 2, ""2025"": 1}","{""2019"": 0.001698, ""2020"": 0.001531, ""2021"": 0.002677, ""2024"": 0.004598, ""2025"": 0.001828}",0.002466,0.00023555,Peprotech,Cat# 575102,5
"collagenase, type iv, powder",5,"2019,2023,2024,2025","{""2019"": 1, ""2023"": 1, ""2024"": 2, ""2025"": 1}","{""2019"": 0.001698, ""2023"": 0.001742, ""2024"": 0.004598, ""2025"": 0.001828}",0.002466,0.00018936,Gibco,Cat# 17104019,1
iscove’s modified dulbecco’s medium,7,"2018,2019,2021,2023,2025","{""2018"": 1, ""2019"": 1, ""2021"": 2, ""2023"": 2, ""2025"": 1}","{""2018"": 0.002639, ""2019"": 0.001698, ""2021"": 0.002677, ""2023"": 0.003484, ""2025"": 0.001828}",0.002465,1.539e-05,Thermo Fisher Scientific,Cat# 12440053,6
t4 rna ligase,7,"2020,2022,2023,2024,2025","{""2020"": 2, ""2022"": 1, ""2023"": 1, ""2024"": 1, ""2025"": 2}","{""2020"": 0.003063, ""2022"": 0.00156, ""2023"": 0.001742, ""2024"": 0.002299, ""2025"": 0.003656}",0.002464,8.967e-05,NEB,M0204S,6
alexa fluor 488 phalloidin,11,"2018,2019,2020,2021,2022,2023,2024,2025","{""2018"": 1, ""2019"": 2, ""2020"": 2, ""2021"": 1, ""2022"": 1, ""2023"": 1, ""2024"": 1, ""2025"": 2}","{""2018"": 0.002639, ""2019"": 0.003396, ""2020"": 0.003063, ""2021"": 0.001339, ""2022"": 0.00156, ""2023"": 0.001742, ""2024"": 0.002299, ""2025"": 0.003656}",0.002462,-2.5e-05,Invitrogen,Cat# A12379,1
a 83-01,9,"2018,2019,2021,2022,2023,2024,2025","{""2018"": 1, ""2019"": 1, ""2021"": 1, ""2022"": 1, ""2023"": 1, ""2024"": 2, ""2025"": 2}","{""2018"": 0.002639, ""2019"": 0.001698, ""2021"": 0.001339, ""2022"": 0.00156, ""2023"": 0.001742, ""2024"": 0.004598, ""2025"": 0.003656}",0.002462,0.00024965,R&D Systems,2939,6
isrib,8,"2018,2019,2021,2022,2024,2025","{""2018"": 1, ""2019"": 3, ""2021"": 1, ""2022"": 1, ""2024"": 1, ""2025"": 1}","{""2018"": 0.002639, ""2019"": 0.005093, ""2021"": 0.001339, ""2022"": 0.00156, ""2024"": 0.002299, ""2025"": 0.001828}",0.00246,-0.00025898,Sigma-Aldrich,Cat# SML0843,2
ionomycin calcium salt from streptomyces conglobatus,9,"2019,2020,2021,2022,2023,2025","{""2019"": 2, ""2020"": 2, ""2021"": 1, ""2022"": 1, ""2023"": 1, ""2025"": 2}","{""2019"": 0.003396, ""2020"": 0.003063, ""2021"": 0.001339, ""2022"": 0.00156, ""2023"": 0.001742, ""2025"": 0.003656}",0.002459,-9.2e-07,Sigma Aldrich,Cat# I0634,1
protease/phosphatase inhibitor cocktail,5,"2018,2020,2024,2025","{""2018"": 1, ""2020"": 2, ""2024"": 1, ""2025"": 1}","{""2018"": 0.002639, ""2020"": 0.003063, ""2024"": 0.002299, ""2025"": 0.001828}",0.002457,-0.00012643,Cell Signaling Technologies,Cat No. 5872,2
immobilon-p pvdf membrane,6,"2019,2021,2022,2025","{""2019"": 3, ""2021"": 1, ""2022"": 1, ""2025"": 1}","{""2019"": 0.005093, ""2021"": 0.001339, ""2022"": 0.00156, ""2025"": 0.001828}",0.002455,-0.0004629,Millipore,IPVH00010,1
nh 4 cl,7,"2019,2020,2022,2023,2024","{""2019"": 2, ""2020"": 1, ""2022"": 1, ""2023"": 2, ""2024"": 1}","{""2019"": 0.003396, ""2020"": 0.001531, ""2022"": 0.00156, ""2023"": 0.003484, ""2024"": 0.002299}",0.002454,-1.508e-05,Sigma-Aldrich,SKU 213330,6
epidermal growth factor (egf),9,"2020,2021,2022,2023,2024,2025","{""2020"": 3, ""2021"": 2, ""2022"": 1, ""2023"": 1, ""2024"": 1, ""2025"": 1}","{""2020"": 0.004594, ""2021"": 0.002677, ""2022"": 0.00156, ""2023"": 0.001742, ""2024"": 0.002299, ""2025"": 0.001828}",0.00245,-0.00042239,Peprotech,Cat# GMP100-15,6
recombinant human bmp-4 protein,6,"2020,2021,2022,2024","{""2020"": 3, ""2021"": 1, ""2022"": 1, ""2024"": 1}","{""2020"": 0.004594, ""2021"": 0.001339, ""2022"": 0.00156, ""2024"": 0.002299}",0.002448,-0.00039787,R & D Systems,#314-BP,3
phusion high-fidelity pcr master mix with hf buffer,5,"2020,2021,2022","{""2020"": 1, ""2021"": 2, ""2022"": 2}","{""2020"": 0.001531, ""2021"": 0.002677, ""2022"": 0.00312}",0.002443,0.00079437,New England Biolabs,M0531L,3
sars-cov-2 nucleocapsid protein,5,"2020,2021,2022","{""2020"": 1, ""2021"": 2, ""2022"": 2}","{""2020"": 0.001531, ""2021"": 0.002677, ""2022"": 0.00312}",0.002443,0.00079437,Invitrogen,Cat# RP-87707,6
avidin,7,"2020,2021,2022,2024,2025","{""2020"": 1, ""2021"": 1, ""2022"": 1, ""2024"": 1, ""2025"": 3}","{""2020"": 0.001531, ""2021"": 0.001339, ""2022"": 0.00156, ""2024"": 0.002299, ""2025"": 0.005484}",0.002443,0.00068397,Sigma,Cat#189727,6
gsk126,8,"2020,2021,2022,2023,2025","{""2020"": 2, ""2021"": 3, ""2022"": 1, ""2023"": 1, ""2025"": 1}","{""2020"": 0.003063, ""2021"": 0.004016, ""2022"": 0.00156, ""2023"": 0.001742, ""2025"": 0.001828}",0.002442,-0.00036195,Sooryanarayana Varambally,Cat#S7061,6
5-ethynyl-2′-deoxyuridine,5,"2021,2022,2023","{""2021"": 3, ""2022"": 1, ""2023"": 1}","{""2021"": 0.004016, ""2022"": 0.00156, ""2023"": 0.001742}",0.002439,-0.00113695,Lumiprobe,Cat#20540,5
"4’,6-diamidino-2-phenylindole, dihydrochloride (dapi)",5,"2018,2020,2023,2024","{""2018"": 1, ""2020"": 2, ""2023"": 1, ""2024"": 1}","{""2018"": 0.002639, ""2020"": 0.003063, ""2023"": 0.001742, ""2024"": 0.002299}",0.002436,-0.00013332,Fisher Scientific,Cat#D1306,2
qubit dsdna hs assay kit,6,"2019,2020,2021,2024","{""2019"": 1, ""2020"": 2, ""2021"": 2, ""2024"": 1}","{""2019"": 0.001698, ""2020"": 0.003063, ""2021"": 0.002677, ""2024"": 0.002299}",0.002434,3.13e-05,ThermoFisher,Cat# Q32854,3
cysteine,6,"2019,2020,2022,2025","{""2019"": 1, ""2020"": 1, ""2022"": 3, ""2025"": 1}","{""2019"": 0.001698, ""2020"": 0.001531, ""2022"": 0.00468, ""2025"": 0.001828}",0.002434,0.00010462,Sigma-Aldrich,33309,4
streptavidin-bv421,5,"2020,2021,2022","{""2020"": 2, ""2021"": 2, ""2022"": 1}","{""2020"": 0.003063, ""2021"": 0.002677, ""2022"": 0.00156}",0.002433,-0.00075136,Biolegend,Cat#405225,3
quick cip,5,"2022,2023,2024,2025","{""2022"": 1, ""2023"": 1, ""2024"": 2, ""2025"": 1}","{""2022"": 0.00156, ""2023"": 0.001742, ""2024"": 0.004598, ""2025"": 0.001828}",0.002432,0.00036598,New England Biolabs,Cat#M0525,3
ddpcr supermix for probes (no dutp),5,"2022,2023,2024,2025","{""2022"": 1, ""2023"": 1, ""2024"": 2, ""2025"": 1}","{""2022"": 0.00156, ""2023"": 0.001742, ""2024"": 0.004598, ""2025"": 0.001828}",0.002432,0.00036598,Bio-Rad,Cat#1863024,3
protein a magnetic beads,5,"2022,2023,2024,2025","{""2022"": 1, ""2023"": 1, ""2024"": 2, ""2025"": 1}","{""2022"": 0.00156, ""2023"": 0.001742, ""2024"": 0.004598, ""2025"": 0.001828}",0.002432,0.00036598,Cell Signaling,73778S,4
"4′,6-diamidino-2-phenylindole dihydrochloride (dapi)",6,"2020,2022,2023,2025","{""2020"": 3, ""2022"": 1, ""2023"": 1, ""2025"": 1}","{""2020"": 0.004594, ""2022"": 0.00156, ""2023"": 0.001742, ""2025"": 0.001828}",0.002431,-0.00052492,Millipore Sigma,D9542,3
transit-lt1,10,"2018,2019,2020,2021,2022,2023,2025","{""2018"": 1, ""2019"": 1, ""2020"": 1, ""2021"": 1, ""2022"": 4, ""2023"": 1, ""2025"": 1}","{""2018"": 0.002639, ""2019"": 0.001698, ""2020"": 0.001531, ""2021"": 0.001339, ""2022"": 0.00624, ""2023"": 0.001742, ""2025"": 0.001828}",0.002431,5.06e-05,Mirus,Cat# MIR2300,5
foetal bovine serum,8,"2018,2019,2020,2022,2023,2024","{""2018"": 1, ""2019"": 1, ""2020"": 1, ""2022"": 3, ""2023"": 1, ""2024"": 1}","{""2018"": 0.002639, ""2019"": 0.001698, ""2020"": 0.001531, ""2022"": 0.00468, ""2023"": 0.001742, ""2024"": 0.002299}",0.002431,7.923e-05,Gibco,10270106,5
ethylenediaminetetraacetic acid,7,"2019,2020,2022,2024,2025","{""2019"": 2, ""2020"": 2, ""2022"": 1, ""2024"": 1, ""2025"": 1}","{""2019"": 0.003396, ""2020"": 0.003063, ""2022"": 0.00156, ""2024"": 0.002299, ""2025"": 0.001828}",0.002429,-0.00023962,Sigma,Catalog: E7889,6
2-methylbutane,10,"2019,2020,2021,2022,2023,2024,2025","{""2019"": 1, ""2020"": 1, ""2021"": 2, ""2022"": 1, ""2023"": 1, ""2024"": 1, ""2025"": 3}","{""2019"": 0.001698, ""2020"": 0.001531, ""2021"": 0.002677, ""2022"": 0.00156, ""2023"": 0.001742, ""2024"": 0.002299, ""2025"": 0.005484}",0.002427,0.00042713,Sigma-Aldrich,Cat# M32631,5
rock inhibitor (y-27632),8,"2018,2019,2020,2022,2023,2024","{""2018"": 1, ""2019"": 1, ""2020"": 2, ""2022"": 2, ""2023"": 1, ""2024"": 1}","{""2018"": 0.002639, ""2019"": 0.001698, ""2020"": 0.003063, ""2022"": 0.00312, ""2023"": 0.001742, ""2024"": 0.002299}",0.002427,-3.118e-05,TOCRIS,Cat# 688000,5
nuclease free water,6,"2021,2022,2024,2025","{""2021"": 3, ""2022"": 1, ""2024"": 1, ""2025"": 1}","{""2021"": 0.004016, ""2022"": 0.00156, ""2024"": 0.002299, ""2025"": 0.001828}",0.002426,-0.0003637,Thermo Fisher,AM9937,6
valinomycin,5,"2019,2021,2022","{""2019"": 1, ""2021"": 3, ""2022"": 1}","{""2019"": 0.001698, ""2021"": 0.004016, ""2022"": 0.00156}",0.002425,0.00012624,Sigma-Aldrich,Catalog #:V1644,2
recombinant human il-6 protein,5,"2020,2023,2024,2025","{""2020"": 1, ""2023"": 1, ""2024"": 2, ""2025"": 1}","{""2020"": 0.001531, ""2023"": 0.001742, ""2024"": 0.004598, ""2025"": 0.001828}",0.002425,0.00026142,R&D Systems,206-IL-200/CF,4
fixation/permeabilization concentrate,5,"2018,2019,2020,2024","{""2018"": 1, ""2019"": 1, ""2020"": 2, ""2024"": 1}","{""2018"": 0.002639, ""2019"": 0.001698, ""2020"": 0.003063, ""2024"": 0.002299}",0.002424,-9.83e-06,Invitrogen,00–5123-43,3
bovine serum albumin fraction v,9,"2019,2020,2021,2022,2023,2025","{""2019"": 1, ""2020"": 2, ""2021"": 1, ""2022"": 2, ""2023"": 2, ""2025"": 1}","{""2019"": 0.001698, ""2020"": 0.003063, ""2021"": 0.001339, ""2022"": 0.00312, ""2023"": 0.003484, ""2025"": 0.001828}",0.002422,5.379e-05,Roche,Product# 10735094001,8
human fibronectin,6,"2018,2019,2022,2023,2025","{""2018"": 2, ""2019"": 1, ""2022"": 1, ""2023"": 1, ""2025"": 1}","{""2018"": 0.005277, ""2019"": 0.001698, ""2022"": 0.00156, ""2023"": 0.001742, ""2025"": 0.001828}",0.002421,-0.00035277,Oxford Biomedical Research,SKU:GP40,6
coelenterazine h,6,"2020,2021,2024,2025","{""2020"": 1, ""2021"": 3, ""2024"": 1, ""2025"": 1}","{""2020"": 0.001531, ""2021"": 0.004016, ""2024"": 0.002299, ""2025"": 0.001828}",0.002419,-0.00010788,Promega,S2011,5
glyco-diosgenin (gdn),8,"2019,2021,2022,2023,2024,2025","{""2019"": 1, ""2021"": 1, ""2022"": 1, ""2023"": 2, ""2024"": 2, ""2025"": 1}","{""2019"": 0.001698, ""2021"": 0.001339, ""2022"": 0.00156, ""2023"": 0.003484, ""2024"": 0.004598, ""2025"": 0.001828}",0.002418,0.00029557,Anatrace,GDN101,3
n-dodecyl-β-d-maltopyranoside (ddm),5,"2018,2019,2021,2024","{""2018"": 1, ""2019"": 2, ""2021"": 1, ""2024"": 1}","{""2018"": 0.002639, ""2019"": 0.003396, ""2021"": 0.001339, ""2024"": 0.002299}",0.002418,-0.00014164,Anatrace,Cat# D310,3
"complete, edta-free protease inhibitor cocktail tablets",5,"2019,2020,2021","{""2019"": 1, ""2020"": 1, ""2021"": 3}","{""2019"": 0.001698, ""2020"": 0.001531, ""2021"": 0.004016}",0.002415,0.00115914,Roche,11873580001,4
tris hydrochloride,7,"2021,2022,2023,2024,2025","{""2021"": 1, ""2022"": 2, ""2023"": 2, ""2024"": 1, ""2025"": 1}","{""2021"": 0.001339, ""2022"": 0.00312, ""2023"": 0.003484, ""2024"": 0.002299, ""2025"": 0.001828}",0.002414,1.577e-05,Roche,10812846001,5
bafilomycin,7,"2019,2021,2023,2024,2025","{""2019"": 1, ""2021"": 2, ""2023"": 1, ""2024"": 1, ""2025"": 2}","{""2019"": 0.001698, ""2021"": 0.002677, ""2023"": 0.001742, ""2024"": 0.002299, ""2025"": 0.003656}",0.002414,0.00020298,Sigma-Aldrich,Cat#S1413,5
strep-tactin resin,6,"2019,2020,2022,2023","{""2019"": 1, ""2020"": 1, ""2022"": 3, ""2023"": 1}","{""2019"": 0.001698, ""2020"": 0.001531, ""2022"": 0.00468, ""2023"": 0.001742}",0.002413,0.00032375,IBA,2-1201,3
ni-nta agarose beads,7,"2019,2020,2021,2022,2024","{""2019"": 1, ""2020"": 1, ""2021"": 2, ""2022"": 1, ""2024"": 2}","{""2019"": 0.001698, ""2020"": 0.001531, ""2021"": 0.002677, ""2022"": 0.00156, ""2024"": 0.004598}",0.002413,0.00054144,QIAGEN,Catalog: 30410,4
acridine orange,5,"2018,2019,2023,2025","{""2018"": 1, ""2019"": 1, ""2023"": 2, ""2025"": 1}","{""2018"": 0.002639, ""2019"": 0.001698, ""2023"": 0.003484, ""2025"": 0.001828}",0.002412,1.704e-05,Thermo Fisher,#A1301,4
gel loading buffer ii,7,"2019,2020,2021,2024,2025","{""2019"": 1, ""2020"": 2, ""2021"": 1, ""2024"": 1, ""2025"": 2}","{""2019"": 0.001698, ""2020"": 0.003063, ""2021"": 0.001339, ""2024"": 0.002299, ""2025"": 0.003656}",0.002411,0.00020223,Invitrogen,Cat#AM8547,4
mowiol,11,"2018,2019,2020,2021,2022,2023,2024,2025","{""2018"": 1, ""2019"": 1, ""2020"": 1, ""2021"": 2, ""2022"": 2, ""2023"": 2, ""2024"": 1, ""2025"": 1}","{""2018"": 0.002639, ""2019"": 0.001698, ""2020"": 0.001531, ""2021"": 0.002677, ""2022"": 0.00312, ""2023"": 0.003484, ""2024"": 0.002299, ""2025"": 0.001828}",0.00241,4.326e-05,Sigma-Aldrich,Cat# 81381,5
collagenase viii,6,"2018,2019,2023,2024,2025","{""2018"": 1, ""2019"": 1, ""2023"": 1, ""2024"": 1, ""2025"": 2}","{""2018"": 0.002639, ""2019"": 0.001698, ""2023"": 0.001742, ""2024"": 0.002299, ""2025"": 0.003656}",0.002407,0.00010485,Sigma,C2139,1
fk866,6,"2020,2021,2022,2024","{""2020"": 1, ""2021"": 2, ""2022"": 2, ""2024"": 1}","{""2020"": 0.001531, ""2021"": 0.002677, ""2022"": 0.00312, ""2024"": 0.002299}",0.002407,0.00014451,Sigma-Aldrich,Cat#sc-205325A,3
lipofectamine ltx with plus reagent,7,"2020,2021,2023,2024,2025","{""2020"": 2, ""2021"": 1, ""2023"": 2, ""2024"": 1, ""2025"": 1}","{""2020"": 0.003063, ""2021"": 0.001339, ""2023"": 0.003484, ""2024"": 0.002299, ""2025"": 0.001828}",0.002403,-6.427e-05,Thermo Fisher Scientific,Cat.#: 15338100,2
sigma adjuvant system,8,"2018,2020,2021,2022,2023,2024","{""2018"": 1, ""2020"": 1, ""2021"": 1, ""2022"": 2, ""2023"": 2, ""2024"": 1}","{""2018"": 0.002639, ""2020"": 0.001531, ""2021"": 0.001339, ""2022"": 0.00312, ""2023"": 0.003484, ""2024"": 0.002299}",0.002402,0.00011719,Sigma Aldrich,Cat#S6322,2
amd3100,7,"2019,2020,2022,2024,2025","{""2019"": 1, ""2020"": 2, ""2022"": 2, ""2024"": 1, ""2025"": 1}","{""2019"": 0.001698, ""2020"": 0.003063, ""2022"": 0.00312, ""2024"": 0.002299, ""2025"": 0.001828}",0.002402,-4.372e-05,Sigma Aldrich,Mozobil,5
trimethoprim,5,"2018,2019,2023,2025","{""2018"": 1, ""2019"": 2, ""2023"": 1, ""2025"": 1}","{""2018"": 0.002639, ""2019"": 0.003396, ""2023"": 0.001742, ""2025"": 0.001828}",0.002401,-0.0001927,Sigma-Aldrich,Cat No. T7883,4
cx-5461,5,"2018,2022,2023,2025","{""2018"": 1, ""2022"": 1, ""2023"": 1, ""2025"": 2}","{""2018"": 0.002639, ""2022"": 0.00156, ""2023"": 0.001742, ""2025"": 0.003656}",0.002399,8.296e-05,Cellagen Technologies,C2954-2s,5
rhil-2,5,"2018,2020,2022,2024","{""2018"": 1, ""2020"": 1, ""2022"": 2, ""2024"": 1}","{""2018"": 0.002639, ""2020"": 0.001531, ""2022"": 0.00312, ""2024"": 0.002299}",0.002397,2.849e-05,R&D Systems,Cat#202-IL-010,5
phusion polymerase,8,"2019,2020,2021,2022,2024,2025","{""2019"": 1, ""2020"": 1, ""2021"": 1, ""2022"": 1, ""2024"": 2, ""2025"": 2}","{""2019"": 0.001698, ""2020"": 0.001531, ""2021"": 0.001339, ""2022"": 0.00156, ""2024"": 0.004598, ""2025"": 0.003656}",0.002397,0.00048695,NEB,Cat# M0530S,6
neutravidin protein,5,"2019,2020,2023,2024","{""2019"": 1, ""2020"": 1, ""2023"": 1, ""2024"": 2}","{""2019"": 0.001698, ""2020"": 0.001531, ""2023"": 0.001742, ""2024"": 0.004598}",0.002392,0.00044505,Thermo Fisher Scientific,Cat# 31000,2
simvastatin,6,"2017,2019,2021,2022,2023,2025","{""2017"": 1, ""2019"": 1, ""2021"": 1, ""2022"": 1, ""2023"": 1, ""2025"": 1}","{""2017"": 0.006173, ""2019"": 0.001698, ""2021"": 0.001339, ""2022"": 0.00156, ""2023"": 0.001742, ""2025"": 0.001828}",0.00239,-0.00044375,Sigma,Cat#LKT-S3449-M,5
25% glutaraldehyde,5,"2018,2019,2022,2025","{""2018"": 1, ""2019"": 1, ""2022"": 1, ""2025"": 2}","{""2018"": 0.002639, ""2019"": 0.001698, ""2022"": 0.00156, ""2025"": 0.003656}",0.002388,0.00016247,Electron Microscopy Sciences,16220,1
dmem (high glucose),6,"2019,2021,2022,2025","{""2019"": 1, ""2021"": 1, ""2022"": 3, ""2025"": 1}","{""2019"": 0.001698, ""2021"": 0.001339, ""2022"": 0.00468, ""2025"": 0.001828}",0.002386,7.673e-05,Sigma-Aldrich,Cat# 6429-500ML,5
auxin,7,"2019,2020,2022,2023,2025","{""2019"": 1, ""2020"": 1, ""2022"": 1, ""2023"": 2, ""2025"": 2}","{""2019"": 0.001698, ""2020"": 0.001531, ""2022"": 0.00156, ""2023"": 0.003484, ""2025"": 0.003656}",0.002386,0.00038084,Sigma,ab14642,5
glutamate,9,"2019,2020,2021,2022,2023,2025","{""2019"": 2, ""2020"": 1, ""2021"": 2, ""2022"": 2, ""2023"": 1, ""2025"": 1}","{""2019"": 0.003396, ""2020"": 0.001531, ""2021"": 0.002677, ""2022"": 0.00312, ""2023"": 0.001742, ""2025"": 0.001828}",0.002382,-0.00016866,Sigma,Cat# PHR1007,7
protease and phosphatase inhibitor,6,"2018,2019,2023,2024,2025","{""2018"": 1, ""2019"": 2, ""2023"": 1, ""2024"": 1, ""2025"": 1}","{""2018"": 0.002639, ""2019"": 0.003396, ""2023"": 0.001742, ""2024"": 0.002299, ""2025"": 0.001828}",0.002381,-0.00016845,Thermo Scientific,Cat# 78415,5
luciferase assay reagent,7,"2019,2020,2022,2023,2024","{""2019"": 1, ""2020"": 3, ""2022"": 1, ""2023"": 1, ""2024"": 1}","{""2019"": 0.001698, ""2020"": 0.004594, ""2022"": 0.00156, ""2023"": 0.001742, ""2024"": 0.002299}",0.002379,-0.00018515,Promega,CAT#: E1483,2
emem,7,"2021,2022,2023,2024,2025","{""2021"": 1, ""2022"": 3, ""2023"": 1, ""2024"": 1, ""2025"": 1}","{""2021"": 0.001339, ""2022"": 0.00468, ""2023"": 0.001742, ""2024"": 0.002299, ""2025"": 0.001828}",0.002378,-0.00014024,Sigma-Aldrich,Cat# M4655-500ML,6
tricaine,7,"2018,2019,2020,2021,2022","{""2018"": 1, ""2019"": 1, ""2020"": 1, ""2021"": 1, ""2022"": 3}","{""2018"": 0.002639, ""2019"": 0.001698, ""2020"": 0.001531, ""2021"": 0.001339, ""2022"": 0.00468}",0.002377,0.00037242,Sigma-Aldrich,Cat# E10521,3
sp6 rna polymerase,5,"2018,2020,2023,2025","{""2018"": 1, ""2020"": 1, ""2023"": 2, ""2025"": 1}","{""2018"": 0.002639, ""2020"": 0.001531, ""2023"": 0.003484, ""2025"": 0.001828}",0.002371,3.21e-06,New England Biolabs,Cat#M0207,3
rnasin plus,7,"2021,2022,2023,2024,2025","{""2021"": 2, ""2022"": 1, ""2023"": 2, ""2024"": 1, ""2025"": 1}","{""2021"": 0.002677, ""2022"": 0.00156, ""2023"": 0.003484, ""2024"": 0.002299, ""2025"": 0.001828}",0.00237,-9.597e-05,Promega,Cat#N2615,2
human ace2-fc,5,"2020,2021,2022","{""2020"": 1, ""2021"": 3, ""2022"": 1}","{""2020"": 0.001531, ""2021"": 0.004016, ""2022"": 0.00156}",0.002369,1.433e-05,This paper,GenBank: BAB40370.1 & AAC82527.1,5
mgatp,6,"2018,2019,2021,2022,2024","{""2018"": 1, ""2019"": 1, ""2021"": 1, ""2022"": 1, ""2024"": 2}","{""2018"": 0.002639, ""2019"": 0.001698, ""2021"": 0.001339, ""2022"": 0.00156, ""2024"": 0.004598}",0.002367,0.00028108,Sigma-Aldrich,Cat#A9187,2
luciferin,7,"2019,2021,2022,2023,2025","{""2019"": 1, ""2021"": 1, ""2022"": 1, ""2023"": 1, ""2025"": 3}","{""2019"": 0.001698, ""2021"": 0.001339, ""2022"": 0.00156, ""2023"": 0.001742, ""2025"": 0.005484}",0.002365,0.00058817,Goldbio,E1605,7
lidocaine,8,"2018,2020,2021,2022,2023,2024","{""2018"": 1, ""2020"": 3, ""2021"": 1, ""2022"": 1, ""2023"": 1, ""2024"": 1}","{""2018"": 0.002639, ""2020"": 0.004594, ""2021"": 0.001339, ""2022"": 0.00156, ""2023"": 0.001742, ""2024"": 0.002299}",0.002362,-0.00022684,Sigma,L-1026-1VL,8
"4’,6-diamidino-2-phenylindole dihydrochloride (dapi)",5,"2018,2019,2022,2025","{""2018"": 1, ""2019"": 2, ""2022"": 1, ""2025"": 1}","{""2018"": 0.002639, ""2019"": 0.003396, ""2022"": 0.00156, ""2025"": 0.001828}",0.002356,-0.00019447,Sigma Aldrich,Cat# D9542,3
streptomycin sulfate,8,"2019,2021,2022,2023,2024,2025","{""2019"": 1, ""2021"": 1, ""2022"": 1, ""2023"": 1, ""2024"": 1, ""2025"": 3}","{""2019"": 0.001698, ""2021"": 0.001339, ""2022"": 0.00156, ""2023"": 0.001742, ""2024"": 0.002299, ""2025"": 0.005484}",0.002354,0.00049945,Sigma-Aldrich,S-150-50,5
dnase i (rnase-free),8,"2018,2019,2020,2021,2023,2024","{""2018"": 1, ""2019"": 1, ""2020"": 2, ""2021"": 2, ""2023"": 1, ""2024"": 1}","{""2018"": 0.002639, ""2019"": 0.001698, ""2020"": 0.003063, ""2021"": 0.002677, ""2023"": 0.001742, ""2024"": 0.002299}",0.002353,-6.112e-05,New England Biolabs,M0303L,5
supersignal west dura extended duration substrate,7,"2019,2021,2022,2024,2025","{""2019"": 2, ""2021"": 2, ""2022"": 1, ""2024"": 1, ""2025"": 1}","{""2019"": 0.003396, ""2021"": 0.002677, ""2022"": 0.00156, ""2024"": 0.002299, ""2025"": 0.001828}",0.002352,-0.00022517,Thermo Fisher Scientific,CAT# 34076,2
lipofectamine™ 2000 transfection reagent,6,"2020,2021,2022,2024","{""2020"": 1, ""2021"": 3, ""2022"": 1, ""2024"": 1}","{""2020"": 0.001531, ""2021"": 0.004016, ""2022"": 0.00156, ""2024"": 0.002299}",0.002352,-1.481e-05,Invitrogen,Cat# 11668019,1
recombinant mouse ifn-γ,7,"2019,2020,2022,2023,2025","{""2019"": 1, ""2020"": 1, ""2022"": 2, ""2023"": 1, ""2025"": 2}","{""2019"": 0.001698, ""2020"": 0.001531, ""2022"": 0.00312, ""2023"": 0.001742, ""2025"": 0.003656}",0.00235,0.00030283,R&D Systems,Cat# 485-MI-100,4
recombinant human fgf2,5,"2019,2023,2024,2025","{""2019"": 1, ""2023"": 1, ""2024"": 1, ""2025"": 2}","{""2019"": 0.001698, ""2023"": 0.001742, ""2024"": 0.002299, ""2025"": 0.003656}",0.002349,0.00024911,R&D Systems,104–02,5
prolong ™ diamond antifade mountant with dapi,5,"2019,2023,2024,2025","{""2019"": 1, ""2023"": 1, ""2024"": 1, ""2025"": 2}","{""2019"": 0.001698, ""2023"": 0.001742, ""2024"": 0.002299, ""2025"": 0.003656}",0.002349,0.00024911,Thermo Fisher Scientific,Cat# P36962,1
ni-nta agarose resin,6,"2019,2020,2021,2023","{""2019"": 1, ""2020"": 1, ""2021"": 2, ""2023"": 2}","{""2019"": 0.001698, ""2020"": 0.001531, ""2021"": 0.002677, ""2023"": 0.003484}",0.002348,0.00050164,QIAGEN,Cat# 30230,3
inosine,5,"2019,2020,2022,2024","{""2019"": 1, ""2020"": 1, ""2022"": 1, ""2024"": 2}","{""2019"": 0.001698, ""2020"": 0.001531, ""2022"": 0.00156, ""2024"": 0.004598}",0.002347,0.00054776,Sigma-Aldrich,I4125,2
5-bromouridine,5,"2018,2020,2022,2025","{""2018"": 1, ""2020"": 1, ""2022"": 1, ""2025"": 2}","{""2018"": 0.002639, ""2020"": 0.001531, ""2022"": 0.00156, ""2025"": 0.003656}",0.002347,0.00016418,Sigma,850187,3
hcl,10,"2019,2020,2021,2022,2023,2024,2025","{""2019"": 1, ""2020"": 1, ""2021"": 3, ""2022"": 1, ""2023"": 2, ""2024"": 1, ""2025"": 1}","{""2019"": 0.001698, ""2020"": 0.001531, ""2021"": 0.004016, ""2022"": 0.00156, ""2023"": 0.003484, ""2024"": 0.002299, ""2025"": 0.001828}",0.002345,4.979e-05,Sigma,H/1200/PB17,10
power sybr green master mix,6,"2020,2021,2022,2025","{""2020"": 1, ""2021"": 1, ""2022"": 3, ""2025"": 1}","{""2020"": 0.001531, ""2021"": 0.001339, ""2022"": 0.00468, ""2025"": 0.001828}",0.002345,7.736e-05,Thermo Fisher,Cat#4367659,4
geneticin selective antibiotic (g418 sulfate),6,"2020,2021,2022,2025","{""2020"": 1, ""2021"": 1, ""2022"": 3, ""2025"": 1}","{""2020"": 0.001531, ""2021"": 0.001339, ""2022"": 0.00468, ""2025"": 0.001828}",0.002345,7.736e-05,Thermo Fisher Scientific,Cat# 10131035,4
ecorv-hf,5,"2019,2021,2023,2024","{""2019"": 1, ""2021"": 1, ""2023"": 1, ""2024"": 2}","{""2019"": 0.001698, ""2021"": 0.001339, ""2023"": 0.001742, ""2024"": 0.004598}",0.002344,0.00046438,NEB,Cat# R3195S,3
propylene oxide,7,"2019,2020,2022,2023,2025","{""2019"": 1, ""2020"": 2, ""2022"": 1, ""2023"": 1, ""2025"": 2}","{""2019"": 0.001698, ""2020"": 0.003063, ""2022"": 0.00156, ""2023"": 0.001742, ""2025"": 0.003656}",0.002344,0.00016824,Electron Microscopy Sciences,Cat# 82320,6
il-12,5,"2018,2021,2023,2025","{""2018"": 1, ""2021"": 1, ""2023"": 1, ""2025"": 2}","{""2018"": 0.002639, ""2021"": 0.001339, ""2023"": 0.001742, ""2025"": 0.003656}",0.002344,0.00011821,Peprotech,Cat# 210-12,3
cell-tak,6,"2019,2020,2021,2022","{""2019"": 2, ""2020"": 2, ""2021"": 1, ""2022"": 1}","{""2019"": 0.003396, ""2020"": 0.003063, ""2021"": 0.001339, ""2022"": 0.00156}",0.002339,-0.00072307,Corning,Cat #354240,3
32% paraformaldehyde,6,"2018,2020,2022,2024,2025","{""2018"": 1, ""2020"": 1, ""2022"": 1, ""2024"": 1, ""2025"": 2}","{""2018"": 0.002639, ""2020"": 0.001531, ""2022"": 0.00156, ""2024"": 0.002299, ""2025"": 0.003656}",0.002337,0.00013069,Electron Microscopy Sciences,Cat# 50-980-494,4
acetylcholine chloride,7,"2019,2020,2021,2022,2024","{""2019"": 2, ""2020"": 1, ""2021"": 1, ""2022"": 2, ""2024"": 1}","{""2019"": 0.003396, ""2020"": 0.001531, ""2021"": 0.001339, ""2022"": 0.00312, ""2024"": 0.002299}",0.002337,-4.343e-05,Sigma-Aldrich,Cat#: A6625; CAS#: 60-31-1,5
poly-lysine,5,"2018,2020,2021,2024","{""2018"": 1, ""2020"": 2, ""2021"": 1, ""2024"": 1}","{""2018"": 0.002639, ""2020"": 0.003063, ""2021"": 0.001339, ""2024"": 0.002299}",0.002335,-9.318e-05,Sigma-Aldrich,P7280,4
bca protein assay kit,6,"2018,2021,2023,2024,2025","{""2018"": 1, ""2021"": 1, ""2023"": 1, ""2024"": 1, ""2025"": 2}","{""2018"": 0.002639, ""2021"": 0.001339, ""2023"": 0.001742, ""2024"": 0.002299, ""2025"": 0.003656}",0.002335,0.00010004,Thermo Fisher Scientific,23252,4
kod hot start dna polymerase,7,"2017,2019,2020,2021,2022,2023,2024","{""2017"": 1, ""2019"": 1, ""2020"": 1, ""2021"": 1, ""2022"": 1, ""2023"": 1, ""2024"": 1}","{""2017"": 0.006173, ""2019"": 0.001698, ""2020"": 0.001531, ""2021"": 0.001339, ""2022"": 0.00156, ""2023"": 0.001742, ""2024"": 0.002299}",0.002335,-0.00044016,Novagen,71086-3,4
na 2 atp,7,"2019,2020,2021,2023,2024","{""2019"": 1, ""2020"": 3, ""2021"": 1, ""2023"": 1, ""2024"": 1}","{""2019"": 0.001698, ""2020"": 0.004594, ""2021"": 0.001339, ""2023"": 0.001742, ""2024"": 0.002299}",0.002334,-0.00013242,Sigma-Aldrich,Cat # A3377-100G,4
annexin v,5,"2018,2019,2021,2025","{""2018"": 1, ""2019"": 1, ""2021"": 1, ""2025"": 2}","{""2018"": 0.002639, ""2019"": 0.001698, ""2021"": 0.001339, ""2025"": 0.003656}",0.002333,0.00019641,BD Biosciences,640950; RRID: AB_2721650,5
utp,6,"2020,2021,2023,2025","{""2020"": 2, ""2021"": 2, ""2023"": 1, ""2025"": 1}","{""2020"": 0.003063, ""2021"": 0.002677, ""2023"": 0.001742, ""2025"": 0.001828}",0.002328,-0.00026467,Sigma,Cat#U6750,4
ctp,6,"2020,2021,2023,2025","{""2020"": 2, ""2021"": 2, ""2023"": 1, ""2025"": 1}","{""2020"": 0.003063, ""2021"": 0.002677, ""2023"": 0.001742, ""2025"": 0.001828}",0.002328,-0.00026467,Sigma,C1506,2
jasplakinolide,6,"2018,2019,2022,2023,2024","{""2018"": 1, ""2019"": 2, ""2022"": 1, ""2023"": 1, ""2024"": 1}","{""2018"": 0.002639, ""2019"": 0.003396, ""2022"": 0.00156, ""2023"": 0.001742, ""2024"": 0.002299}",0.002327,-0.00019003,Thermo Fisher Scientific,Cat#J4580,5
gentle cell dissociation reagent,8,"2019,2021,2022,2023,2024,2025","{""2019"": 1, ""2021"": 1, ""2022"": 1, ""2023"": 3, ""2024"": 1, ""2025"": 1}","{""2019"": 0.001698, ""2021"": 0.001339, ""2022"": 0.00156, ""2023"": 0.005226, ""2024"": 0.002299, ""2025"": 0.001828}",0.002325,0.00018114,STEMCELL Technologies,Cat# 100-0485,6
t4 dna ligase reaction buffer,8,"2019,2021,2022,2023,2024,2025","{""2019"": 1, ""2021"": 1, ""2022"": 1, ""2023"": 3, ""2024"": 1, ""2025"": 1}","{""2019"": 0.001698, ""2021"": 0.001339, ""2022"": 0.00156, ""2023"": 0.005226, ""2024"": 0.002299, ""2025"": 0.001828}",0.002325,0.00018114,NEB,Cat# B0202S,2
blasticidin s hydrochloride,5,"2020,2021,2024,2025","{""2020"": 1, ""2021"": 1, ""2024"": 2, ""2025"": 1}","{""2020"": 0.001531, ""2021"": 0.001339, ""2024"": 0.004598, ""2025"": 0.001828}",0.002324,0.0003312,Wako,Cat#029-18701,4
exonuclease iii,8,"2018,2019,2020,2021,2023,2025","{""2018"": 1, ""2019"": 1, ""2020"": 1, ""2021"": 2, ""2023"": 1, ""2025"": 2}","{""2018"": 0.002639, ""2019"": 0.001698, ""2020"": 0.001531, ""2021"": 0.002677, ""2023"": 0.001742, ""2025"": 0.003656}",0.002324,0.00015491,Promega,Cat#M1815,6
rnaimax transfection reagent,5,"2018,2021,2023,2025","{""2018"": 1, ""2021"": 1, ""2023"": 2, ""2025"": 1}","{""2018"": 0.002639, ""2021"": 0.001339, ""2023"": 0.003484, ""2025"": 0.001828}",0.002322,-2.249e-05,Thermo Fisher Scientific,Cat# 13778075,4
prolong diamond,8,"2019,2020,2022,2023,2024,2025","{""2019"": 1, ""2020"": 2, ""2022"": 1, ""2023"": 2, ""2024"": 1, ""2025"": 1}","{""2019"": 0.001698, ""2020"": 0.003063, ""2022"": 0.00156, ""2023"": 0.003484, ""2024"": 0.002299, ""2025"": 0.001828}",0.002322,9.5e-07,Thermo Fisher,P36970,3
superscript iv first-strand synthesis system,6,"2019,2021,2023,2025","{""2019"": 1, ""2021"": 3, ""2023"": 1, ""2025"": 1}","{""2019"": 0.001698, ""2021"": 0.004016, ""2023"": 0.001742, ""2025"": 0.001828}",0.002321,-9.414e-05,Invitrogen,18091050,2
luciferase cell culture lysis 5x reagent,6,"2019,2021,2023,2025","{""2019"": 1, ""2021"": 3, ""2023"": 1, ""2025"": 1}","{""2019"": 0.001698, ""2021"": 0.004016, ""2023"": 0.001742, ""2025"": 0.001828}",0.002321,-9.414e-05,Promega,Cat# E1531,1
ls columns,6,"2019,2021,2023,2025","{""2019"": 1, ""2021"": 3, ""2023"": 1, ""2025"": 1}","{""2019"": 0.001698, ""2021"": 0.004016, ""2023"": 0.001742, ""2025"": 0.001828}",0.002321,-9.414e-05,Miltenyi Biotec,130-042-401,2
depc-treated water,10,"2019,2020,2021,2022,2023,2024,2025","{""2019"": 1, ""2020"": 1, ""2021"": 3, ""2022"": 2, ""2023"": 1, ""2024"": 1, ""2025"": 1}","{""2019"": 0.001698, ""2020"": 0.001531, ""2021"": 0.004016, ""2022"": 0.00312, ""2023"": 0.001742, ""2024"": 0.002299, ""2025"": 0.001828}",0.002319,-1.243e-05,Invitrogen,Cat#AM9916,6
gibco penicillin-streptomycin,6,"2018,2021,2023,2024,2025","{""2018"": 1, ""2021"": 1, ""2023"": 2, ""2024"": 1, ""2025"": 1}","{""2018"": 0.002639, ""2021"": 0.001339, ""2023"": 0.003484, ""2024"": 0.002299, ""2025"": 0.001828}",0.002318,-2.091e-05,Thermo Fisher Scientific,Cat# 15140122,2
horseradish peroxidase,9,"2018,2019,2021,2022,2023,2024,2025","{""2018"": 1, ""2019"": 1, ""2021"": 1, ""2022"": 3, ""2023"": 1, ""2024"": 1, ""2025"": 1}","{""2018"": 0.002639, ""2019"": 0.001698, ""2021"": 0.001339, ""2022"": 0.00468, ""2023"": 0.001742, ""2024"": 0.002299, ""2025"": 0.001828}",0.002318,-1.335e-05,Sigma-Aldrich,Cat. # A18817,5
10x tris/glycine buffer,5,"2022,2023,2024,2025","{""2022"": 1, ""2023"": 1, ""2024"": 1, ""2025"": 2}","{""2022"": 0.00156, ""2023"": 0.001742, ""2024"": 0.002299, ""2025"": 0.003656}",0.002314,0.00068454,BioRad,1610734,2
recombinant mouse scf,6,"2018,2020,2023,2024,2025","{""2018"": 1, ""2020"": 2, ""2023"": 1, ""2024"": 1, ""2025"": 1}","{""2018"": 0.002639, ""2020"": 0.003063, ""2023"": 0.001742, ""2024"": 0.002299, ""2025"": 0.001828}",0.002314,-0.0001428,R&D Systems,Cat# 455-MC-010,5
recombinant human scf protein,5,"2020,2023,2024,2025","{""2020"": 1, ""2023"": 1, ""2024"": 1, ""2025"": 2}","{""2020"": 0.001531, ""2023"": 0.001742, ""2024"": 0.002299, ""2025"": 0.003656}",0.002307,0.00035838,R&D Systems,255-SC-200/CF,5
anti-biotin microbeads,5,"2018,2019,2020,2025","{""2018"": 1, ""2019"": 1, ""2020"": 2, ""2025"": 1}","{""2018"": 0.002639, ""2019"": 0.001698, ""2020"": 0.003063, ""2025"": 0.001828}",0.002307,-8.44e-05,Miltenyi Biotec,130-090-485,3
rnasin plus ribonuclease inhibitor,8,"2018,2019,2021,2022,2023,2025","{""2018"": 1, ""2019"": 2, ""2021"": 2, ""2022"": 1, ""2023"": 1, ""2025"": 1}","{""2018"": 0.002639, ""2019"": 0.003396, ""2021"": 0.002677, ""2022"": 0.00156, ""2023"": 0.001742, ""2025"": 0.001828}",0.002307,-0.00020891,Promega,Cat# N2611,3
meloxicam,9,"2018,2019,2020,2021,2022,2023,2024","{""2018"": 1, ""2019"": 1, ""2020"": 1, ""2021"": 1, ""2022"": 2, ""2023"": 2, ""2024"": 1}","{""2018"": 0.002639, ""2019"": 0.001698, ""2020"": 0.001531, ""2021"": 0.001339, ""2022"": 0.00312, ""2023"": 0.003484, ""2024"": 0.002299}",0.002301,0.00014796,Metacam,Cat# NDC 0010-6013-01 RRID: N/A,8
glutathione sepharose,5,"2018,2019,2022,2023","{""2018"": 1, ""2019"": 1, ""2022"": 2, ""2023"": 1}","{""2018"": 0.002639, ""2019"": 0.001698, ""2022"": 0.00312, ""2023"": 0.001742}",0.0023,-6.32e-06,Cytiva,Cat# 17-5132-02,3
folic acid,5,"2018,2019,2021,2025","{""2018"": 1, ""2019"": 2, ""2021"": 1, ""2025"": 1}","{""2018"": 0.002639, ""2019"": 0.003396, ""2021"": 0.001339, ""2025"": 0.001828}",0.0023,-0.00017718,Sigma,Cat. no. F8758-5G,3
0.25% trypsin,5,"2018,2019,2021,2025","{""2018"": 1, ""2019"": 2, ""2021"": 1, ""2025"": 1}","{""2018"": 0.002639, ""2019"": 0.003396, ""2021"": 0.001339, ""2025"": 0.001828}",0.0023,-0.00017718,Gibco,Cat#25200-056,5
nhei,5,"2018,2019,2021,2025","{""2018"": 1, ""2019"": 2, ""2021"": 1, ""2025"": 1}","{""2018"": 0.002639, ""2019"": 0.003396, ""2021"": 0.001339, ""2025"": 0.001828}",0.0023,-0.00017718,New England Biolabs,Cat# R3131S,4
circligase ssdna ligase,8,"2018,2019,2020,2021,2022,2023","{""2018"": 1, ""2019"": 1, ""2020"": 2, ""2021"": 1, ""2022"": 1, ""2023"": 2}","{""2018"": 0.002639, ""2019"": 0.001698, ""2020"": 0.003063, ""2021"": 0.001339, ""2022"": 0.00156, ""2023"": 0.003484}",0.002297,5.976e-05,Lucigen,Cat#CL4111K,4
anti-flag® m2 affinity gel,7,"2019,2020,2021,2023,2024","{""2019"": 1, ""2020"": 2, ""2021"": 2, ""2023"": 1, ""2024"": 1}","{""2019"": 0.001698, ""2020"": 0.003063, ""2021"": 0.002677, ""2023"": 0.001742, ""2024"": 0.002299}",0.002296,-3.89e-05,Millipore,A2220,1
leucine,5,"2022,2023,2024,2025","{""2022"": 1, ""2023"": 2, ""2024"": 1, ""2025"": 1}","{""2022"": 0.00156, ""2023"": 0.003484, ""2024"": 0.002299, ""2025"": 0.001828}",0.002293,-3.812e-05,Sigma-Aldrich,Cat# L8000,3
sypro orange,7,"2019,2020,2021,2022,2024","{""2019"": 2, ""2020"": 1, ""2021"": 2, ""2022"": 1, ""2024"": 1}","{""2019"": 0.003396, ""2020"": 0.001531, ""2021"": 0.002677, ""2022"": 0.00156, ""2024"": 0.002299}",0.002293,-0.00014585,Sigma,S6650,2
sir-tubulin,6,"2020,2021,2022,2025","{""2020"": 1, ""2021"": 2, ""2022"": 2, ""2025"": 1}","{""2020"": 0.001531, ""2021"": 0.002677, ""2022"": 0.00312, ""2025"": 0.001828}",0.002289,-1.826e-05,Spirochrome,Cat#SC002,6
buffer rlt,6,"2021,2022,2023,2025","{""2021"": 3, ""2022"": 1, ""2023"": 1, ""2025"": 1}","{""2021"": 0.004016, ""2022"": 0.00156, ""2023"": 0.001742, ""2025"": 0.001828}",0.002287,-0.00041706,Qiagen,Cat# 79216,2
roswell park memorial institute (rpmi),6,"2021,2022,2023,2025","{""2021"": 3, ""2022"": 1, ""2023"": 1, ""2025"": 1}","{""2021"": 0.004016, ""2022"": 0.00156, ""2023"": 0.001742, ""2025"": 0.001828}",0.002287,-0.00041706,Thermo Fischer Scientific,Cat# 61870036,4
bglii,5,"2018,2020,2021,2024","{""2018"": 1, ""2020"": 1, ""2021"": 2, ""2024"": 1}","{""2018"": 0.002639, ""2020"": 0.001531, ""2021"": 0.002677, ""2024"": 0.002299}",0.002287,-1.407e-05,New England Biolabs,Cat# 1021A,4
protein assay dye reagent concentrate,6,"2021,2022,2023,2025","{""2021"": 3, ""2022"": 1, ""2023"": 1, ""2025"": 1}","{""2021"": 0.004016, ""2022"": 0.00156, ""2023"": 0.001742, ""2025"": 0.001828}",0.002287,-0.00041706,Bio-Rad,Cat# 5000006,1
sodium carbonate,5,"2020,2023,2024,2025","{""2020"": 1, ""2023"": 2, ""2024"": 1, ""2025"": 1}","{""2020"": 0.001531, ""2023"": 0.003484, ""2024"": 0.002299, ""2025"": 0.001828}",0.002286,9.721e-05,J.T. Baker,Cat#497–19-8,5
dapi solution,8,"2019,2020,2021,2023,2024,2025","{""2019"": 1, ""2020"": 2, ""2021"": 1, ""2023"": 2, ""2024"": 1, ""2025"": 1}","{""2019"": 0.001698, ""2020"": 0.003063, ""2021"": 0.001339, ""2023"": 0.003484, ""2024"": 0.002299, ""2025"": 0.001828}",0.002285,3.603e-05,Thermo Fisher Scientific,Cat# 62248,3
sulforhodamine b,6,"2019,2022,2023,2024,2025","{""2019"": 1, ""2022"": 1, ""2023"": 1, ""2024"": 2, ""2025"": 1}","{""2019"": 0.001698, ""2022"": 0.00156, ""2023"": 0.001742, ""2024"": 0.004598, ""2025"": 0.001828}",0.002285,0.000211,Sigma-Aldrich,Cat#230162,3
yeast nitrogen base,8,"2020,2021,2022,2023,2024,2025","{""2020"": 1, ""2021"": 1, ""2022"": 2, ""2023"": 1, ""2024"": 1, ""2025"": 2}","{""2020"": 0.001531, ""2021"": 0.001339, ""2022"": 0.00312, ""2023"": 0.001742, ""2024"": 0.002299, ""2025"": 0.003656}",0.002281,0.00034649,Formedium,Cat# Y1251-1KG,7
potassium phosphate dibasic,7,"2018,2020,2021,2023,2024,2025","{""2018"": 1, ""2020"": 1, ""2021"": 1, ""2023"": 1, ""2024"": 2, ""2025"": 1}","{""2018"": 0.002639, ""2020"": 0.001531, ""2021"": 0.001339, ""2023"": 0.001742, ""2024"": 0.004598, ""2025"": 0.001828}",0.002279,0.00010754,Sigma-Aldrich,Cat#795496,6
ez-link sulfo-nhs-lc-biotin,5,"2018,2019,2021,2023","{""2018"": 1, ""2019"": 2, ""2021"": 1, ""2023"": 1}","{""2018"": 0.002639, ""2019"": 0.003396, ""2021"": 0.001339, ""2023"": 0.001742}",0.002279,-0.00029737,Thermo Fisher Scientific,Cat# 21335,2
bio-rad protein assay dye reagent concentrate,6,"2019,2020,2023,2024,2025","{""2019"": 1, ""2020"": 1, ""2023"": 1, ""2024"": 2, ""2025"": 1}","{""2019"": 0.001698, ""2020"": 0.001531, ""2023"": 0.001742, ""2024"": 0.004598, ""2025"": 0.001828}",0.002279,0.00022337,Bio-Rad,Cat# 5000006,1
2-chloroacetamide,6,"2018,2020,2022,2024,2025","{""2018"": 1, ""2020"": 2, ""2022"": 1, ""2024"": 1, ""2025"": 1}","{""2018"": 0.002639, ""2020"": 0.003063, ""2022"": 0.00156, ""2024"": 0.002299, ""2025"": 0.001828}",0.002278,-0.0001317,Sigma-Aldrich,Cat# C0267,2
qiazol,9,"2018,2019,2020,2021,2022,2024,2025","{""2018"": 1, ""2019"": 2, ""2020"": 1, ""2021"": 2, ""2022"": 1, ""2024"": 1, ""2025"": 1}","{""2018"": 0.002639, ""2019"": 0.003396, ""2020"": 0.001531, ""2021"": 0.002677, ""2022"": 0.00156, ""2024"": 0.002299, ""2025"": 0.001828}",0.002276,-0.00012733,QIAGEN,79306,1
human recombinant egf,5,"2018,2020,2022,2025","{""2018"": 1, ""2020"": 2, ""2022"": 1, ""2025"": 1}","{""2018"": 0.002639, ""2020"": 0.003063, ""2022"": 0.00156, ""2025"": 0.001828}",0.002272,-0.00016367,GIBCO Life Technologies,Cat#PHG0311,5
firefly luciferase,5,"2019,2022,2024,2025","{""2019"": 2, ""2022"": 1, ""2024"": 1, ""2025"": 1}","{""2019"": 0.003396, ""2022"": 0.00156, ""2024"": 0.002299, ""2025"": 0.001828}",0.002271,-0.00022123,Sigma-Aldrich,Cat#G7940,4
saline,7,"2019,2020,2021,2022,2025","{""2019"": 3, ""2020"": 1, ""2021"": 1, ""2022"": 1, ""2025"": 1}","{""2019"": 0.005093, ""2020"": 0.001531, ""2021"": 0.001339, ""2022"": 0.00156, ""2025"": 0.001828}",0.00227,-0.0003484,Hospira,Cat# 69169,5
boric acid,8,"2019,2020,2021,2022,2024,2025","{""2019"": 1, ""2020"": 2, ""2021"": 1, ""2022"": 1, ""2024"": 1, ""2025"": 2}","{""2019"": 0.001698, ""2020"": 0.003063, ""2021"": 0.001339, ""2022"": 0.00156, ""2024"": 0.002299, ""2025"": 0.003656}",0.002269,0.0001967,Sinopharm Chemical Reagent,Cat#B6768–1KG; CAS#10043–35-3,6
proteinase k solution,6,"2020,2021,2022,2023","{""2020"": 1, ""2021"": 2, ""2022"": 2, ""2023"": 1}","{""2020"": 0.001531, ""2021"": 0.002677, ""2022"": 0.00312, ""2023"": 0.001742}",0.002268,0.0001075,Thermo Fisher Scientific,Cat#AM2546,6
hrp-conjugated streptavidin,9,"2019,2020,2021,2022,2023,2024,2025","{""2019"": 1, ""2020"": 1, ""2021"": 1, ""2022"": 2, ""2023"": 1, ""2024"": 2, ""2025"": 1}","{""2019"": 0.001698, ""2020"": 0.001531, ""2021"": 0.001339, ""2022"": 0.00312, ""2023"": 0.001742, ""2024"": 0.004598, ""2025"": 0.001828}",0.002265,0.0002474,Sigma,N100,5
il4,5,"2019,2020,2024,2025","{""2019"": 2, ""2020"": 1, ""2024"": 1, ""2025"": 1}","{""2019"": 0.003396, ""2020"": 0.001531, ""2024"": 0.002299, ""2025"": 0.001828}",0.002263,-0.00012182,Peprotech,214-14,5
gelred nucleic acid gel stain,5,"2019,2020,2024,2025","{""2019"": 2, ""2020"": 1, ""2024"": 1, ""2025"": 1}","{""2019"": 0.003396, ""2020"": 0.001531, ""2024"": 0.002299, ""2025"": 0.001828}",0.002263,-0.00012182,Biotium,Cat# 41003-1,2
sodium pyruvate solution,5,"2020,2022,2024,2025","{""2020"": 1, ""2022"": 1, ""2024"": 1, ""2025"": 2}","{""2020"": 0.001531, ""2022"": 0.00156, ""2024"": 0.002299, ""2025"": 0.003656}",0.002262,0.00038772,Sigma-Aldrich,Cat # S8636-100ML,2
lodoacetamide,5,"2020,2022,2024,2025","{""2020"": 1, ""2022"": 1, ""2024"": 1, ""2025"": 2}","{""2020"": 0.001531, ""2022"": 0.00156, ""2024"": 0.002299, ""2025"": 0.003656}",0.002262,0.00038772,Sigma,Cat #:I1149-5G,4
high glucose dmem,5,"2020,2022,2024,2025","{""2020"": 1, ""2022"": 1, ""2024"": 1, ""2025"": 2}","{""2020"": 0.001531, ""2022"": 0.00156, ""2024"": 0.002299, ""2025"": 0.003656}",0.002262,0.00038772,Thermo Fisher Scientific,SH30022.01,5
cell trace violet,9,"2019,2020,2021,2022,2023,2024,2025","{""2019"": 1, ""2020"": 2, ""2021"": 1, ""2022"": 1, ""2023"": 1, ""2024"": 2, ""2025"": 1}","{""2019"": 0.001698, ""2020"": 0.003063, ""2021"": 0.001339, ""2022"": 0.00156, ""2023"": 0.001742, ""2024"": 0.004598, ""2025"": 0.001828}",0.002261,0.00013801,Invitrogen,C34557,2
cysteamine,6,"2018,2020,2022,2023,2024","{""2018"": 1, ""2020"": 2, ""2022"": 1, ""2023"": 1, ""2024"": 1}","{""2018"": 0.002639, ""2020"": 0.003063, ""2022"": 0.00156, ""2023"": 0.001742, ""2024"": 0.002299}",0.00226,-0.00015338,Sigma-Aldrich,Cat# M9768-5G,2
kanamycin monosulfate,5,"2021,2023,2024,2025","{""2021"": 1, ""2023"": 1, ""2024"": 1, ""2025"": 2}","{""2021"": 0.001339, ""2023"": 0.001742, ""2024"": 0.002299, ""2025"": 0.003656}",0.002259,0.0005343,Gold Bio,K-120-5,5
cleancap reagent ag,5,"2021,2023,2024,2025","{""2021"": 1, ""2023"": 1, ""2024"": 1, ""2025"": 2}","{""2021"": 0.001339, ""2023"": 0.001742, ""2024"": 0.002299, ""2025"": 0.003656}",0.002259,0.0005343,TriLink BioTechnologies,Cat#N-7113,3
alexa fluor 647 phalloidin,9,"2018,2020,2021,2022,2023,2024,2025","{""2018"": 1, ""2020"": 2, ""2021"": 2, ""2022"": 1, ""2023"": 1, ""2024"": 1, ""2025"": 1}","{""2018"": 0.002639, ""2020"": 0.003063, ""2021"": 0.002677, ""2022"": 0.00156, ""2023"": 0.001742, ""2024"": 0.002299, ""2025"": 0.001828}",0.002258,-0.00015132,Thermo Fisher Scientific,Cat# A22287,2
superase.in rnase inhibitor,6,"2019,2020,2021,2022","{""2019"": 1, ""2020"": 1, ""2021"": 2, ""2022"": 2}","{""2019"": 0.001698, ""2020"": 0.001531, ""2021"": 0.002677, ""2022"": 0.00312}",0.002257,0.0005413,Thermo Fisher,Cat#AM2694,2
peimax,5,"2020,2021,2022,2024","{""2020"": 1, ""2021"": 1, ""2022"": 1, ""2024"": 2}","{""2020"": 0.001531, ""2021"": 0.001339, ""2022"": 0.00156, ""2024"": 0.004598}",0.002257,0.00080582,Polysciences,Cat. # 24765-1,2
pierce anti-ha magnetic beads,6,"2019,2020,2021,2022","{""2019"": 1, ""2020"": 1, ""2021"": 2, ""2022"": 2}","{""2019"": 0.001698, ""2020"": 0.001531, ""2021"": 0.002677, ""2022"": 0.00312}",0.002257,0.0005413,Thermo Fisher Scientific,Cat# 88836,2
ficoll paque plus,5,"2018,2021,2022,2023","{""2018"": 1, ""2021"": 1, ""2022"": 1, ""2023"": 2}","{""2018"": 0.002639, ""2021"": 0.001339, ""2022"": 0.00156, ""2023"": 0.003484}",0.002255,4.38e-05,Sigma Aldrich,Cat#GE17–1440–02,5
atropine,10,"2018,2019,2020,2021,2022,2023,2024,2025","{""2018"": 1, ""2019"": 3, ""2020"": 1, ""2021"": 1, ""2022"": 1, ""2023"": 1, ""2024"": 1, ""2025"": 1}","{""2018"": 0.002639, ""2019"": 0.005093, ""2020"": 0.001531, ""2021"": 0.001339, ""2022"": 0.00156, ""2023"": 0.001742, ""2024"": 0.002299, ""2025"": 0.001828}",0.002254,-0.00022371,Sigma-Aldrich,A0132-1G,8
lambda dna,6,"2019,2021,2022,2023","{""2019"": 1, ""2021"": 3, ""2022"": 1, ""2023"": 1}","{""2019"": 0.001698, ""2021"": 0.004016, ""2022"": 0.00156, ""2023"": 0.001742}",0.002254,-6.917e-05,New England Biolabs,Cat# SD0011,3
truecut cas9 protein v2,8,"2019,2020,2021,2023,2024,2025","{""2019"": 1, ""2020"": 1, ""2021"": 2, ""2023"": 2, ""2024"": 1, ""2025"": 1}","{""2019"": 0.001698, ""2020"": 0.001531, ""2021"": 0.002677, ""2023"": 0.003484, ""2024"": 0.002299, ""2025"": 0.001828}",0.002253,9.761e-05,Thermo Fisher Scientific,Cat# A36498,3
pierce ripa buffer,6,"2020,2022,2023,2024,2025","{""2020"": 1, ""2022"": 1, ""2023"": 1, ""2024"": 2, ""2025"": 1}","{""2020"": 0.001531, ""2022"": 0.00156, ""2023"": 0.001742, ""2024"": 0.004598, ""2025"": 0.001828}",0.002252,0.00029403,Thermo Scientific,Cat# 89900,2
16% paraformaldehyde (formaldehyde) aqueous solution,7,"2019,2021,2022,2023,2025","{""2019"": 1, ""2021"": 2, ""2022"": 1, ""2023"": 2, ""2025"": 1}","{""2019"": 0.001698, ""2021"": 0.002677, ""2022"": 0.00156, ""2023"": 0.003484, ""2025"": 0.001828}",0.00225,5.99e-05,Electron Microscopy Sciences,Cat#15710,3
"hoechst 33342, trihydrochloride, trihydrate",6,"2019,2020,2021,2022","{""2019"": 1, ""2020"": 2, ""2021"": 2, ""2022"": 1}","{""2019"": 0.001698, ""2020"": 0.003063, ""2021"": 0.002677, ""2022"": 0.00156}",0.00225,-7.986e-05,Thermo Fisher Scientific,Cat #H1399,3
lb agar,8,"2018,2019,2021,2022,2023,2024,2025","{""2018"": 2, ""2019"": 1, ""2021"": 1, ""2022"": 1, ""2023"": 1, ""2024"": 1, ""2025"": 1}","{""2018"": 0.005277, ""2019"": 0.001698, ""2021"": 0.001339, ""2022"": 0.00156, ""2023"": 0.001742, ""2024"": 0.002299, ""2025"": 0.001828}",0.002249,-0.00028451,Sigma,Cat# L7025-500TAB,7
ethyl acetate,5,"2018,2020,2021,2023","{""2018"": 1, ""2020"": 1, ""2021"": 1, ""2023"": 2}","{""2018"": 0.002639, ""2020"": 0.001531, ""2021"": 0.001339, ""2023"": 0.003484}",0.002248,0.00015524,Sigma,Cat#650528,5
human lif,5,"2019,2021,2024,2025","{""2019"": 1, ""2021"": 1, ""2024"": 1, ""2025"": 2}","{""2019"": 0.001698, ""2021"": 0.001339, ""2024"": 0.002299, ""2025"": 0.003656}",0.002248,0.00030271,Peprotech,Cat#300–05,3
shrimp alkaline phosphatase,5,"2022,2023,2024,2025","{""2022"": 2, ""2023"": 1, ""2024"": 1, ""2025"": 1}","{""2022"": 0.00312, ""2023"": 0.001742, ""2024"": 0.002299, ""2025"": 0.001828}",0.002247,-0.00033192,ThermoFisher Scientific,78390500UN,4
c&b metabond,5,"2022,2023,2024,2025","{""2022"": 2, ""2023"": 1, ""2024"": 1, ""2025"": 1}","{""2022"": 0.00312, ""2023"": 0.001742, ""2024"": 0.002299, ""2025"": 0.001828}",0.002247,-0.00033192,Parkell,SKU: S380,2
brilliant stain buffer plus,5,"2022,2023,2024,2025","{""2022"": 2, ""2023"": 1, ""2024"": 1, ""2025"": 1}","{""2022"": 0.00312, ""2023"": 0.001742, ""2024"": 0.002299, ""2025"": 0.001828}",0.002247,-0.00033192,BD Biosciences,Cat# 566385,2
n -acetyl-l-cysteine,6,"2018,2021,2022,2024,2025","{""2018"": 1, ""2021"": 1, ""2022"": 2, ""2024"": 1, ""2025"": 1}","{""2018"": 0.002639, ""2021"": 0.001339, ""2022"": 0.00312, ""2024"": 0.002299, ""2025"": 0.001828}",0.002245,-6.035e-05,Sigma-Aldrich,Cat#A7250-100G,2
neurobiotin tracer,7,"2019,2020,2021,2022,2025","{""2019"": 2, ""2020"": 1, ""2021"": 1, ""2022"": 2, ""2025"": 1}","{""2019"": 0.003396, ""2020"": 0.001531, ""2021"": 0.001339, ""2022"": 0.00312, ""2025"": 0.001828}",0.002243,-0.00011205,Vector Laboratories,Cat# SP-1120,3
doxycyclin,6,"2018,2019,2020,2021,2024","{""2018"": 1, ""2019"": 2, ""2020"": 1, ""2021"": 1, ""2024"": 1}","{""2018"": 0.002639, ""2019"": 0.003396, ""2020"": 0.001531, ""2021"": 0.001339, ""2024"": 0.002299}",0.002241,-0.00012357,Sigma-Aldrich,Cat# D9891,2
q5 high fidelity dna polymerase,5,"2018,2019,2020,2022","{""2018"": 1, ""2019"": 1, ""2020"": 2, ""2022"": 1}","{""2018"": 0.002639, ""2019"": 0.001698, ""2020"": 0.003063, ""2022"": 0.00156}",0.00224,-0.00018456,New England Biolabs,Cat# M0491L,3
recombinant human tnfα,10,"2018,2019,2020,2021,2022,2023,2024,2025","{""2018"": 1, ""2019"": 1, ""2020"": 2, ""2021"": 1, ""2022"": 1, ""2023"": 2, ""2024"": 1, ""2025"": 1}","{""2018"": 0.002639, ""2019"": 0.001698, ""2020"": 0.003063, ""2021"": 0.001339, ""2022"": 0.00156, ""2023"": 0.003484, ""2024"": 0.002299, ""2025"": 0.001828}",0.002239,-1.406e-05,R&D Systems,210-TA,9
nile red,5,"2021,2023,2024,2025","{""2021"": 1, ""2023"": 2, ""2024"": 1, ""2025"": 1}","{""2021"": 0.001339, ""2023"": 0.003484, ""2024"": 0.002299, ""2025"": 0.001828}",0.002238,0.00011889,Thermo Fisher Scientific,Cat# N1142,3
complete freund’s adjuvant,7,"2018,2020,2022,2023,2024,2025","{""2018"": 1, ""2020"": 1, ""2022"": 1, ""2023"": 1, ""2024"": 1, ""2025"": 2}","{""2018"": 0.002639, ""2020"": 0.001531, ""2022"": 0.00156, ""2023"": 0.001742, ""2024"": 0.002299, ""2025"": 0.003656}",0.002238,0.00010859,Sigma-Aldrich,Cat# F5881,2
polyethylene glycol 8000,7,"2019,2020,2021,2022,2025","{""2019"": 2, ""2020"": 2, ""2021"": 1, ""2022"": 1, ""2025"": 1}","{""2019"": 0.003396, ""2020"": 0.003063, ""2021"": 0.001339, ""2022"": 0.00156, ""2025"": 0.001828}",0.002237,-0.00025733,Merck,Cat#1546605,7
l-glutamine solution,6,"2020,2021,2022,2025","{""2020"": 1, ""2021"": 3, ""2022"": 1, ""2025"": 1}","{""2020"": 0.001531, ""2021"": 0.004016, ""2022"": 0.00156, ""2025"": 0.001828}",0.002234,-0.00011389,Sigma-Aldrich,Cat#G7513-20ML,4
fk506,5,"2020,2023,2024,2025","{""2020"": 2, ""2023"": 1, ""2024"": 1, ""2025"": 1}","{""2020"": 0.003063, ""2023"": 0.001742, ""2024"": 0.002299, ""2025"": 0.001828}",0.002233,-0.00023094,Sigma,Cat#F4679-5MG,5
quick ligation kit,5,"2018,2019,2021,2022","{""2018"": 1, ""2019"": 2, ""2021"": 1, ""2022"": 1}","{""2018"": 0.002639, ""2019"": 0.003396, ""2021"": 0.001339, ""2022"": 0.00156}",0.002233,-0.00042138,NEB,Cat# M2200S,2
prolong diamond antifade mountant with dapi,8,"2020,2021,2022,2023,2024,2025","{""2020"": 2, ""2021"": 1, ""2022"": 2, ""2023"": 1, ""2024"": 1, ""2025"": 1}","{""2020"": 0.003063, ""2021"": 0.001339, ""2022"": 0.00312, ""2023"": 0.001742, ""2024"": 0.002299, ""2025"": 0.001828}",0.002232,-0.00013345,Invitrogen,Cat# P36966,4
alcian blue,5,"2018,2021,2022,2025","{""2018"": 1, ""2021"": 1, ""2022"": 2, ""2025"": 1}","{""2018"": 0.002639, ""2021"": 0.001339, ""2022"": 0.00312, ""2025"": 0.001828}",0.002231,-7.782e-05,Sigma Aldrich,Cat# A5268-10G,3
talon metal affinity resin,9,"2018,2019,2020,2021,2022,2023,2025","{""2018"": 1, ""2019"": 2, ""2020"": 1, ""2021"": 1, ""2022"": 2, ""2023"": 1, ""2025"": 1}","{""2018"": 0.002639, ""2019"": 0.003396, ""2020"": 0.001531, ""2021"": 0.001339, ""2022"": 0.00312, ""2023"": 0.001742, ""2025"": 0.001828}",0.002228,-0.0001305,Clontech,CAT#635652,6
alexa fluor 647 nhs ester,6,"2018,2019,2021,2024,2025","{""2018"": 1, ""2019"": 1, ""2021"": 2, ""2024"": 1, ""2025"": 1}","{""2018"": 0.002639, ""2019"": 0.001698, ""2021"": 0.002677, ""2024"": 0.002299, ""2025"": 0.001828}",0.002228,-4.189e-05,"Fisher Scientific (Waltham, MA)",A20006,3
lc-ms grade acetonitrile,6,"2018,2019,2020,2023,2025","{""2018"": 1, ""2019"": 2, ""2020"": 1, ""2023"": 1, ""2025"": 1}","{""2018"": 0.002639, ""2019"": 0.003396, ""2020"": 0.001531, ""2023"": 0.001742, ""2025"": 0.001828}",0.002227,-0.00016004,Merck,Cat# 1.00029.2500,2
talazoparib,8,"2020,2021,2022,2023,2024,2025","{""2020"": 3, ""2021"": 1, ""2022"": 1, ""2023"": 1, ""2024"": 1, ""2025"": 1}","{""2020"": 0.004594, ""2021"": 0.001339, ""2022"": 0.00156, ""2023"": 0.001742, ""2024"": 0.002299, ""2025"": 0.001828}",0.002227,-0.00030764,Selleckchem,Cat# HY-16106,5
endo h,6,"2019,2020,2022,2023,2024","{""2019"": 1, ""2020"": 1, ""2022"": 1, ""2023"": 1, ""2024"": 2}","{""2019"": 0.001698, ""2020"": 0.001531, ""2022"": 0.00156, ""2023"": 0.001742, ""2024"": 0.004598}",0.002226,0.00042053,New England Biolabs,P0702L,3
lysyl endopeptidase (lys-c),5,"2019,2020,2024,2025","{""2019"": 1, ""2020"": 2, ""2024"": 1, ""2025"": 1}","{""2019"": 0.001698, ""2020"": 0.003063, ""2024"": 0.002299, ""2025"": 0.001828}",0.002222,-4.372e-05,Wako,Cat. #129-02541,5
u73122,5,"2018,2020,2021,2025","{""2018"": 1, ""2020"": 2, ""2021"": 1, ""2025"": 1}","{""2018"": 0.002639, ""2020"": 0.003063, ""2021"": 0.001339, ""2025"": 0.001828}",0.002217,-0.00014099,SelleckChem,Cat#S8011; CAS#112648-68-7,4
superdex 200 increase 10/300 gl,8,"2019,2020,2021,2022,2023,2024","{""2019"": 1, ""2020"": 1, ""2021"": 1, ""2022"": 3, ""2023"": 1, ""2024"": 1}","{""2019"": 0.001698, ""2020"": 0.001531, ""2021"": 0.001339, ""2022"": 0.00468, ""2023"": 0.001742, ""2024"": 0.002299}",0.002215,0.0001994,Cytiva,Cat# 28990944,4
leptin,10,"2018,2019,2020,2021,2022,2023,2024,2025","{""2018"": 1, ""2019"": 1, ""2020"": 1, ""2021"": 2, ""2022"": 1, ""2023"": 2, ""2024"": 1, ""2025"": 1}","{""2018"": 0.002639, ""2019"": 0.001698, ""2020"": 0.001531, ""2021"": 0.002677, ""2022"": 0.00156, ""2023"": 0.003484, ""2024"": 0.002299, ""2025"": 0.001828}",0.002215,2.469e-05,R&D Systems,Cat #CYT-683,7
dynabeads m-280 streptavidin,7,"2018,2019,2021,2023,2024,2025","{""2018"": 1, ""2019"": 1, ""2021"": 1, ""2023"": 2, ""2024"": 1, ""2025"": 1}","{""2018"": 0.002639, ""2019"": 0.001698, ""2021"": 0.001339, ""2023"": 0.003484, ""2024"": 0.002299, ""2025"": 0.001828}",0.002214,2.566e-05,Invitrogen,11205D,2
streptavidin af647,5,"2021,2022,2024,2025","{""2021"": 1, ""2022"": 1, ""2024"": 1, ""2025"": 2}","{""2021"": 0.001339, ""2022"": 0.00156, ""2024"": 0.002299, ""2025"": 0.003656}",0.002213,0.0005374,Biolegend,Cat# 405237,2
heat-inactivated fetal bovine serum,5,"2021,2022,2024,2025","{""2021"": 1, ""2022"": 1, ""2024"": 1, ""2025"": 2}","{""2021"": 0.001339, ""2022"": 0.00156, ""2024"": 0.002299, ""2025"": 0.003656}",0.002213,0.0005374,R&D Systems,Cat #S12450H,5
rat tail collagen i,5,"2021,2022,2024,2025","{""2021"": 1, ""2022"": 1, ""2024"": 1, ""2025"": 2}","{""2021"": 0.001339, ""2022"": 0.00156, ""2024"": 0.002299, ""2025"": 0.003656}",0.002213,0.0005374,Corning,Cat# 354236,3
serotonin,5,"2021,2022,2024,2025","{""2021"": 1, ""2022"": 1, ""2024"": 1, ""2025"": 2}","{""2021"": 0.001339, ""2022"": 0.00156, ""2024"": 0.002299, ""2025"": 0.003656}",0.002213,0.0005374,Sigma,Cat: 14332,4
l-(+)-arabinose,6,"2018,2019,2021,2023,2024","{""2018"": 1, ""2019"": 1, ""2021"": 2, ""2023"": 1, ""2024"": 1}","{""2018"": 0.002639, ""2019"": 0.001698, ""2021"": 0.002677, ""2023"": 0.001742, ""2024"": 0.002299}",0.002211,-3.578e-05,Sigma-Aldrich,Cat#A51000,4
tgfβ1,5,"2018,2019,2021,2025","{""2018"": 1, ""2019"": 1, ""2021"": 2, ""2025"": 1}","{""2018"": 0.002639, ""2019"": 0.001698, ""2021"": 0.002677, ""2025"": 0.001828}",0.00221,-6.219e-05,Peprotech,Cat#7666-MB,3
l-glutamine (200mm),6,"2018,2020,2022,2023,2025","{""2018"": 1, ""2020"": 1, ""2022"": 1, ""2023"": 2, ""2025"": 1}","{""2018"": 0.002639, ""2020"": 0.001531, ""2022"": 0.00156, ""2023"": 0.003484, ""2025"": 0.001828}",0.002208,-7.91e-06,Gibco,882027-12,4
phusion high fidelity dna polymerase,6,"2018,2019,2020,2021,2024","{""2018"": 1, ""2019"": 1, ""2020"": 2, ""2021"": 1, ""2024"": 1}","{""2018"": 0.002639, ""2019"": 0.001698, ""2020"": 0.003063, ""2021"": 0.001339, ""2024"": 0.002299}",0.002207,-4.035e-05,New England Biolabs,Cat#M0530,4
piericidin a,6,"2019,2021,2022,2024,2025","{""2019"": 1, ""2021"": 1, ""2022"": 1, ""2024"": 2, ""2025"": 1}","{""2019"": 0.001698, ""2021"": 0.001339, ""2022"": 0.00156, ""2024"": 0.004598, ""2025"": 0.001828}",0.002204,0.00026506,Cayman Chemical,Cat#15379,4
thz1,6,"2018,2021,2022,2024,2025","{""2018"": 1, ""2021"": 2, ""2022"": 1, ""2024"": 1, ""2025"": 1}","{""2018"": 0.002639, ""2021"": 0.002677, ""2022"": 0.00156, ""2024"": 0.002299, ""2025"": 0.001828}",0.002201,-0.00010498,Cayman Chemical,Cat# S7549,4
chicken serum,5,"2018,2019,2021,2022","{""2018"": 1, ""2019"": 1, ""2021"": 1, ""2022"": 2}","{""2018"": 0.002639, ""2019"": 0.001698, ""2021"": 0.001339, ""2022"": 0.00312}",0.002199,6.041e-05,Sigma Aldrich,Cat# C5405,2
pp242,5,"2018,2019,2021,2022","{""2018"": 1, ""2019"": 1, ""2021"": 1, ""2022"": 2}","{""2018"": 0.002639, ""2019"": 0.001698, ""2021"": 0.001339, ""2022"": 0.00312}",0.002199,6.041e-05,Tocris,Cat#4257,3
lightcycler 480 sybr green i master mix,6,"2018,2020,2021,2024,2025","{""2018"": 1, ""2020"": 1, ""2021"": 2, ""2024"": 1, ""2025"": 1}","{""2018"": 0.002639, ""2020"": 0.001531, ""2021"": 0.002677, ""2024"": 0.002299, ""2025"": 0.001828}",0.002195,-5.489e-05,Roche,Cat# 04887352001,4
human il-15,5,"2020,2022,2024,2025","{""2020"": 1, ""2022"": 2, ""2024"": 1, ""2025"": 1}","{""2020"": 0.001531, ""2022"": 0.00312, ""2024"": 0.002299, ""2025"": 0.001828}",0.002195,2.952e-05,Miltenyi Biotec,Cat# 130-095-766,5
normal horse serum,7,"2019,2020,2021,2022,2023","{""2019"": 1, ""2020"": 1, ""2021"": 2, ""2022"": 1, ""2023"": 2}","{""2019"": 0.001698, ""2020"": 0.001531, ""2021"": 0.002677, ""2022"": 0.00156, ""2023"": 0.003484}",0.00219,0.00036017,Vector Laboratories,Cat# S-2000,5
foetal bovine serum (fbs),5,"2018,2019,2021,2023","{""2018"": 1, ""2019"": 1, ""2021"": 2, ""2023"": 1}","{""2018"": 0.002639, ""2019"": 0.001698, ""2021"": 0.002677, ""2023"": 0.001742}",0.002189,-8.542e-05,Thermo Fisher Scientific,Cat# 11560636,5
adenine,10,"2018,2019,2020,2021,2022,2023,2024,2025","{""2018"": 1, ""2019"": 1, ""2020"": 2, ""2021"": 2, ""2022"": 1, ""2023"": 1, ""2024"": 1, ""2025"": 1}","{""2018"": 0.002639, ""2019"": 0.001698, ""2020"": 0.003063, ""2021"": 0.002677, ""2022"": 0.00156, ""2023"": 0.001742, ""2024"": 0.002299, ""2025"": 0.001828}",0.002188,-9.222e-05,Sigma-Aldrich,Cat# A8626,4
rpmi 1640 with l-glutamine,6,"2018,2021,2022,2023,2025","{""2018"": 1, ""2021"": 1, ""2022"": 1, ""2023"": 1, ""2025"": 2}","{""2018"": 0.002639, ""2021"": 0.001339, ""2022"": 0.00156, ""2023"": 0.001742, ""2025"": 0.003656}",0.002187,0.00011214,Corning,Cat# 10-040-CV,4
acetic anhydride,6,"2018,2021,2022,2023,2025","{""2018"": 1, ""2021"": 1, ""2022"": 1, ""2023"": 1, ""2025"": 2}","{""2018"": 0.002639, ""2021"": 0.001339, ""2022"": 0.00156, ""2023"": 0.001742, ""2025"": 0.003656}",0.002187,0.00011214,Sigma,Cat#A6404,4
dmem - dulbecco’s modified eagle medium,5,"2020,2022,2024,2025","{""2020"": 2, ""2022"": 1, ""2024"": 1, ""2025"": 1}","{""2020"": 0.003063, ""2022"": 0.00156, ""2024"": 0.002299, ""2025"": 0.001828}",0.002187,-0.00017666,ThermoFisher Scientific,Cat# 11965-092,4
powersybr green pcr master mix,6,"2018,2020,2021,2022,2024","{""2018"": 1, ""2020"": 1, ""2021"": 1, ""2022"": 2, ""2024"": 1}","{""2018"": 0.002639, ""2020"": 0.001531, ""2021"": 0.001339, ""2022"": 0.00312, ""2024"": 0.002299}",0.002186,2.849e-05,Applied Biosystems,Cat#4367659,4
human il-4,7,"2018,2019,2020,2022,2024,2025","{""2018"": 1, ""2019"": 1, ""2020"": 1, ""2022"": 2, ""2024"": 1, ""2025"": 1}","{""2018"": 0.002639, ""2019"": 0.001698, ""2020"": 0.001531, ""2022"": 0.00312, ""2024"": 0.002299, ""2025"": 0.001828}",0.002186,2.93e-06,Miltenyi Biotec,Cat# 130-093-922,4
enzalutamide,6,"2019,2020,2023,2024,2025","{""2019"": 1, ""2020"": 1, ""2023"": 1, ""2024"": 1, ""2025"": 2}","{""2019"": 0.001698, ""2020"": 0.001531, ""2023"": 0.001742, ""2024"": 0.002299, ""2025"": 0.003656}",0.002185,0.00025997,Selleckchem,S2840,3
reversine,5,"2018,2019,2020,2021","{""2018"": 1, ""2019"": 1, ""2020"": 2, ""2021"": 1}","{""2018"": 0.002639, ""2019"": 0.001698, ""2020"": 0.003063, ""2021"": 0.001339}",0.002184,-0.00025345,Sigma-Aldrich,Cat#R3904,3
dpx mountant for histology,6,"2019,2020,2021,2023,2024","{""2019"": 1, ""2020"": 1, ""2021"": 1, ""2023"": 1, ""2024"": 2}","{""2019"": 0.001698, ""2020"": 0.001531, ""2021"": 0.001339, ""2023"": 0.001742, ""2024"": 0.004598}",0.002182,0.00046438,Sigma-Aldrich,Cat# 06522,2
vx-765,7,"2020,2021,2022,2023,2025","{""2020"": 1, ""2021"": 2, ""2022"": 2, ""2023"": 1, ""2025"": 1}","{""2020"": 0.001531, ""2021"": 0.002677, ""2022"": 0.00312, ""2023"": 0.001742, ""2025"": 0.001828}",0.00218,-4.685e-05,InvivoGen,Cat# inh-vx765i-1,5
ultrapure 0.5m edta,6,"2018,2019,2021,2022,2024","{""2018"": 1, ""2019"": 1, ""2021"": 2, ""2022"": 1, ""2024"": 1}","{""2018"": 0.002639, ""2019"": 0.001698, ""2021"": 0.002677, ""2022"": 0.00156, ""2024"": 0.002299}",0.002175,-2.983e-05,Invitrogen,Cat#15575020,2
phi29 dna polymerase,6,"2018,2019,2020,2022,2023","{""2018"": 1, ""2019"": 2, ""2020"": 1, ""2022"": 1, ""2023"": 1}","{""2018"": 0.002639, ""2019"": 0.003396, ""2020"": 0.001531, ""2022"": 0.00156, ""2023"": 0.001742}",0.002174,-0.00027169,Thermo Fisher Scientific,EP0094,5
mk2206,7,"2020,2021,2022,2023,2025","{""2020"": 2, ""2021"": 2, ""2022"": 1, ""2023"": 1, ""2025"": 1}","{""2020"": 0.003063, ""2021"": 0.002677, ""2022"": 0.00156, ""2023"": 0.001742, ""2025"": 0.001828}",0.002174,-0.00025341,Selleck Chemicals,Cat# S1078,3
human recombinant il-4,6,"2018,2019,2020,2022,2023","{""2018"": 1, ""2019"": 2, ""2020"": 1, ""2022"": 1, ""2023"": 1}","{""2018"": 0.002639, ""2019"": 0.003396, ""2020"": 0.001531, ""2022"": 0.00156, ""2023"": 0.001742}",0.002174,-0.00027169,Peprotech,Cat.# 200-04,5
insulin from bovine pancreas,6,"2018,2019,2020,2021,2025","{""2018"": 1, ""2019"": 1, ""2020"": 1, ""2021"": 1, ""2025"": 2}","{""2018"": 0.002639, ""2019"": 0.001698, ""2020"": 0.001531, ""2021"": 0.001339, ""2025"": 0.003656}",0.002173,0.00020985,Sigma-Aldrich,Cat#I5500,3
phusion flash high-fidelity pcr master mix,5,"2020,2022,2023,2024","{""2020"": 1, ""2022"": 2, ""2023"": 1, ""2024"": 1}","{""2020"": 0.001531, ""2022"": 0.00312, ""2023"": 0.001742, ""2024"": 0.002299}",0.002173,0.00012616,Thermo Fisher Scientific,Cat#F548L,2
fgf4,7,"2019,2020,2021,2022,2025","{""2019"": 1, ""2020"": 1, ""2021"": 2, ""2022"": 2, ""2025"": 1}","{""2019"": 0.001698, ""2020"": 0.001531, ""2021"": 0.002677, ""2022"": 0.00312, ""2025"": 0.001828}",0.002171,5.49e-05,R&D Systems,100–31,7
opal 520,6,"2020,2021,2022,2024,2025","{""2020"": 1, ""2021"": 1, ""2022"": 1, ""2024"": 2, ""2025"": 1}","{""2020"": 0.001531, ""2021"": 0.001339, ""2022"": 0.00156, ""2024"": 0.004598, ""2025"": 0.001828}",0.002171,0.00034512,Akoya Biosciences,Cat#FP1487001KT,3
opal 570,6,"2020,2021,2022,2024,2025","{""2020"": 1, ""2021"": 1, ""2022"": 1, ""2024"": 2, ""2025"": 1}","{""2020"": 0.001531, ""2021"": 0.001339, ""2022"": 0.00156, ""2024"": 0.004598, ""2025"": 0.001828}",0.002171,0.00034512,Akoya Biosciences,Cat#FP1488001KT,3
benzamidine hydrochloride,5,"2021,2022,2023,2024","{""2021"": 1, ""2022"": 1, ""2023"": 2, ""2024"": 1}","{""2021"": 0.001339, ""2022"": 0.00156, ""2023"": 0.003484, ""2024"": 0.002299}",0.00217,0.00048047,SRL,Cat# 93014 (0248255),2
nebuilder® hifi dna assembly master mix,5,"2021,2022,2023,2024","{""2021"": 1, ""2022"": 1, ""2023"": 2, ""2024"": 1}","{""2021"": 0.001339, ""2022"": 0.00156, ""2023"": 0.003484, ""2024"": 0.002299}",0.00217,0.00048047,New England BioLabs,Cat#E2621X,3
benzamidine hydrochloride hydrate,5,"2021,2022,2023,2024","{""2021"": 1, ""2022"": 1, ""2023"": 2, ""2024"": 1}","{""2021"": 0.001339, ""2022"": 0.00156, ""2023"": 0.003484, ""2024"": 0.002299}",0.00217,0.00048047,Sigma,Cat# B6506,2
phusion hf dna polymerase,5,"2020,2021,2023,2024","{""2020"": 1, ""2021"": 1, ""2023"": 2, ""2024"": 1}","{""2020"": 0.001531, ""2021"": 0.001339, ""2023"": 0.003484, ""2024"": 0.002299}",0.002163,0.00036805,Thermo Fisher Scientific,Cat# M0530S,5
dibutyryl-camp,5,"2020,2021,2023,2024","{""2020"": 1, ""2021"": 1, ""2023"": 2, ""2024"": 1}","{""2020"": 0.001531, ""2021"": 0.001339, ""2023"": 0.003484, ""2024"": 0.002299}",0.002163,0.00036805,Sigma-Aldrich,Cat# D0627,2
calcein blue,5,"2020,2021,2023,2024","{""2020"": 1, ""2021"": 1, ""2023"": 2, ""2024"": 1}","{""2020"": 0.001531, ""2021"": 0.001339, ""2023"": 0.003484, ""2024"": 0.002299}",0.002163,0.00036805,Life Technologies,Cat#C1429,1
uk5099,5,"2019,2020,2022,2024","{""2019"": 1, ""2020"": 1, ""2022"": 2, ""2024"": 1}","{""2019"": 0.001698, ""2020"": 0.001531, ""2022"": 0.00312, ""2024"": 0.002299}",0.002162,0.00019849,Cambridge Bioscience,Cat# B1952; CAS: 56396-35-1,3
mitomycin c from streptomyces caespitosus,7,"2019,2020,2022,2023,2024,2025","{""2019"": 1, ""2020"": 1, ""2022"": 1, ""2023"": 1, ""2024"": 2, ""2025"": 1}","{""2019"": 0.001698, ""2020"": 0.001531, ""2022"": 0.00156, ""2023"": 0.001742, ""2024"": 0.004598, ""2025"": 0.001828}",0.00216,0.00022756,Sigma-Aldrich,Cat# M4287,1
histamine,8,"2019,2020,2021,2022,2023,2025","{""2019"": 2, ""2020"": 1, ""2021"": 1, ""2022"": 2, ""2023"": 1, ""2025"": 1}","{""2019"": 0.003396, ""2020"": 0.001531, ""2021"": 0.001339, ""2022"": 0.00312, ""2023"": 0.001742, ""2025"": 0.001828}",0.002159,-0.00013041,Sigma,Cat# H7125,4
pierce protease inhibitor tablets,5,"2019,2020,2023,2025","{""2019"": 1, ""2020"": 1, ""2023"": 1, ""2025"": 2}","{""2019"": 0.001698, ""2020"": 0.001531, ""2023"": 0.001742, ""2025"": 0.003656}",0.002157,0.00029503,Thermo Scientific,Cat#A32963,2
smart-seq v4 ultra low input rna kit,5,"2019,2020,2022,2024","{""2019"": 1, ""2020"": 2, ""2022"": 1, ""2024"": 1}","{""2019"": 0.001698, ""2020"": 0.003063, ""2022"": 0.00156, ""2024"": 0.002299}",0.002155,-1.062e-05,Nextera,634890,4
bortezomib (ps-341),5,"2019,2020,2022,2024","{""2019"": 1, ""2020"": 2, ""2022"": 1, ""2024"": 1}","{""2019"": 0.001698, ""2020"": 0.003063, ""2022"": 0.00156, ""2024"": 0.002299}",0.002155,-1.062e-05,Selleckchem,"Cat# S1013, CAS: 179324-69-7",3
mouse recombinant il-4,6,"2018,2019,2021,2022,2025","{""2018"": 1, ""2019"": 2, ""2021"": 1, ""2022"": 1, ""2025"": 1}","{""2018"": 0.002639, ""2019"": 0.003396, ""2021"": 0.001339, ""2022"": 0.00156, ""2025"": 0.001828}",0.002152,-0.00019447,Peprotech,214–14,2
dinaciclib,5,"2018,2020,2021,2023","{""2018"": 1, ""2020"": 1, ""2021"": 2, ""2023"": 1}","{""2018"": 0.002639, ""2020"": 0.001531, ""2021"": 0.002677, ""2023"": 0.001742}",0.002147,-0.0001283,Selleckchem,Cat# S2768,2
wr99210,5,"2018,2020,2021,2023","{""2018"": 1, ""2020"": 1, ""2021"": 2, ""2023"": 1}","{""2018"": 0.002639, ""2020"": 0.001531, ""2021"": 0.002677, ""2023"": 0.001742}",0.002147,-0.0001283,Jacobus Pharmaceuticals,CAS 47326-86-3,2
dmem/f12 + glutamax,6,"2019,2021,2023,2024,2025","{""2019"": 1, ""2021"": 1, ""2023"": 1, ""2024"": 1, ""2025"": 2}","{""2019"": 0.001698, ""2021"": 0.001339, ""2023"": 0.001742, ""2024"": 0.002299, ""2025"": 0.003656}",0.002147,0.00028376,Thermo Fisher,Cat#10565018,4
ethyl alcohol,5,"2021,2022,2024,2025","{""2021"": 1, ""2022"": 2, ""2024"": 1, ""2025"": 1}","{""2021"": 0.001339, ""2022"": 0.00312, ""2024"": 0.002299, ""2025"": 0.001828}",0.002146,1.577e-05,Sigma-Aldrich,Cat# E7023,2
cytochrome c,6,"2018,2019,2021,2022,2023","{""2018"": 1, ""2019"": 1, ""2021"": 1, ""2022"": 1, ""2023"": 2}","{""2018"": 0.002639, ""2019"": 0.001698, ""2021"": 0.001339, ""2022"": 0.00156, ""2023"": 0.003484}",0.002144,8.752e-05,Sigma-Aldrich,Cat#C7752,2
recombinant human il-18,5,"2018,2019,2021,2022","{""2018"": 1, ""2019"": 1, ""2021"": 2, ""2022"": 1}","{""2018"": 0.002639, ""2019"": 0.001698, ""2021"": 0.002677, ""2022"": 0.00156}",0.002143,-0.00011773,MBL,Cat#B001-5,4
ngf,5,"2018,2019,2021,2022","{""2018"": 1, ""2019"": 1, ""2021"": 2, ""2022"": 1}","{""2018"": 0.002639, ""2019"": 0.001698, ""2021"": 0.002677, ""2022"": 0.00156}",0.002143,-0.00011773,Peprotech,Cat#450-01,4
deae-dextran,8,"2018,2019,2020,2022,2023,2024,2025","{""2018"": 1, ""2019"": 2, ""2020"": 1, ""2022"": 1, ""2023"": 1, ""2024"": 1, ""2025"": 1}","{""2018"": 0.002639, ""2019"": 0.003396, ""2020"": 0.001531, ""2022"": 0.00156, ""2023"": 0.001742, ""2024"": 0.002299, ""2025"": 0.001828}",0.002142,-0.00013312,Sigma-Aldrich,Cat# D9885,2
resazurin sodium salt,6,"2018,2019,2020,2022,2023","{""2018"": 1, ""2019"": 1, ""2020"": 2, ""2022"": 1, ""2023"": 1}","{""2018"": 0.002639, ""2019"": 0.001698, ""2020"": 0.003063, ""2022"": 0.00156, ""2023"": 0.001742}",0.00214,-0.00016911,Sigma,Cat# R7017,1
t3 rna polymerase,6,"2018,2019,2020,2022,2023","{""2018"": 1, ""2019"": 1, ""2020"": 2, ""2022"": 1, ""2023"": 1}","{""2018"": 0.002639, ""2019"": 0.001698, ""2020"": 0.003063, ""2022"": 0.00156, ""2023"": 0.001742}",0.00214,-0.00016911,Promega,Cat#P208C,4
ω-agatoxin iva,5,"2021,2023,2024,2025","{""2021"": 2, ""2023"": 1, ""2024"": 1, ""2025"": 1}","{""2021"": 0.002677, ""2023"": 0.001742, ""2024"": 0.002299, ""2025"": 0.001828}",0.002137,-0.00017557,Alomone Labs,Cat# STA-500,4
scopolamine hydrobromide,6,"2019,2022,2023,2024,2025","{""2019"": 1, ""2022"": 2, ""2023"": 1, ""2024"": 1, ""2025"": 1}","{""2019"": 0.001698, ""2022"": 0.00312, ""2023"": 0.001742, ""2024"": 0.002299, ""2025"": 0.001828}",0.002137,1.503e-05,Tocris,Cat# 1414,2
bsai-hfv2,5,"2021,2023,2024,2025","{""2021"": 2, ""2023"": 1, ""2024"": 1, ""2025"": 1}","{""2021"": 0.002677, ""2023"": 0.001742, ""2024"": 0.002299, ""2025"": 0.001828}",0.002137,-0.00017557,New England BioLabs,Cat#R3733S,2
reporter lysis buffer,6,"2019,2022,2023,2024,2025","{""2019"": 1, ""2022"": 2, ""2023"": 1, ""2024"": 1, ""2025"": 1}","{""2019"": 0.001698, ""2022"": 0.00312, ""2023"": 0.001742, ""2024"": 0.002299, ""2025"": 0.001828}",0.002137,1.503e-05,Promega,Cat# E3971,2
dynabeads,5,"2019,2020,2023,2025","{""2019"": 1, ""2020"": 1, ""2023"": 2, ""2025"": 1}","{""2019"": 0.001698, ""2020"": 0.001531, ""2023"": 0.003484, ""2025"": 0.001828}",0.002135,0.00012958,Invitrogen,CAT#11035,6
ube1,7,"2018,2019,2020,2021,2023,2024","{""2018"": 1, ""2019"": 1, ""2020"": 2, ""2021"": 1, ""2023"": 1, ""2024"": 1}","{""2018"": 0.002639, ""2019"": 0.001698, ""2020"": 0.003063, ""2021"": 0.001339, ""2023"": 0.001742, ""2024"": 0.002299}",0.00213,-6.944e-05,Boston Biochem,Cat# E-305,4
triton-x,7,"2019,2021,2022,2023,2024,2025","{""2019"": 1, ""2021"": 1, ""2022"": 1, ""2023"": 1, ""2024"": 2, ""2025"": 1}","{""2019"": 0.001698, ""2021"": 0.001339, ""2022"": 0.00156, ""2023"": 0.001742, ""2024"": 0.004598, ""2025"": 0.001828}",0.002127,0.00024579,Sigma,Cat#T9284,4
nitrocellulose membranes,5,"2021,2022,2023,2024","{""2021"": 1, ""2022"": 2, ""2023"": 1, ""2024"": 1}","{""2021"": 0.001339, ""2022"": 0.00312, ""2023"": 0.001742, ""2024"": 0.002299}",0.002125,0.00015025,Amersham,10600002,5
tpck-treated trypsin,5,"2021,2022,2023,2024","{""2021"": 1, ""2022"": 2, ""2023"": 1, ""2024"": 1}","{""2021"": 0.001339, ""2022"": 0.00312, ""2023"": 0.001742, ""2024"": 0.002299}",0.002125,0.00015025,Fisher Scientific,PI20233,4
homoharringtonine,5,"2019,2020,2023,2025","{""2019"": 2, ""2020"": 1, ""2023"": 1, ""2025"": 1}","{""2019"": 0.003396, ""2020"": 0.001531, ""2023"": 0.001742, ""2025"": 0.001828}",0.002124,-0.00017137,Sigma-Aldrich,Cat# SML1091,3
25-hydroxycholesterol,5,"2020,2022,2023,2025","{""2020"": 1, ""2022"": 1, ""2023"": 1, ""2025"": 2}","{""2020"": 0.001531, ""2022"": 0.00156, ""2023"": 0.001742, ""2025"": 0.003656}",0.002122,0.00041564,Sigma,Cat#H1015,3
xylenes,7,"2018,2020,2021,2023,2024,2025","{""2018"": 1, ""2020"": 1, ""2021"": 2, ""2023"": 1, ""2024"": 1, ""2025"": 1}","{""2018"": 0.002639, ""2020"": 0.001531, ""2021"": 0.002677, ""2023"": 0.001742, ""2024"": 0.002299, ""2025"": 0.001828}",0.002119,-6.748e-05,Sigma-Aldrich,214736,6
n2 supplement (100x),6,"2021,2022,2023,2024,2025","{""2021"": 1, ""2022"": 1, ""2023"": 1, ""2024"": 1, ""2025"": 2}","{""2021"": 0.001339, ""2022"": 0.00156, ""2023"": 0.001742, ""2024"": 0.002299, ""2025"": 0.003656}",0.002119,0.0005374,Gibco,Cat#: 17502-048,3
d-sorbitol,8,"2018,2019,2020,2021,2023,2024,2025","{""2018"": 1, ""2019"": 1, ""2020"": 1, ""2021"": 1, ""2023"": 2, ""2024"": 1, ""2025"": 1}","{""2018"": 0.002639, ""2019"": 0.001698, ""2020"": 0.001531, ""2021"": 0.001339, ""2023"": 0.003484, ""2024"": 0.002299, ""2025"": 0.001828}",0.002117,4.758e-05,Sigma-Aldrich,Cat#S3889; CAS: 50-70-4,5
il-1β,7,"2018,2019,2020,2021,2024,2025","{""2018"": 1, ""2019"": 1, ""2020"": 1, ""2021"": 2, ""2024"": 1, ""2025"": 1}","{""2018"": 0.002639, ""2019"": 0.001698, ""2020"": 0.001531, ""2021"": 0.002677, ""2024"": 0.002299, ""2025"": 0.001828}",0.002112,-1.919e-05,Peprotech,Cat# 201-LB-025,7
mifepristone,5,"2019,2020,2022,2025","{""2019"": 1, ""2020"": 1, ""2022"": 1, ""2025"": 2}","{""2019"": 0.001698, ""2020"": 0.001531, ""2022"": 0.00156, ""2025"": 0.003656}",0.002111,0.00033503,Sigma-Aldrich,Cat# M8046,3
dntp set,5,"2020,2021,2023,2024","{""2020"": 2, ""2021"": 1, ""2023"": 1, ""2024"": 1}","{""2020"": 0.003063, ""2021"": 0.001339, ""2023"": 0.001742, ""2024"": 0.002299}",0.002111,-0.00011244,Invitrogen,Cat# 10297018,3
diethyl ether,7,"2019,2020,2021,2022,2023","{""2019"": 1, ""2020"": 1, ""2021"": 3, ""2022"": 1, ""2023"": 1}","{""2019"": 0.001698, ""2020"": 0.001531, ""2021"": 0.004016, ""2022"": 0.00156, ""2023"": 0.001742}",0.002109,1.174e-05,Sigma-Aldrich,Cat#309958,7
liberase dl,5,"2019,2021,2023,2025","{""2019"": 1, ""2021"": 1, ""2023"": 1, ""2025"": 2}","{""2019"": 0.001698, ""2021"": 0.001339, ""2023"": 0.001742, ""2025"": 0.003656}",0.002109,0.00031395,Roche,Cat# 0540116000,4
qscript cdna synthesis kit,6,"2019,2020,2022,2023,2024","{""2019"": 2, ""2020"": 1, ""2022"": 1, ""2023"": 1, ""2024"": 1}","{""2019"": 0.003396, ""2020"": 0.001531, ""2022"": 0.00156, ""2023"": 0.001742, ""2024"": 0.002299}",0.002106,-0.00015689,Quantabio,Cat#: 95047,6
recombinant mouse il-23,6,"2019,2020,2021,2024,2025","{""2019"": 1, ""2020"": 1, ""2021"": 1, ""2024"": 1, ""2025"": 2}","{""2019"": 0.001698, ""2020"": 0.001531, ""2021"": 0.001339, ""2024"": 0.002299, ""2025"": 0.003656}",0.002105,0.00030509,Biolegend,Cat# 589002,4
recombinant rnasin ribonuclease inhibitor,5,"2020,2022,2023,2025","{""2020"": 1, ""2022"": 1, ""2023"": 2, ""2025"": 1}","{""2020"": 0.001531, ""2022"": 0.00156, ""2023"": 0.003484, ""2025"": 0.001828}",0.002101,0.00013108,Promega,Cat#N2518,3
e-64d,5,"2019,2020,2021,2024","{""2019"": 1, ""2020"": 2, ""2021"": 1, ""2024"": 1}","{""2019"": 0.001698, ""2020"": 0.003063, ""2021"": 0.001339, ""2024"": 0.002299}",0.0021,3.13e-05,Sigma,Cat# E8640,2
hank’s balanced salt solution,5,"2021,2022,2024,2025","{""2021"": 2, ""2022"": 1, ""2024"": 1, ""2025"": 1}","{""2021"": 0.002677, ""2022"": 0.00156, ""2024"": 0.002299, ""2025"": 0.001828}",0.002091,-9.597e-05,Gibco,Cat #14175103,5
non-essential amino acids solution,5,"2021,2022,2024,2025","{""2021"": 2, ""2022"": 1, ""2024"": 1, ""2025"": 1}","{""2021"": 0.002677, ""2022"": 0.00156, ""2024"": 0.002299, ""2025"": 0.001828}",0.002091,-9.597e-05,Gibco,11140050,2
polybrene transfection reagent,7,"2018,2020,2021,2022,2024,2025","{""2018"": 1, ""2020"": 1, ""2021"": 2, ""2022"": 1, ""2024"": 1, ""2025"": 1}","{""2018"": 0.002639, ""2020"": 0.001531, ""2021"": 0.002677, ""2022"": 0.00156, ""2024"": 0.002299, ""2025"": 0.001828}",0.002089,-6.102e-05,Millipore,Cat# TR-1003,3
bicuculline methiodide,6,"2018,2020,2021,2022,2025","{""2018"": 1, ""2020"": 2, ""2021"": 1, ""2022"": 1, ""2025"": 1}","{""2018"": 0.002639, ""2020"": 0.003063, ""2021"": 0.001339, ""2022"": 0.00156, ""2025"": 0.001828}",0.002086,-0.00015639,Tocris,Cat#ab120109,4
zinc chloride,6,"2018,2020,2021,2022,2025","{""2018"": 1, ""2020"": 2, ""2021"": 1, ""2022"": 1, ""2025"": 1}","{""2018"": 0.002639, ""2020"": 0.003063, ""2021"": 0.001339, ""2022"": 0.00156, ""2025"": 0.001828}",0.002086,-0.00015639,Sigma-Aldrich,Cat# 793523,4
unc1999,5,"2020,2021,2024,2025","{""2020"": 1, ""2021"": 2, ""2024"": 1, ""2025"": 1}","{""2020"": 0.001531, ""2021"": 0.002677, ""2024"": 0.002299, ""2025"": 0.001828}",0.002084,1.024e-05,Caymen Chemical,Cat#14621,5
revertaid reverse transcriptase,5,"2020,2021,2024,2025","{""2020"": 1, ""2021"": 2, ""2024"": 1, ""2025"": 1}","{""2020"": 0.001531, ""2021"": 0.002677, ""2024"": 0.002299, ""2025"": 0.001828}",0.002084,1.024e-05,Thermo Fisher Scientific,Cat#EP0442,4
verapamil,5,"2020,2021,2024,2025","{""2020"": 1, ""2021"": 2, ""2024"": 1, ""2025"": 1}","{""2020"": 0.001531, ""2021"": 0.002677, ""2024"": 0.002299, ""2025"": 0.001828}",0.002084,1.024e-05,Millipore Sigma,1711202,5
hbss medium,5,"2020,2021,2024,2025","{""2020"": 1, ""2021"": 2, ""2024"": 1, ""2025"": 1}","{""2020"": 0.001531, ""2021"": 0.002677, ""2024"": 0.002299, ""2025"": 0.001828}",0.002084,1.024e-05,Lonza,Cat#10-543F,3
cpg,5,"2020,2021,2024,2025","{""2020"": 1, ""2021"": 2, ""2024"": 1, ""2025"": 1}","{""2020"": 0.001531, ""2021"": 0.002677, ""2024"": 0.002299, ""2025"": 0.001828}",0.002084,1.024e-05,Invivogen,tlrl-1826,5
ndei,5,"2019,2020,2023,2025","{""2019"": 1, ""2020"": 2, ""2023"": 1, ""2025"": 1}","{""2019"": 0.001698, ""2020"": 0.003063, ""2023"": 0.001742, ""2025"": 0.001828}",0.002083,-8.394e-05,Roche,Cat# R0111S,3
gotaq qpcr master mix,5,"2019,2020,2023,2025","{""2019"": 1, ""2020"": 2, ""2023"": 1, ""2025"": 1}","{""2019"": 0.001698, ""2020"": 0.003063, ""2023"": 0.001742, ""2025"": 0.001828}",0.002083,-8.394e-05,Promega,Cat#A6001,3
automacs rinsing solution,7,"2018,2020,2021,2022,2023,2025","{""2018"": 1, ""2020"": 1, ""2021"": 1, ""2022"": 1, ""2023"": 1, ""2025"": 2}","{""2018"": 0.002639, ""2020"": 0.001531, ""2021"": 0.001339, ""2022"": 0.00156, ""2023"": 0.001742, ""2025"": 0.003656}",0.002078,0.00013522,Miltenyi Biotec,Cat# 130-091-222,2
protein a sepharose beads,5,"2019,2021,2023,2025","{""2019"": 2, ""2021"": 1, ""2023"": 1, ""2025"": 1}","{""2019"": 0.003396, ""2021"": 0.001339, ""2023"": 0.001742, ""2025"": 0.001828}",0.002076,-0.00021494,GE Healthcare,Cat#17-0780-01,4
collagenase xi,5,"2019,2021,2023,2025","{""2019"": 2, ""2021"": 1, ""2023"": 1, ""2025"": 1}","{""2019"": 0.003396, ""2021"": 0.001339, ""2023"": 0.001742, ""2025"": 0.001828}",0.002076,-0.00021494,Sigma,C9407,2
"dmem, high glucose, no glutamine",5,"2021,2022,2023,2025","{""2021"": 1, ""2022"": 1, ""2023"": 1, ""2025"": 2}","{""2021"": 0.001339, ""2022"": 0.00156, ""2023"": 0.001742, ""2025"": 0.003656}",0.002074,0.00058851,Thermo Fisher,11960085,4
q5® high-fidelity dna polymerase,6,"2019,2020,2022,2023,2024","{""2019"": 1, ""2020"": 2, ""2022"": 1, ""2023"": 1, ""2024"": 1}","{""2019"": 0.001698, ""2020"": 0.003063, ""2022"": 0.00156, ""2023"": 0.001742, ""2024"": 0.002299}",0.002072,-4.27e-05,New England Biolabs,M0491S,5
bovine serum albumine (bsa),5,"2020,2021,2022,2024","{""2020"": 1, ""2021"": 1, ""2022"": 2, ""2024"": 1}","{""2020"": 0.001531, ""2021"": 0.001339, ""2022"": 0.00312, ""2024"": 0.002299}",0.002072,0.00025926,Sigma-Aldrich,Cat# A9418,4
tris-buffered saline (tbs),5,"2020,2021,2022,2024","{""2020"": 1, ""2021"": 1, ""2022"": 2, ""2024"": 1}","{""2020"": 0.001531, ""2021"": 0.001339, ""2022"": 0.00312, ""2024"": 0.002299}",0.002072,0.00025926,Thermo Fisher Scientific,Cat # BP24711,3
mowiol® 4-88,5,"2021,2022,2023,2024","{""2021"": 2, ""2022"": 1, ""2023"": 1, ""2024"": 1}","{""2021"": 0.002677, ""2022"": 0.00156, ""2023"": 0.001742, ""2024"": 0.002299}",0.00207,-9.535e-05,Sigma-Aldrich,81381,2
foxp3 / transcription factor staining buffer set,5,"2021,2022,2023,2024","{""2021"": 2, ""2022"": 1, ""2023"": 1, ""2024"": 1}","{""2021"": 0.002677, ""2022"": 0.00156, ""2023"": 0.001742, ""2024"": 0.002299}",0.00207,-9.535e-05,Invitrogen / eBioscience,Cat#00-5523-00,3
"protease inhibitor cocktail set iii, edta-free",5,"2019,2020,2022,2023","{""2019"": 1, ""2020"": 1, ""2022"": 1, ""2023"": 2}","{""2019"": 0.001698, ""2020"": 0.001531, ""2022"": 0.00156, ""2023"": 0.003484}",0.002068,0.00036017,Merck,Cat# 539134,2
"hbss, calcium, magnesium, no phenol red",5,"2019,2020,2022,2023","{""2019"": 1, ""2020"": 1, ""2022"": 1, ""2023"": 2}","{""2019"": 0.001698, ""2020"": 0.001531, ""2022"": 0.00156, ""2023"": 0.003484}",0.002068,0.00036017,Thermo Fisher Scientific,14025134,5
taxol,6,"2018,2020,2021,2022,2023","{""2018"": 1, ""2020"": 2, ""2021"": 1, ""2022"": 1, ""2023"": 1}","{""2018"": 0.002639, ""2020"": 0.003063, ""2021"": 0.001339, ""2022"": 0.00156, ""2023"": 0.001742}",0.002068,-0.00026118,Sigma,Cat# PHL89806,3
protease and phosphatase inhibitor cocktail,6,"2019,2021,2022,2023,2024","{""2019"": 2, ""2021"": 1, ""2022"": 1, ""2023"": 1, ""2024"": 1}","{""2019"": 0.003396, ""2021"": 0.001339, ""2022"": 0.00156, ""2023"": 0.001742, ""2024"": 0.002299}",0.002067,-0.00021071,Thermo Fisher,Cat# PPC1010,5
"collagen i, rat tail",7,"2018,2019,2020,2021,2022,2024","{""2018"": 1, ""2019"": 1, ""2020"": 1, ""2021"": 2, ""2022"": 1, ""2024"": 1}","{""2018"": 0.002639, ""2019"": 0.001698, ""2020"": 0.001531, ""2021"": 0.002677, ""2022"": 0.00156, ""2024"": 0.002299}",0.002067,-1.077e-05,Corning,Cat# A10483-01,4
b27 supplement (50x),6,"2021,2022,2023,2024,2025","{""2021"": 1, ""2022"": 2, ""2023"": 1, ""2024"": 1, ""2025"": 1}","{""2021"": 0.001339, ""2022"": 0.00312, ""2023"": 0.001742, ""2024"": 0.002299, ""2025"": 0.001828}",0.002066,1.577e-05,Gibco,Cat#: 17504-044,4
"acetic acid, glacial",8,"2018,2019,2020,2021,2022,2024,2025","{""2018"": 1, ""2019"": 1, ""2020"": 1, ""2021"": 1, ""2022"": 2, ""2024"": 1, ""2025"": 1}","{""2018"": 0.002639, ""2019"": 0.001698, ""2020"": 0.001531, ""2021"": 0.001339, ""2022"": 0.00312, ""2024"": 0.002299, ""2025"": 0.001828}",0.002065,9.06e-06,Fisher Scientific,0714,7
hanks’ balanced salt solution,6,"2018,2019,2021,2022,2023","{""2018"": 1, ""2019"": 1, ""2021"": 2, ""2022"": 1, ""2023"": 1}","{""2018"": 0.002639, ""2019"": 0.001698, ""2021"": 0.002677, ""2022"": 0.00156, ""2023"": 0.001742}",0.002063,-0.00012444,Thermo Fisher Scientific,Cat#: 14175095,4
"complete, mini protease inhibitor cocktail",6,"2018,2019,2021,2022,2023","{""2018"": 1, ""2019"": 1, ""2021"": 2, ""2022"": 1, ""2023"": 1}","{""2018"": 0.002639, ""2019"": 0.001698, ""2021"": 0.002677, ""2022"": 0.00156, ""2023"": 0.001742}",0.002063,-0.00012444,Roche,Cat# 11836153001,3
ganciclovir,8,"2018,2019,2021,2022,2023,2024,2025","{""2018"": 1, ""2019"": 1, ""2021"": 2, ""2022"": 1, ""2023"": 1, ""2024"": 1, ""2025"": 1}","{""2018"": 0.002639, ""2019"": 0.001698, ""2021"": 0.002677, ""2022"": 0.00156, ""2023"": 0.001742, ""2024"": 0.002299, ""2025"": 0.001828}",0.002063,-6.021e-05,Sigma-Aldrich,Cat #G2536,3
murine egf,5,"2020,2021,2023,2024","{""2020"": 1, ""2021"": 2, ""2023"": 1, ""2024"": 1}","{""2020"": 0.001531, ""2021"": 0.002677, ""2023"": 0.001742, ""2024"": 0.002299}",0.002062,5.997e-05,Peprotech,Cat.: 315-09,1
recombinant human tgfβ,6,"2019,2020,2021,2023,2024","{""2019"": 2, ""2020"": 1, ""2021"": 1, ""2023"": 1, ""2024"": 1}","{""2019"": 0.003396, ""2020"": 0.001531, ""2021"": 0.001339, ""2023"": 0.001742, ""2024"": 0.002299}",0.002061,-0.00012002,Peprotech,Cat. 100-21,5
ω-conotoxin gvia,7,"2018,2019,2021,2022,2023,2025","{""2018"": 1, ""2019"": 1, ""2021"": 1, ""2022"": 2, ""2023"": 1, ""2025"": 1}","{""2018"": 0.002639, ""2019"": 0.001698, ""2021"": 0.001339, ""2022"": 0.00312, ""2023"": 0.001742, ""2025"": 0.001828}",0.002061,-4.548e-05,Alomone Labs,Cat# C-300,5
incomplete freund’s adjuvant,6,"2018,2019,2020,2021,2022","{""2018"": 1, ""2019"": 1, ""2020"": 2, ""2021"": 1, ""2022"": 1}","{""2018"": 0.002639, ""2019"": 0.001698, ""2020"": 0.003063, ""2021"": 0.001339, ""2022"": 0.00156}",0.00206,-0.0002516,Sigma-Aldrich,Cat# F5506,4
stemspan sfem,6,"2018,2019,2020,2021,2022","{""2018"": 1, ""2019"": 1, ""2020"": 2, ""2021"": 1, ""2022"": 1}","{""2018"": 0.002639, ""2019"": 0.001698, ""2020"": 0.003063, ""2021"": 0.001339, ""2022"": 0.00156}",0.00206,-0.0002516,VODEN,Cat# 09650,5
bromodeoxyuridine,5,"2019,2021,2022,2024","{""2019"": 1, ""2021"": 2, ""2022"": 1, ""2024"": 1}","{""2019"": 0.001698, ""2021"": 0.002677, ""2022"": 0.00156, ""2024"": 0.002299}",0.002059,7.261e-05,Sigma-Aldrich,B5002,2
instantblue coomassie protein stain,6,"2019,2021,2022,2024,2025","{""2019"": 1, ""2021"": 1, ""2022"": 2, ""2024"": 1, ""2025"": 1}","{""2019"": 0.001698, ""2021"": 0.001339, ""2022"": 0.00312, ""2024"": 0.002299, ""2025"": 0.001828}",0.002057,6.988e-05,Abcam,Cat#ab119211,3
isobutyric acid,5,"2019,2020,2021,2025","{""2019"": 1, ""2020"": 1, ""2021"": 1, ""2025"": 2}","{""2019"": 0.001698, ""2020"": 0.001531, ""2021"": 0.001339, ""2025"": 0.003656}",0.002056,0.0003683,Sigma-Aldrich,Cat#46935-U,2
pngasef,5,"2019,2020,2021,2025","{""2019"": 1, ""2020"": 1, ""2021"": 1, ""2025"": 2}","{""2019"": 0.001698, ""2020"": 0.001531, ""2021"": 0.001339, ""2025"": 0.003656}",0.002056,0.0003683,New England Biolabs,Cat# P0704L,4
sr 95531 hydrobromide,5,"2020,2022,2023,2025","{""2020"": 1, ""2022"": 2, ""2023"": 1, ""2025"": 1}","{""2020"": 0.001531, ""2022"": 0.00312, ""2023"": 0.001742, ""2025"": 0.001828}",0.002055,4.07e-06,Tocris,1262,3
live cell imaging solution,5,"2021,2022,2023,2025","{""2021"": 1, ""2022"": 1, ""2023"": 2, ""2025"": 1}","{""2021"": 0.001339, ""2022"": 0.00156, ""2023"": 0.003484, ""2025"": 0.001828}",0.002053,0.00016819,Thermo Fisher Scientific,Cat#A14291DJ,3
heptane,5,"2021,2022,2023,2025","{""2021"": 1, ""2022"": 1, ""2023"": 2, ""2025"": 1}","{""2021"": 0.001339, ""2022"": 0.00156, ""2023"": 0.003484, ""2025"": 0.001828}",0.002053,0.00016819,Sigma,Cat # 246654-2L,3
m2,5,"2021,2022,2023,2025","{""2021"": 1, ""2022"": 1, ""2023"": 2, ""2025"": 1}","{""2021"": 0.001339, ""2022"": 0.00156, ""2023"": 0.003484, ""2025"": 0.001828}",0.002053,0.00016819,Sigma-Aldrich,Cat#M7176,4
magnesium sulfate heptahydrate,7,"2018,2019,2020,2021,2023,2025","{""2018"": 1, ""2019"": 1, ""2020"": 2, ""2021"": 1, ""2023"": 1, ""2025"": 1}","{""2018"": 0.002639, ""2019"": 0.001698, ""2020"": 0.003063, ""2021"": 0.001339, ""2023"": 0.001742, ""2025"": 0.001828}",0.002051,-0.00010521,Sigma-Aldrich,Cat#1.05886.0500,7
flag® peptide,5,"2019,2020,2021,2024","{""2019"": 1, ""2020"": 1, ""2021"": 2, ""2024"": 1}","{""2019"": 0.001698, ""2020"": 0.001531, ""2021"": 0.002677, ""2024"": 0.002299}",0.002051,0.00014068,Sigma,F3290,1
mg-atp,7,"2019,2021,2022,2023,2024,2025","{""2019"": 1, ""2021"": 1, ""2022"": 1, ""2023"": 1, ""2024"": 1, ""2025"": 2}","{""2019"": 0.001698, ""2021"": 0.001339, ""2022"": 0.00156, ""2023"": 0.001742, ""2024"": 0.002299, ""2025"": 0.003656}",0.002049,0.00029052,Sigma,A9187,2
carbenicillin disodium salt,5,"2020,2022,2023,2025","{""2020"": 2, ""2022"": 1, ""2023"": 1, ""2025"": 1}","{""2020"": 0.003063, ""2022"": 0.00156, ""2023"": 0.001742, ""2025"": 0.001828}",0.002048,-0.00023043,Sigma-Aldrich,Cat# C1389,3
platinum taq dna polymerase,5,"2020,2022,2023,2025","{""2020"": 2, ""2022"": 1, ""2023"": 1, ""2025"": 1}","{""2020"": 0.003063, ""2022"": 0.00156, ""2023"": 0.001742, ""2025"": 0.001828}",0.002048,-0.00023043,Thermo Fisher,Cat#10966034,2
streptavidin apc,7,"2019,2020,2021,2023,2024,2025","{""2019"": 1, ""2020"": 1, ""2021"": 1, ""2023"": 1, ""2024"": 1, ""2025"": 2}","{""2019"": 0.001698, ""2020"": 0.001531, ""2021"": 0.001339, ""2023"": 0.001742, ""2024"": 0.002299, ""2025"": 0.003656}",0.002044,0.00027907,Biolegend,Cat# 405207,3
pei (polyethylenimine),6,"2020,2021,2022,2023,2024","{""2020"": 1, ""2021"": 1, ""2022"": 1, ""2023"": 2, ""2024"": 1}","{""2020"": 0.001531, ""2021"": 0.001339, ""2022"": 0.00156, ""2023"": 0.003484, ""2024"": 0.002299}",0.002043,0.00036805,Polysciences,Cat# 23966,3
dmh1,6,"2020,2021,2022,2023,2024","{""2020"": 1, ""2021"": 1, ""2022"": 1, ""2023"": 2, ""2024"": 1}","{""2020"": 0.001531, ""2021"": 0.001339, ""2022"": 0.00156, ""2023"": 0.003484, ""2024"": 0.002299}",0.002043,0.00036805,Merck (Sigma-Aldrich),Cat# 203646,5
dulbecco’s modified eagles medium (dmem),6,"2020,2021,2022,2023,2024","{""2020"": 1, ""2021"": 1, ""2022"": 1, ""2023"": 2, ""2024"": 1}","{""2020"": 0.001531, ""2021"": 0.001339, ""2022"": 0.00156, ""2023"": 0.003484, ""2024"": 0.002299}",0.002043,0.00036805,Sigma-Aldrich,Cat#: 11965-092,3
middlebrook 7h11 agar,5,"2018,2019,2023,2024,2025","{""2018"": 1, ""2019"": 1, ""2023"": 1, ""2024"": 1, ""2025"": 1}","{""2018"": 0.002639, ""2019"": 0.001698, ""2023"": 0.001742, ""2024"": 0.002299, ""2025"": 0.001828}",0.002041,-4.593e-05,Difco BD,Cat# 28381,5
strychnine hydrochloride,5,"2019,2021,2022,2025","{""2019"": 2, ""2021"": 1, ""2022"": 1, ""2025"": 1}","{""2019"": 0.003396, ""2021"": 0.001339, ""2022"": 0.00156, ""2025"": 0.001828}",0.002031,-0.00021389,Sigma,S8753,2
"paraformaldehyde 16% solution, em grade",5,"2019,2021,2022,2025","{""2019"": 2, ""2021"": 1, ""2022"": 1, ""2025"": 1}","{""2019"": 0.003396, ""2021"": 0.001339, ""2022"": 0.00156, ""2025"": 0.001828}",0.002031,-0.00021389,Electron Microscopy Sciences,Cat#: 15710,3
camptothecin (cpt),6,"2018,2020,2021,2022,2023","{""2018"": 1, ""2020"": 1, ""2021"": 2, ""2022"": 1, ""2023"": 1}","{""2018"": 0.002639, ""2020"": 0.001531, ""2021"": 0.002677, ""2022"": 0.00156, ""2023"": 0.001742}",0.00203,-0.00016032,Sigma-Aldrich,Cat# C9911,5
temozolomide,7,"2019,2021,2022,2023,2024,2025","{""2019"": 2, ""2021"": 1, ""2022"": 1, ""2023"": 1, ""2024"": 1, ""2025"": 1}","{""2019"": 0.003396, ""2021"": 0.001339, ""2022"": 0.00156, ""2023"": 0.001742, ""2024"": 0.002299, ""2025"": 0.001828}",0.002027,-0.00016096,Sigma-Aldrich,T2577,4
gelcode blue stain reagent,6,"2019,2020,2021,2022,2024","{""2019"": 2, ""2020"": 1, ""2021"": 1, ""2022"": 1, ""2024"": 1}","{""2019"": 0.003396, ""2020"": 0.001531, ""2021"": 0.001339, ""2022"": 0.00156, ""2024"": 0.002299}",0.002025,-0.00012776,Thermo Fisher Scientific,Cat.# 24592,2
recombinant human hgf,5,"2019,2020,2021,2025","{""2019"": 2, ""2020"": 1, ""2021"": 1, ""2025"": 1}","{""2019"": 0.003396, ""2020"": 0.001531, ""2021"": 0.001339, ""2025"": 0.001828}",0.002023,-0.00014619,Peprotech,Cat# 100-39H,3
mmlv reverse transcriptase,5,"2019,2020,2021,2025","{""2019"": 2, ""2020"": 1, ""2021"": 1, ""2025"": 1}","{""2019"": 0.003396, ""2020"": 0.001531, ""2021"": 0.001339, ""2025"": 0.001828}",0.002023,-0.00014619,Promega,Cat# M1701,2
tcl buffer,5,"2019,2020,2022,2023","{""2019"": 1, ""2020"": 1, ""2022"": 2, ""2023"": 1}","{""2019"": 0.001698, ""2020"": 0.001531, ""2022"": 0.00312, ""2023"": 0.001742}",0.002023,0.00016775,Qiagen,Cat# 1031576,1
linoleic acid,6,"2020,2021,2022,2024,2025","{""2020"": 1, ""2021"": 1, ""2022"": 2, ""2024"": 1, ""2025"": 1}","{""2020"": 0.001531, ""2021"": 0.001339, ""2022"": 0.00312, ""2024"": 0.002299, ""2025"": 0.001828}",0.002023,9.499e-05,Sigma,Cat# L1012,6
protein g magnetic beads,5,"2019,2021,2022,2023","{""2019"": 1, ""2021"": 1, ""2022"": 1, ""2023"": 2}","{""2019"": 0.001698, ""2021"": 0.001339, ""2022"": 0.00156, ""2023"": 0.003484}",0.00202,0.00035576,Cell Signaling Technology,Cat#70024,4
dynabeads™ protein g,5,"2019,2021,2022,2023","{""2019"": 1, ""2021"": 1, ""2022"": 1, ""2023"": 2}","{""2019"": 0.001698, ""2021"": 0.001339, ""2022"": 0.00156, ""2023"": 0.003484}",0.00202,0.00035576,Thermo Fisher Scientific,Cat#10003D,3
mouse serum,5,"2019,2021,2022,2023","{""2019"": 1, ""2021"": 1, ""2022"": 1, ""2023"": 2}","{""2019"": 0.001698, ""2021"": 0.001339, ""2022"": 0.00156, ""2023"": 0.003484}",0.00202,0.00035576,Life Science,Cat# S-012L,5
terrific broth,6,"2019,2020,2022,2023,2025","{""2019"": 1, ""2020"": 1, ""2022"": 1, ""2023"": 2, ""2025"": 1}","{""2019"": 0.001698, ""2020"": 0.001531, ""2022"": 0.00156, ""2023"": 0.003484, ""2025"": 0.001828}",0.00202,0.00012425,Research Products International,Cat#BP2468500,5
smoothened agonist (sag),5,"2019,2021,2022,2023","{""2019"": 1, ""2021"": 1, ""2022"": 1, ""2023"": 2}","{""2019"": 0.001698, ""2021"": 0.001339, ""2022"": 0.00156, ""2023"": 0.003484}",0.00202,0.00035576,Merck,Cat# 566660,4
10x pbs,6,"2020,2021,2022,2024,2025","{""2020"": 2, ""2021"": 1, ""2022"": 1, ""2024"": 1, ""2025"": 1}","{""2020"": 0.003063, ""2021"": 0.001339, ""2022"": 0.00156, ""2024"": 0.002299, ""2025"": 0.001828}",0.002018,-8.241e-05,Thermo Scientific,Cat# AM9624,7
"geltrex ldev-free, hesc-qualified, reduced growth factor basement membrane matrix",5,"2020,2021,2022,2024","{""2020"": 1, ""2021"": 2, ""2022"": 1, ""2024"": 1}","{""2020"": 0.001531, ""2021"": 0.002677, ""2022"": 0.00156, ""2024"": 0.002299}",0.002017,9.994e-05,Thermo Fisher,Cat#A1413302,1
n-dodecyl β-d-maltoside (ddm),5,"2020,2021,2022,2024","{""2020"": 1, ""2021"": 2, ""2022"": 1, ""2024"": 1}","{""2020"": 0.001531, ""2021"": 0.002677, ""2022"": 0.00156, ""2024"": 0.002299}",0.002017,9.994e-05,INALCO,Cat# 17581350,4
taqman fast virus 1-step master mix,5,"2020,2021,2022,2024","{""2020"": 1, ""2021"": 2, ""2022"": 1, ""2024"": 1}","{""2020"": 0.001531, ""2021"": 0.002677, ""2022"": 0.00156, ""2024"": 0.002299}",0.002017,9.994e-05,Applied Biosystems,Cat#4444434,4
levamisole hydrochloride,5,"2019,2020,2022,2023","{""2019"": 1, ""2020"": 2, ""2022"": 1, ""2023"": 1}","{""2019"": 0.001698, ""2020"": 0.003063, ""2022"": 0.00156, ""2023"": 0.001742}",0.002016,-0.0001414,Sigma,L0380000,4
hexadimethrine bromide,5,"2019,2020,2022,2023","{""2019"": 1, ""2020"": 2, ""2022"": 1, ""2023"": 1}","{""2019"": 0.001698, ""2020"": 0.003063, ""2022"": 0.00156, ""2023"": 0.001742}",0.002016,-0.0001414,Sigma-Aldrich,Cat# H9268,2
recombinant human ifnγ,7,"2019,2020,2021,2022,2024,2025","{""2019"": 1, ""2020"": 1, ""2021"": 1, ""2022"": 1, ""2024"": 1, ""2025"": 2}","{""2019"": 0.001698, ""2020"": 0.001531, ""2021"": 0.001339, ""2022"": 0.00156, ""2024"": 0.002299, ""2025"": 0.003656}",0.002014,0.00030133,Peprotech,Cat#300–02,5
1 m tris-hcl ph 8.0,5,"2018,2022,2023,2024,2025","{""2018"": 1, ""2022"": 1, ""2023"": 1, ""2024"": 1, ""2025"": 1}","{""2018"": 0.002639, ""2022"": 0.00156, ""2023"": 0.001742, ""2024"": 0.002299, ""2025"": 0.001828}",0.002014,-9.441e-05,Sigma Aldrich,Cat# AM9856,2
gemcitabine,5,"2019,2020,2021,2023","{""2019"": 1, ""2020"": 1, ""2021"": 1, ""2023"": 2}","{""2019"": 0.001698, ""2020"": 0.001531, ""2021"": 0.001339, ""2023"": 0.003484}",0.002013,0.0004634,Selleckchem,Cat# S1149,4
spermidine trihydrochloride,5,"2019,2020,2021,2023","{""2019"": 1, ""2020"": 1, ""2021"": 1, ""2023"": 2}","{""2019"": 0.001698, ""2020"": 0.001531, ""2021"": 0.001339, ""2023"": 0.003484}",0.002013,0.0004634,Sigma-Aldrich,Cat#85578; CAS: 334-50-9,2
datp solution,6,"2019,2020,2022,2023,2025","{""2019"": 2, ""2020"": 1, ""2022"": 1, ""2023"": 1, ""2025"": 1}","{""2019"": 0.003396, ""2020"": 0.001531, ""2022"": 0.00156, ""2023"": 0.001742, ""2025"": 0.001828}",0.002011,-0.00017594,New England Biolabs,Cat# N0440S,4
recombinant human ifn-gamma protein,5,"2021,2022,2023,2025","{""2021"": 1, ""2022"": 2, ""2023"": 1, ""2025"": 1}","{""2021"": 0.001339, ""2022"": 0.00312, ""2023"": 0.001742, ""2025"": 0.001828}",0.002007,-1.53e-05,R&D,Cat#285-IF-100,4
kgf,6,"2020,2021,2022,2023,2024","{""2020"": 1, ""2021"": 1, ""2022"": 2, ""2023"": 1, ""2024"": 1}","{""2020"": 0.001531, ""2021"": 0.001339, ""2022"": 0.00312, ""2023"": 0.001742, ""2024"": 0.002299}",0.002006,0.00019384,PeproTech,Cat# 100-19,3
complete mini protease inhibitor cocktail,5,"2018,2019,2020,2024,2025","{""2018"": 1, ""2019"": 1, ""2020"": 1, ""2024"": 1, ""2025"": 1}","{""2018"": 0.002639, ""2019"": 0.001698, ""2020"": 0.001531, ""2024"": 0.002299, ""2025"": 0.001828}",0.001999,-1.63e-05,Roche,Cat# 11836153001,5
hydroxychloroquine,5,"2019,2021,2022,2025","{""2019"": 1, ""2021"": 1, ""2022"": 2, ""2025"": 1}","{""2019"": 0.001698, ""2021"": 0.001339, ""2022"": 0.00312, ""2025"": 0.001828}",0.001996,5.592e-05,Cayman,Cat# H0915 CAS: 747-36-4,4
minimum essential medium (mem),5,"2020,2021,2023,2025","{""2020"": 2, ""2021"": 1, ""2023"": 1, ""2025"": 1}","{""2020"": 0.003063, ""2021"": 0.001339, ""2023"": 0.001742, ""2025"": 0.001828}",0.001993,-0.00015123,Thermo Fisher Scientific,Cat# 11095080,5
ammonium chloride solution,5,"2018,2019,2022,2023,2024","{""2018"": 1, ""2019"": 1, ""2022"": 1, ""2023"": 1, ""2024"": 1}","{""2018"": 0.002639, ""2019"": 0.001698, ""2022"": 0.00156, ""2023"": 0.001742, ""2024"": 0.002299}",0.001987,-5.066e-05,Stem Cell Technologies,Cat# 07850,4
staurosporin,5,"2019,2021,2023,2025","{""2019"": 1, ""2021"": 2, ""2023"": 1, ""2025"": 1}","{""2019"": 0.001698, ""2021"": 0.002677, ""2023"": 0.001742, ""2025"": 0.001828}",0.001986,-2.721e-05,Sigma-Aldrich,Cat# S6942,5
superose 6 increase 10/300 gl,8,"2018,2019,2020,2021,2022,2023,2025","{""2018"": 1, ""2019"": 1, ""2020"": 1, ""2021"": 1, ""2022"": 2, ""2023"": 1, ""2025"": 1}","{""2018"": 0.002639, ""2019"": 0.001698, ""2020"": 0.001531, ""2021"": 0.001339, ""2022"": 0.00312, ""2023"": 0.001742, ""2025"": 0.001828}",0.001985,-2.613e-05,Cytiva,Cat#29-0915-96,3
ecl western blotting detection reagent,7,"2019,2020,2021,2022,2023,2024","{""2019"": 1, ""2020"": 1, ""2021"": 1, ""2022"": 1, ""2023"": 2, ""2024"": 1}","{""2019"": 0.001698, ""2020"": 0.001531, ""2021"": 0.001339, ""2022"": 0.00156, ""2023"": 0.003484, ""2024"": 0.002299}",0.001985,0.00025958,Amersham,Cat#RPN2106,4
"brefeldin a solution (1,000x)",5,"2019,2020,2021,2025","{""2019"": 1, ""2020"": 2, ""2021"": 1, ""2025"": 1}","{""2019"": 0.001698, ""2020"": 0.003063, ""2021"": 0.001339, ""2025"": 0.001828}",0.001982,-5.434e-05,Biolegend,Cat# 420601,1
(2-hydroxypropyl)-β-cyclodextrin,6,"2019,2021,2022,2023,2025","{""2019"": 1, ""2021"": 1, ""2022"": 1, ""2023"": 2, ""2025"": 1}","{""2019"": 0.001698, ""2021"": 0.001339, ""2022"": 0.00156, ""2023"": 0.003484, ""2025"": 0.001828}",0.001982,0.00012684,Millipore Sigma,389145,4
fixation/permeabilization diluent,5,"2018,2019,2020,2023,2024","{""2018"": 1, ""2019"": 1, ""2020"": 1, ""2023"": 1, ""2024"": 1}","{""2018"": 0.002639, ""2019"": 0.001698, ""2020"": 0.001531, ""2023"": 0.001742, ""2024"": 0.002299}",0.001982,-1.791e-05,Invitrogen,00–5223-56,4
ribonucleoside vanadyl complex,6,"2019,2021,2022,2023,2025","{""2019"": 1, ""2021"": 1, ""2022"": 1, ""2023"": 2, ""2025"": 1}","{""2019"": 0.001698, ""2021"": 0.001339, ""2022"": 0.00156, ""2023"": 0.003484, ""2025"": 0.001828}",0.001982,0.00012684,New England Biolabs,Cat#S1402S,3
lysine,5,"2020,2021,2022,2023","{""2020"": 1, ""2021"": 1, ""2022"": 1, ""2023"": 2}","{""2020"": 0.001531, ""2021"": 0.001339, ""2022"": 0.00156, ""2023"": 0.003484}",0.001979,0.00060802,Sigma-Aldrich,"Cat#L5501, CAS 56-87-1",4
expi293 expression system kit,5,"2020,2021,2022,2023","{""2020"": 1, ""2021"": 1, ""2022"": 1, ""2023"": 2}","{""2020"": 0.001531, ""2021"": 0.001339, ""2022"": 0.00156, ""2023"": 0.003484}",0.001979,0.00060802,Gibco,Cat# A14635,1
sodium phosphate dibasic,7,"2020,2021,2022,2023,2024,2025","{""2020"": 1, ""2021"": 1, ""2022"": 2, ""2023"": 1, ""2024"": 1, ""2025"": 1}","{""2020"": 0.001531, ""2021"": 0.001339, ""2022"": 0.00312, ""2023"": 0.001742, ""2024"": 0.002299, ""2025"": 0.001828}",0.001977,8.532e-05,Sigma-Aldrich,Cat#S7907-1KG,7
dulbecco’s modification of eagle’s medium (dmem),6,"2019,2020,2021,2023,2025","{""2019"": 1, ""2020"": 1, ""2021"": 1, ""2023"": 2, ""2025"": 1}","{""2019"": 0.001698, ""2020"": 0.001531, ""2021"": 0.001339, ""2023"": 0.003484, ""2025"": 0.001828}",0.001976,0.00014768,Corning,Cat#11995065,6
phosphatase substrate,5,"2019,2021,2022,2023","{""2019"": 1, ""2021"": 1, ""2022"": 2, ""2023"": 1}","{""2019"": 0.001698, ""2021"": 0.001339, ""2022"": 0.00312, ""2023"": 0.001742}",0.001975,0.00014105,Sigma Aldrich,Cat# S0942,3
"ultrapure 0.5m edta, ph 8.0",7,"2018,2019,2020,2021,2022,2023","{""2018"": 1, ""2019"": 1, ""2020"": 1, ""2021"": 2, ""2022"": 1, ""2023"": 1}","{""2018"": 0.002639, ""2019"": 0.001698, ""2020"": 0.001531, ""2021"": 0.002677, ""2022"": 0.00156, ""2023"": 0.001742}",0.001975,-0.00010711,Thermo Fisher,Cat#15575020,2
nonessential amino acids,5,"2019,2021,2022,2023","{""2019"": 1, ""2021"": 1, ""2022"": 2, ""2023"": 1}","{""2019"": 0.001698, ""2021"": 0.001339, ""2022"": 0.00312, ""2023"": 0.001742}",0.001975,0.00014105,Life technologies,11140050,3
bis-tris,6,"2019,2021,2022,2023,2025","{""2019"": 2, ""2021"": 1, ""2022"": 1, ""2023"": 1, ""2025"": 1}","{""2019"": 0.003396, ""2021"": 0.001339, ""2022"": 0.00156, ""2023"": 0.001742, ""2025"": 0.001828}",0.001973,-0.00021494,Gerbu,Cat#1304,5
paraformaldehyde 16%,7,"2019,2020,2021,2022,2024,2025","{""2019"": 1, ""2020"": 1, ""2021"": 1, ""2022"": 2, ""2024"": 1, ""2025"": 1}","{""2019"": 0.001698, ""2020"": 0.001531, ""2021"": 0.001339, ""2022"": 0.00312, ""2024"": 0.002299, ""2025"": 0.001828}",0.001969,9.527e-05,Electron Microscopy Sciences,Cat#15710,5
niraparib,6,"2019,2020,2021,2023,2025","{""2019"": 2, ""2020"": 1, ""2021"": 1, ""2023"": 1, ""2025"": 1}","{""2019"": 0.003396, ""2020"": 0.001531, ""2021"": 0.001339, ""2023"": 0.001742, ""2025"": 0.001828}",0.001967,-0.00014772,Selleckchem,Cat# S2741,6
ghost dye violet 510,7,"2019,2021,2022,2023,2024,2025","{""2019"": 1, ""2021"": 2, ""2022"": 1, ""2023"": 1, ""2024"": 1, ""2025"": 1}","{""2019"": 0.001698, ""2021"": 0.002677, ""2022"": 0.00156, ""2023"": 0.001742, ""2024"": 0.002299, ""2025"": 0.001828}",0.001967,5.09e-06,Tonbo Biosciences,Cat#13-0870,4
nad+,5,"2018,2019,2021,2024,2025","{""2018"": 1, ""2019"": 1, ""2021"": 1, ""2024"": 1, ""2025"": 1}","{""2018"": 0.002639, ""2019"": 0.001698, ""2021"": 0.001339, ""2024"": 0.002299, ""2025"": 0.001828}",0.00196,-2.749e-05,Sigma-Aldrich,Cat# TA9H9A9A4512; CAS: 53-84-9,4
protein transport inhibitor (containing brefeldin a),5,"2019,2020,2021,2023","{""2019"": 1, ""2020"": 2, ""2021"": 1, ""2023"": 1}","{""2019"": 0.001698, ""2020"": 0.003063, ""2021"": 0.001339, ""2023"": 0.001742}",0.00196,-0.00011585,BD Biosciences,Cat# 555029,3
bd golgistop,6,"2019,2020,2021,2022,2025","{""2019"": 1, ""2020"": 1, ""2021"": 1, ""2022"": 1, ""2025"": 2}","{""2019"": 0.001698, ""2020"": 0.001531, ""2021"": 0.001339, ""2022"": 0.00156, ""2025"": 0.003656}",0.001957,0.00034644,BD Biosciences,Cat# 554724,4
accutase solution,5,"2019,2020,2021,2022","{""2019"": 2, ""2020"": 1, ""2021"": 1, ""2022"": 1}","{""2019"": 0.003396, ""2020"": 0.001531, ""2021"": 0.001339, ""2022"": 0.00156}",0.001956,-0.00056993,Sigma,Cat# A6964,2
all trans-retinal,5,"2019,2020,2021,2022","{""2019"": 2, ""2020"": 1, ""2021"": 1, ""2022"": 1}","{""2019"": 0.003396, ""2020"": 0.001531, ""2021"": 0.001339, ""2022"": 0.00156}",0.001956,-0.00056993,Sigma-Aldrich,Cat# R2500; CAS 116-31-4,2
alt-r® cas9 electroporation enhancer,5,"2019,2020,2021,2022","{""2019"": 2, ""2020"": 1, ""2021"": 1, ""2022"": 1}","{""2019"": 0.003396, ""2020"": 0.001531, ""2021"": 0.001339, ""2022"": 0.00156}",0.001956,-0.00056993,Integrated DNA Technologies,Cat# 1075916,4
"complete, edta-free",6,"2018,2019,2020,2023,2024,2025","{""2018"": 1, ""2019"": 1, ""2020"": 1, ""2023"": 1, ""2024"": 1, ""2025"": 1}","{""2018"": 0.002639, ""2019"": 0.001698, ""2020"": 0.001531, ""2023"": 0.001742, ""2024"": 0.002299, ""2025"": 0.001828}",0.001956,-2.452e-05,Roche,Cat# 5056489001,4
collagen iv,5,"2020,2021,2022,2025","{""2020"": 1, ""2021"": 1, ""2022"": 2, ""2025"": 1}","{""2020"": 0.001531, ""2021"": 0.001339, ""2022"": 0.00312, ""2025"": 0.001828}",0.001955,7.736e-05,Sigma,cat# C5533,3
t4 rna ligase 2,5,"2020,2021,2022,2025","{""2020"": 1, ""2021"": 1, ""2022"": 2, ""2025"": 1}","{""2020"": 0.001531, ""2021"": 0.001339, ""2022"": 0.00312, ""2025"": 0.001828}",0.001955,7.736e-05,New England Biolabs,M0239S,4
sulfo-nhs,5,"2020,2021,2022,2025","{""2020"": 1, ""2021"": 1, ""2022"": 2, ""2025"": 1}","{""2020"": 0.001531, ""2021"": 0.001339, ""2022"": 0.00312, ""2025"": 0.001828}",0.001955,7.736e-05,Thermo Scientific,Cat#A39269,2
dab,7,"2019,2020,2021,2022,2023,2024","{""2019"": 1, ""2020"": 2, ""2021"": 1, ""2022"": 1, ""2023"": 1, ""2024"": 1}","{""2019"": 0.001698, ""2020"": 0.003063, ""2021"": 0.001339, ""2022"": 0.00156, ""2023"": 0.001742, ""2024"": 0.002299}",0.00195,-2.101e-05,DAKO,Cat#K5001,5
hoechst 33342 solution,5,"2020,2021,2022,2025","{""2020"": 2, ""2021"": 1, ""2022"": 1, ""2025"": 1}","{""2020"": 0.003063, ""2021"": 0.001339, ""2022"": 0.00156, ""2025"": 0.001828}",0.001947,-0.00014141,Thermo Fisher Scientific,Cat#62249,2
valproic acid,6,"2019,2021,2022,2023,2025","{""2019"": 1, ""2021"": 1, ""2022"": 2, ""2023"": 1, ""2025"": 1}","{""2019"": 0.001698, ""2021"": 0.001339, ""2022"": 0.00312, ""2023"": 0.001742, ""2025"": 0.001828}",0.001945,3.973e-05,Sigma Aldrich,Cat # 1069-66-5,6
annexin v binding buffer,5,"2018,2019,2021,2023,2024","{""2018"": 1, ""2019"": 1, ""2021"": 1, ""2023"": 1, ""2024"": 1}","{""2018"": 0.002639, ""2019"": 0.001698, ""2021"": 0.001339, ""2023"": 0.001742, ""2024"": 0.002299}",0.001943,-3.578e-05,Invitrogen,Cat# V13246,2
recombinant murine egf,5,"2019,2021,2022,2025","{""2019"": 1, ""2021"": 2, ""2022"": 1, ""2025"": 1}","{""2019"": 0.001698, ""2021"": 0.002677, ""2022"": 0.00156, ""2025"": 0.001828}",0.001941,-1.842e-05,Peprotech,Cat#315-09,2
tofa,5,"2019,2021,2022,2025","{""2019"": 1, ""2021"": 2, ""2022"": 1, ""2025"": 1}","{""2019"": 0.001698, ""2021"": 0.002677, ""2022"": 0.00156, ""2025"": 0.001828}",0.001941,-1.842e-05,Sigma,Cat# T27006,4
prolong™ gold antifade mountant with dapi,8,"2019,2020,2021,2022,2023,2024,2025","{""2019"": 1, ""2020"": 1, ""2021"": 1, ""2022"": 2, ""2023"": 1, ""2024"": 1, ""2025"": 1}","{""2019"": 0.001698, ""2020"": 0.001531, ""2021"": 0.001339, ""2022"": 0.00312, ""2023"": 0.001742, ""2024"": 0.002299, ""2025"": 0.001828}",0.001937,8.32e-05,Invitrogen,Cat# P36935,3
phorbol myristate acetate,5,"2020,2021,2022,2023","{""2020"": 1, ""2021"": 1, ""2022"": 2, ""2023"": 1}","{""2020"": 0.001531, ""2021"": 0.001339, ""2022"": 0.00312, ""2023"": 0.001742}",0.001933,0.00024137,Sigma,P8139,2
"dmem, no glucose",5,"2018,2021,2022,2024,2025","{""2018"": 1, ""2021"": 1, ""2022"": 1, ""2024"": 1, ""2025"": 1}","{""2018"": 0.002639, ""2021"": 0.001339, ""2022"": 0.00156, ""2024"": 0.002299, ""2025"": 0.001828}",0.001933,-6.035e-05,Gibco,Cat#11966025,3
mannitol,6,"2019,2020,2021,2022,2025","{""2019"": 2, ""2020"": 1, ""2021"": 1, ""2022"": 1, ""2025"": 1}","{""2019"": 0.003396, ""2020"": 0.001531, ""2021"": 0.001339, ""2022"": 0.00156, ""2025"": 0.001828}",0.001931,-0.0001562,Sigma,Cat#M4125,3
4-aminopyridine (4-ap),5,"2018,2020,2021,2024,2025","{""2018"": 1, ""2020"": 1, ""2021"": 1, ""2024"": 1, ""2025"": 1}","{""2018"": 0.002639, ""2020"": 0.001531, ""2021"": 0.001339, ""2024"": 0.002299, ""2025"": 0.001828}",0.001927,-3.07e-05,Tocris,Cat# 0940,3
gdc0941,5,"2020,2021,2022,2023","{""2020"": 2, ""2021"": 1, ""2022"": 1, ""2023"": 1}","{""2020"": 0.003063, ""2021"": 0.001339, ""2022"": 0.00156, ""2023"": 0.001742}",0.001926,-0.00037405,Selleck Chemicals,Catalog No. S1065,4
recombinant human thrombopoietin,6,"2018,2019,2020,2022,2024,2025","{""2018"": 1, ""2019"": 1, ""2020"": 1, ""2022"": 1, ""2024"": 1, ""2025"": 1}","{""2018"": 0.002639, ""2019"": 0.001698, ""2020"": 0.001531, ""2022"": 0.00156, ""2024"": 0.002299, ""2025"": 0.001828}",0.001926,-2.351e-05,Peprotech,Cat# 300-18,2
addavax adjuvant,5,"2020,2021,2022,2023","{""2020"": 2, ""2021"": 1, ""2022"": 1, ""2023"": 1}","{""2020"": 0.003063, ""2021"": 0.001339, ""2022"": 0.00156, ""2023"": 0.001742}",0.001926,-0.00037405,InvivoGen,Cat# vac-adx-10,1
carbenoxolone,6,"2018,2019,2021,2023,2024,2025","{""2018"": 1, ""2019"": 1, ""2021"": 1, ""2023"": 1, ""2024"": 1, ""2025"": 1}","{""2018"": 0.002639, ""2019"": 0.001698, ""2021"": 0.001339, ""2023"": 0.001742, ""2024"": 0.002299, ""2025"": 0.001828}",0.001924,-3.34e-05,Sigma-Aldrich,Cat: 18240,5
c75,6,"2019,2020,2021,2022,2023","{""2019"": 1, ""2020"": 1, ""2021"": 1, ""2022"": 1, ""2023"": 2}","{""2019"": 0.001698, ""2020"": 0.001531, ""2021"": 0.001339, ""2022"": 0.00156, ""2023"": 0.003484}",0.001922,0.00036017,Cayman Chemicals,191282-48-1,5
n-acetyl-l-cysteine (nac),6,"2019,2020,2021,2022,2023","{""2019"": 1, ""2020"": 1, ""2021"": 1, ""2022"": 1, ""2023"": 2}","{""2019"": 0.001698, ""2020"": 0.001531, ""2021"": 0.001339, ""2022"": 0.00156, ""2023"": 0.003484}",0.001922,0.00036017,Sigma-Aldrich,A9165,3
tyloxapol,5,"2019,2021,2022,2023","{""2019"": 1, ""2021"": 2, ""2022"": 1, ""2023"": 1}","{""2019"": 0.001698, ""2021"": 0.002677, ""2022"": 0.00156, ""2023"": 0.001742}",0.001919,-3.092e-05,Sigma-Aldrich,Cat#: T8761-50G,2
2-deoxy-d-glucose (2-dg),5,"2019,2020,2021,2022","{""2019"": 1, ""2020"": 2, ""2021"": 1, ""2022"": 1}","{""2019"": 0.001698, ""2020"": 0.003063, ""2021"": 0.001339, ""2022"": 0.00156}",0.001915,-0.00021373,Sigma Aldrich,Cat#D6134,2
te buffer,6,"2020,2021,2022,2023,2025","{""2020"": 1, ""2021"": 1, ""2022"": 2, ""2023"": 1, ""2025"": 1}","{""2020"": 0.001531, ""2021"": 0.001339, ""2022"": 0.00312, ""2023"": 0.001742, ""2025"": 0.001828}",0.001912,6.169e-05,ThermoFisher Scientific,Cat#12090015,5
phalloidin,5,"2019,2020,2021,2023","{""2019"": 1, ""2020"": 1, ""2021"": 2, ""2023"": 1}","{""2019"": 0.001698, ""2020"": 0.001531, ""2021"": 0.002677, ""2023"": 0.001742}",0.001912,5.366e-05,Sigma-Aldrich,Cat#A12380,3
tyrode’s solution,5,"2018,2020,2021,2023,2024","{""2018"": 1, ""2020"": 1, ""2021"": 1, ""2023"": 1, ""2024"": 1}","{""2018"": 0.002639, ""2020"": 0.001531, ""2021"": 0.001339, ""2023"": 0.001742, ""2024"": 0.002299}",0.00191,-4.281e-05,Sigma-Aldrich,Cat# T1788,2
d(+)-glucose monohydrate,5,"2018,2019,2021,2022,2024","{""2018"": 1, ""2019"": 1, ""2021"": 1, ""2022"": 1, ""2024"": 1}","{""2018"": 0.002639, ""2019"": 0.001698, ""2021"": 0.001339, ""2022"": 0.00156, ""2024"": 0.002299}",0.001907,-4.157e-05,J.T. Baker,0113,5
mpep hydrochloride,5,"2018,2019,2021,2022,2024","{""2018"": 1, ""2019"": 1, ""2021"": 1, ""2022"": 1, ""2024"": 1}","{""2018"": 0.002639, ""2019"": 0.001698, ""2021"": 0.001339, ""2022"": 0.00156, ""2024"": 0.002299}",0.001907,-4.157e-05,Tocris,Cat# 1212,2
igg elution buffer,6,"2019,2020,2021,2022,2025","{""2019"": 1, ""2020"": 1, ""2021"": 1, ""2022"": 2, ""2025"": 1}","{""2019"": 0.001698, ""2020"": 0.001531, ""2021"": 0.001339, ""2022"": 0.00312, ""2025"": 0.001828}",0.001903,8.016e-05,Thermo Scientific,Cat# 21004,4
1-palmitoyl-2-oleoyl-sn-glycero-3-phosphocholine (popc),5,"2018,2019,2020,2021,2024","{""2018"": 1, ""2019"": 1, ""2020"": 1, ""2021"": 1, ""2024"": 1}","{""2018"": 0.002639, ""2019"": 0.001698, ""2020"": 0.001531, ""2021"": 0.001339, ""2024"": 0.002299}",0.001901,-1.146e-05,Sigma,42773,5
newborn calf serum,6,"2018,2021,2022,2023,2024,2025","{""2018"": 1, ""2021"": 1, ""2022"": 1, ""2023"": 1, ""2024"": 1, ""2025"": 1}","{""2018"": 0.002639, ""2021"": 0.001339, ""2022"": 0.00156, ""2023"": 0.001742, ""2024"": 0.002299, ""2025"": 0.001828}",0.001901,-6.388e-05,Gibco,Cat#26010074,5
liberase tl research grade,7,"2018,2019,2020,2022,2023,2024,2025","{""2018"": 1, ""2019"": 1, ""2020"": 1, ""2022"": 1, ""2023"": 1, ""2024"": 1, ""2025"": 1}","{""2018"": 0.002639, ""2019"": 0.001698, ""2020"": 0.001531, ""2022"": 0.00156, ""2023"": 0.001742, ""2024"": 0.002299, ""2025"": 0.001828}",0.0019,-2.846e-05,Roche,Cat# 5401020001,4
ficoll-paque premium,5,"2020,2021,2022,2025","{""2020"": 1, ""2021"": 2, ""2022"": 1, ""2025"": 1}","{""2020"": 0.001531, ""2021"": 0.002677, ""2022"": 0.00156, ""2025"": 0.001828}",0.001899,-1.826e-05,GE Healthcare,Cat.# 17-5442-02,3
"d-luciferin, sodium salt",5,"2020,2021,2022,2025","{""2020"": 1, ""2021"": 2, ""2022"": 1, ""2025"": 1}","{""2020"": 0.001531, ""2021"": 0.002677, ""2022"": 0.00156, ""2025"": 0.001828}",0.001899,-1.826e-05,GoldBio,Cat#LUCNA-1G; CAS: 103404-75-7,3
opal 690,5,"2020,2021,2022,2025","{""2020"": 1, ""2021"": 2, ""2022"": 1, ""2025"": 1}","{""2020"": 0.001531, ""2021"": 0.002677, ""2022"": 0.00156, ""2025"": 0.001828}",0.001899,-1.826e-05,Akoya Biosciences,Cat#FP1497001KT,3
hyaluronidase from bovine testes,6,"2018,2020,2021,2023,2024,2025","{""2018"": 1, ""2020"": 1, ""2021"": 1, ""2023"": 1, ""2024"": 1, ""2025"": 1}","{""2018"": 0.002639, ""2020"": 0.001531, ""2021"": 0.001339, ""2023"": 0.001742, ""2024"": 0.002299, ""2025"": 0.001828}",0.001896,-3.545e-05,Sigma-Aldrich,Cat# H3506,2
anhydrotetracycline,6,"2019,2020,2021,2023,2025","{""2019"": 1, ""2020"": 1, ""2021"": 2, ""2023"": 1, ""2025"": 1}","{""2019"": 0.001698, ""2020"": 0.001531, ""2021"": 0.002677, ""2023"": 0.001742, ""2025"": 0.001828}",0.001895,7.92e-06,Sigma-Aldrich,Cat# 37919,4
carboplatin,5,"2018,2019,2020,2023,2025","{""2018"": 1, ""2019"": 1, ""2020"": 1, ""2023"": 1, ""2025"": 1}","{""2018"": 0.002639, ""2019"": 0.001698, ""2020"": 0.001531, ""2023"": 0.001742, ""2025"": 0.001828}",0.001888,-6.017e-05,Sigma-Aldrich,Cat# C2538,5
verapamil hydrochloride,6,"2019,2020,2021,2022,2023","{""2019"": 1, ""2020"": 2, ""2021"": 1, ""2022"": 1, ""2023"": 1}","{""2019"": 0.001698, ""2020"": 0.003063, ""2021"": 0.001339, ""2022"": 0.00156, ""2023"": 0.001742}",0.00188,-0.0001414,Sigma-Aldrich,Cat# V4629,2
bright-glo luciferase assay system,5,"2020,2021,2022,2023","{""2020"": 1, ""2021"": 2, ""2022"": 1, ""2023"": 1}","{""2020"": 0.001531, ""2021"": 0.002677, ""2022"": 0.00156, ""2023"": 0.001742}",0.001878,-4.85e-05,Promega,Cat#: E2610,3
minimum essential medium eagle,7,"2018,2019,2020,2021,2023,2024,2025","{""2018"": 1, ""2019"": 1, ""2020"": 1, ""2021"": 1, ""2023"": 1, ""2024"": 1, ""2025"": 1}","{""2018"": 0.002639, ""2019"": 0.001698, ""2020"": 0.001531, ""2021"": 0.001339, ""2023"": 0.001742, ""2024"": 0.002299, ""2025"": 0.001828}",0.001868,-1.805e-05,Sigma-Aldrich,Cat# M8042,5
tmre,7,"2018,2019,2020,2021,2023,2024,2025","{""2018"": 1, ""2019"": 1, ""2020"": 1, ""2021"": 1, ""2023"": 1, ""2024"": 1, ""2025"": 1}","{""2018"": 0.002639, ""2019"": 0.001698, ""2020"": 0.001531, ""2021"": 0.001339, ""2023"": 0.001742, ""2024"": 0.002299, ""2025"": 0.001828}",0.001868,-1.805e-05,Thermo Fisher Scientific,Cat# T669,3
potassium cyanide,5,"2019,2020,2021,2022","{""2019"": 1, ""2020"": 1, ""2021"": 2, ""2022"": 1}","{""2019"": 0.001698, ""2020"": 0.001531, ""2021"": 0.002677, ""2022"": 0.00156}",0.001867,7.328e-05,Sigma-Aldrich,Cat#60178; CAS: 151-50-8,2
r848 (resiquimod),6,"2018,2020,2021,2022,2024,2025","{""2018"": 1, ""2020"": 1, ""2021"": 1, ""2022"": 1, ""2024"": 1, ""2025"": 1}","{""2018"": 0.002639, ""2020"": 0.001531, ""2021"": 0.001339, ""2022"": 0.00156, ""2024"": 0.002299, ""2025"": 0.001828}",0.001866,-3.425e-05,Invivogen,tlrl-r848,3
adenosine 5′-triphosphate disodium salt hydrate (atp),6,"2018,2020,2021,2022,2024,2025","{""2018"": 1, ""2020"": 1, ""2021"": 1, ""2022"": 1, ""2024"": 1, ""2025"": 1}","{""2018"": 0.002639, ""2020"": 0.001531, ""2021"": 0.001339, ""2022"": 0.00156, ""2024"": 0.002299, ""2025"": 0.001828}",0.001866,-3.425e-05,Sigma-Aldrich,Cat#A2383-10G,4
protein a sepharose cl-4b,6,"2018,2020,2021,2022,2023,2024","{""2018"": 1, ""2020"": 1, ""2021"": 1, ""2022"": 1, ""2023"": 1, ""2024"": 1}","{""2018"": 0.002639, ""2020"": 0.001531, ""2021"": 0.001339, ""2022"": 0.00156, ""2023"": 0.001742, ""2024"": 0.002299}",0.001852,-5.183e-05,Thermo Fisher,Cat# GE17-0963-02,3
sodium phosphate dibasic dihydrate,6,"2018,2019,2020,2021,2022,2024","{""2018"": 1, ""2019"": 1, ""2020"": 1, ""2021"": 1, ""2022"": 1, ""2024"": 1}","{""2018"": 0.002639, ""2019"": 0.001698, ""2020"": 0.001531, ""2021"": 0.001339, ""2022"": 0.00156, ""2024"": 0.002299}",0.001844,-2.989e-05,Sigma-Aldrich,71643,3
mtesr1 medium,6,"2018,2019,2020,2021,2022,2024","{""2018"": 1, ""2019"": 1, ""2020"": 1, ""2021"": 1, ""2022"": 1, ""2024"": 1}","{""2018"": 0.002639, ""2019"": 0.001698, ""2020"": 0.001531, ""2021"": 0.001339, ""2022"": 0.00156, ""2024"": 0.002299}",0.001844,-2.989e-05,Stem Cell Technologies,Cat# 85850,6
hematoxylin solution,6,"2019,2020,2021,2022,2023","{""2019"": 1, ""2020"": 1, ""2021"": 2, ""2022"": 1, ""2023"": 1}","{""2019"": 0.001698, ""2020"": 0.001531, ""2021"": 0.002677, ""2022"": 0.00156, ""2023"": 0.001742}",0.001842,1.174e-05,Sigma-Aldrich,Cat# SLCJ5092,6
ciprofloxacin,5,"2018,2019,2020,2022,2023","{""2018"": 1, ""2019"": 1, ""2020"": 1, ""2022"": 1, ""2023"": 1}","{""2018"": 0.002639, ""2019"": 0.001698, ""2020"": 0.001531, ""2022"": 0.00156, ""2023"": 0.001742}",0.001834,-0.0001335,Sigma-Aldrich,Cat#17850,3
recombinant human flt3 ligand,5,"2018,2019,2020,2022,2023","{""2018"": 1, ""2019"": 1, ""2020"": 1, ""2022"": 1, ""2023"": 1}","{""2018"": 0.002639, ""2019"": 0.001698, ""2020"": 0.001531, ""2022"": 0.00156, ""2023"": 0.001742}",0.001834,-0.0001335,Peprotech,Cat# 300-19,1
dharmafect 1 transfection reagent,5,"2019,2022,2023,2024,2025","{""2019"": 1, ""2022"": 1, ""2023"": 1, ""2024"": 1, ""2025"": 1}","{""2019"": 0.001698, ""2022"": 0.00156, ""2023"": 0.001742, ""2024"": 0.002299, ""2025"": 0.001828}",0.001825,5.919e-05,Dharmacon,Cat# T-2001-02,3
complete protease inhibitor tablets,5,"2018,2021,2022,2023,2025","{""2018"": 1, ""2021"": 1, ""2022"": 1, ""2023"": 1, ""2025"": 1}","{""2018"": 0.002639, ""2021"": 0.001339, ""2022"": 0.00156, ""2023"": 0.001742, ""2025"": 0.001828}",0.001822,-0.00010614,Roche,Cat #14696200,4
7-aad (7-aminoactinomycin d),5,"2019,2020,2023,2024,2025","{""2019"": 1, ""2020"": 1, ""2023"": 1, ""2024"": 1, ""2025"": 1}","{""2019"": 0.001698, ""2020"": 0.001531, ""2023"": 0.001742, ""2024"": 0.002299, ""2025"": 0.001828}",0.00182,6.897e-05,Tonbo Biosciences,Cat#A1310,3
(+)-sodium l-ascorbate,5,"2019,2020,2023,2024,2025","{""2019"": 1, ""2020"": 1, ""2023"": 1, ""2024"": 1, ""2025"": 1}","{""2019"": 0.001698, ""2020"": 0.001531, ""2023"": 0.001742, ""2024"": 0.002299, ""2025"": 0.001828}",0.00182,6.897e-05,Millipore Sigma,A4034,2
rnalater stabilization solution,5,"2018,2020,2021,2023,2025","{""2018"": 1, ""2020"": 1, ""2021"": 1, ""2023"": 1, ""2025"": 1}","{""2018"": 0.002639, ""2020"": 0.001531, ""2021"": 0.001339, ""2023"": 0.001742, ""2025"": 0.001828}",0.001816,-7.814e-05,Invitrogen,Cat#AM7021,3
"dnase i, rnase-free",5,"2018,2019,2021,2022,2025","{""2018"": 1, ""2019"": 1, ""2021"": 1, ""2022"": 1, ""2025"": 1}","{""2018"": 0.002639, ""2019"": 0.001698, ""2021"": 0.001339, ""2022"": 0.00156, ""2025"": 0.001828}",0.001813,-8.128e-05,Thermo Scientific,EN0521,1
aicar,5,"2018,2019,2020,2021,2025","{""2018"": 1, ""2019"": 1, ""2020"": 1, ""2021"": 1, ""2025"": 1}","{""2018"": 0.002639, ""2019"": 0.001698, ""2020"": 0.001531, ""2021"": 0.001339, ""2025"": 0.001828}",0.001807,-6.562e-05,Toronto Research Chemicals,Cat# A611700,4
az20,5,"2018,2019,2020,2021,2023","{""2018"": 1, ""2019"": 1, ""2020"": 1, ""2021"": 1, ""2023"": 1}","{""2018"": 0.002639, ""2019"": 0.001698, ""2020"": 0.001531, ""2021"": 0.001339, ""2023"": 0.001742}",0.00179,-0.00014861,Tocris Bioscience,5198; CAS: 1233339-22-4,3
tissue-tek o.c.t,5,"2019,2020,2022,2024,2025","{""2019"": 1, ""2020"": 1, ""2022"": 1, ""2024"": 1, ""2025"": 1}","{""2019"": 0.001698, ""2020"": 0.001531, ""2022"": 0.00156, ""2024"": 0.002299, ""2025"": 0.001828}",0.001783,7.408e-05,Sakura Finetek,4583,2
recombinant mouse ifnγ,5,"2019,2020,2022,2024,2025","{""2019"": 1, ""2020"": 1, ""2022"": 1, ""2024"": 1, ""2025"": 1}","{""2019"": 0.001698, ""2020"": 0.001531, ""2022"": 0.00156, ""2024"": 0.002299, ""2025"": 0.001828}",0.001783,7.408e-05,Peprotech,Cat # 315-05,4
sunflower oil,5,"2019,2021,2023,2024,2025","{""2019"": 1, ""2021"": 1, ""2023"": 1, ""2024"": 1, ""2025"": 1}","{""2019"": 0.001698, ""2021"": 0.001339, ""2023"": 0.001742, ""2024"": 0.002299, ""2025"": 0.001828}",0.001781,7.888e-05,Sigma,8001-21-6,3
brain heart infusion,5,"2019,2021,2023,2024,2025","{""2019"": 1, ""2021"": 1, ""2023"": 1, ""2024"": 1, ""2025"": 1}","{""2019"": 0.001698, ""2021"": 0.001339, ""2023"": 0.001742, ""2024"": 0.002299, ""2025"": 0.001828}",0.001781,7.888e-05,Remel,R452472,5
deoxycholic acid,5,"2019,2021,2023,2024,2025","{""2019"": 1, ""2021"": 1, ""2023"": 1, ""2024"": 1, ""2025"": 1}","{""2019"": 0.001698, ""2021"": 0.001339, ""2023"": 0.001742, ""2024"": 0.002299, ""2025"": 0.001828}",0.001781,7.888e-05,Sigma-Aldrich,Cat# ULM-9545,3
recombinant human il-12 p70,5,"2018,2020,2021,2022,2025","{""2018"": 1, ""2020"": 1, ""2021"": 1, ""2022"": 1, ""2025"": 1}","{""2018"": 0.002639, ""2020"": 0.001531, ""2021"": 0.001339, ""2022"": 0.00156, ""2025"": 0.001828}",0.001779,-8.782e-05,Peprotech,Cat#200-12,1
live/dead fixable aqua dead cell stain,6,"2019,2020,2022,2023,2024,2025","{""2019"": 1, ""2020"": 1, ""2022"": 1, ""2023"": 1, ""2024"": 1, ""2025"": 1}","{""2019"": 0.001698, ""2020"": 0.001531, ""2022"": 0.00156, ""2023"": 0.001742, ""2024"": 0.002299, ""2025"": 0.001828}",0.001776,7.05e-05,Thermo Fisher Scientific,Cat# L34957,3
gtpγs,5,"2021,2022,2023,2024,2025","{""2021"": 1, ""2022"": 1, ""2023"": 1, ""2024"": 1, ""2025"": 1}","{""2021"": 0.001339, ""2022"": 0.00156, ""2023"": 0.001742, ""2024"": 0.002299, ""2025"": 0.001828}",0.001754,0.00017177,Abcam,Cat# ab146662,4
dmso (dimethyl sulfoxide),5,"2018,2019,2020,2021,2022","{""2018"": 1, ""2019"": 1, ""2020"": 1, ""2021"": 1, ""2022"": 1}","{""2018"": 0.002639, ""2019"": 0.001698, ""2020"": 0.001531, ""2021"": 0.001339, ""2022"": 0.00156}",0.001753,-0.0002516,Sigma-Aldrich,Cat# D2650,3
human pdgf-aa,5,"2020,2021,2023,2024,2025","{""2020"": 1, ""2021"": 1, ""2023"": 1, ""2024"": 1, ""2025"": 1}","{""2020"": 0.001531, ""2021"": 0.001339, ""2023"": 0.001742, ""2024"": 0.002299, ""2025"": 0.001828}",0.001748,0.0001267,PeproTech,100-16,4
antibiotic-antimycotic solution,5,"2019,2021,2022,2024,2025","{""2019"": 1, ""2021"": 1, ""2022"": 1, ""2024"": 1, ""2025"": 1}","{""2019"": 0.001698, ""2021"": 0.001339, ""2022"": 0.00156, ""2024"": 0.002299, ""2025"": 0.001828}",0.001745,8.357e-05,Corning,Cat# 30–004-CI,4
nigericin sodium salt,6,"2019,2020,2021,2023,2024,2025","{""2019"": 1, ""2020"": 1, ""2021"": 1, ""2023"": 1, ""2024"": 1, ""2025"": 1}","{""2019"": 0.001698, ""2020"": 0.001531, ""2021"": 0.001339, ""2023"": 0.001742, ""2024"": 0.002299, ""2025"": 0.001828}",0.00174,8.32e-05,MilliporeSigma,11437-25,4
sodium l-lactate,5,"2019,2020,2021,2024,2025","{""2019"": 1, ""2020"": 1, ""2021"": 1, ""2024"": 1, ""2025"": 1}","{""2019"": 0.001698, ""2020"": 0.001531, ""2021"": 0.001339, ""2024"": 0.002299, ""2025"": 0.001828}",0.001739,8.68e-05,Sigma-Aldrich,Cat# 71718,2
mncl 2,5,"2019,2020,2021,2024,2025","{""2019"": 1, ""2020"": 1, ""2021"": 1, ""2024"": 1, ""2025"": 1}","{""2019"": 0.001698, ""2020"": 0.001531, ""2021"": 0.001339, ""2024"": 0.002299, ""2025"": 0.001828}",0.001739,8.68e-05,Sigma-Aldrich,"Cat#: M3634, CAS: 13446-34-9",5
isofluorane,5,"2019,2020,2021,2024,2025","{""2019"": 1, ""2020"": 1, ""2021"": 1, ""2024"": 1, ""2025"": 1}","{""2019"": 0.001698, ""2020"": 0.001531, ""2021"": 0.001339, ""2024"": 0.002299, ""2025"": 0.001828}",0.001739,8.68e-05,MWI Animal Health,501017,5
cm-h2dcfda,5,"2019,2021,2022,2023,2024","{""2019"": 1, ""2021"": 1, ""2022"": 1, ""2023"": 1, ""2024"": 1}","{""2019"": 0.001698, ""2021"": 0.001339, ""2022"": 0.00156, ""2023"": 0.001742, ""2024"": 0.002299}",0.001728,0.00011049,Thermo Fisher Scientific,C6827,2
bradykinin,5,"2019,2021,2022,2023,2024","{""2019"": 1, ""2021"": 1, ""2022"": 1, ""2023"": 1, ""2024"": 1}","{""2019"": 0.001698, ""2021"": 0.001339, ""2022"": 0.00156, ""2023"": 0.001742, ""2024"": 0.002299}",0.001728,0.00011049,Genscript,Cat#B3259; CAS: 6846–03-3,4
sybr green i,5,"2019,2021,2022,2023,2024","{""2019"": 1, ""2021"": 1, ""2022"": 1, ""2023"": 1, ""2024"": 1}","{""2019"": 0.001698, ""2021"": 0.001339, ""2022"": 0.00156, ""2023"": 0.001742, ""2024"": 0.002299}",0.001728,0.00011049,Thermo Fisher Scientific,Cat#S7563,3
plus reagent,5,"2020,2021,2022,2024,2025","{""2020"": 1, ""2021"": 1, ""2022"": 1, ""2024"": 1, ""2025"": 1}","{""2020"": 0.001531, ""2021"": 0.001339, ""2022"": 0.00156, ""2024"": 0.002299, ""2025"": 0.001828}",0.001711,0.00013127,Thermo Fisher Scientific,Cat# 11514015,2
phosphate buffer saline,5,"2020,2021,2022,2024,2025","{""2020"": 1, ""2021"": 1, ""2022"": 1, ""2024"": 1, ""2025"": 1}","{""2020"": 0.001531, ""2021"": 0.001339, ""2022"": 0.00156, ""2024"": 0.002299, ""2025"": 0.001828}",0.001711,0.00013127,Sigma,P3913-10PAK,5
camp,5,"2020,2021,2022,2024,2025","{""2020"": 1, ""2021"": 1, ""2022"": 1, ""2024"": 1, ""2025"": 1}","{""2020"": 0.001531, ""2021"": 0.001339, ""2022"": 0.00156, ""2024"": 0.002299, ""2025"": 0.001828}",0.001711,0.00013127,Merck,B5386,3
dsg (disuccinimidyl glutarate),6,"2019,2020,2021,2022,2024,2025","{""2019"": 1, ""2020"": 1, ""2021"": 1, ""2022"": 1, ""2024"": 1, ""2025"": 1}","{""2019"": 0.001698, ""2020"": 0.001531, ""2021"": 0.001339, ""2022"": 0.00156, ""2024"": 0.002299, ""2025"": 0.001828}",0.001709,8.558e-05,Thermo Scientific,20593,2
nupage mes sds running buffer (20x),6,"2019,2020,2021,2022,2024,2025","{""2019"": 1, ""2020"": 1, ""2021"": 1, ""2022"": 1, ""2024"": 1, ""2025"": 1}","{""2019"": 0.001698, ""2020"": 0.001531, ""2021"": 0.001339, ""2022"": 0.00156, ""2024"": 0.002299, ""2025"": 0.001828}",0.001709,8.558e-05,Thermo Fisher Scientific,Cat# NP0002,2
sodium borohydride,6,"2019,2020,2021,2022,2023,2024","{""2019"": 1, ""2020"": 1, ""2021"": 1, ""2022"": 1, ""2023"": 1, ""2024"": 1}","{""2019"": 0.001698, ""2020"": 0.001531, ""2021"": 0.001339, ""2022"": 0.00156, ""2023"": 0.001742, ""2024"": 0.002299}",0.001695,0.00011026,Sigma-Aldrich,AC448501000,5
recombinant human tgf-b1,5,"2020,2021,2022,2023,2024","{""2020"": 1, ""2021"": 1, ""2022"": 1, ""2023"": 1, ""2024"": 1}","{""2020"": 0.001531, ""2021"": 0.001339, ""2022"": 0.00156, ""2023"": 0.001742, ""2024"": 0.002299}",0.001694,0.00019384,PeproTech,Cat#781802,4
insulin solution from bovine pancreas,5,"2019,2020,2022,2023,2025","{""2019"": 1, ""2020"": 1, ""2022"": 1, ""2023"": 1, ""2025"": 1}","{""2019"": 0.001698, ""2020"": 0.001531, ""2022"": 0.00156, ""2023"": 0.001742, ""2025"": 0.001828}",0.001672,3.256e-05,Sigma-Aldrich,Cat# I0516,1
hoechst 34580,5,"2019,2020,2022,2023,2025","{""2019"": 1, ""2020"": 1, ""2022"": 1, ""2023"": 1, ""2025"": 1}","{""2019"": 0.001698, ""2020"": 0.001531, ""2022"": 0.00156, ""2023"": 0.001742, ""2025"": 0.001828}",0.001672,3.256e-05,Sigma-Aldrich,Cat #: 63493,2
turbo dna-free kit,5,"2019,2020,2022,2023,2025","{""2019"": 1, ""2020"": 1, ""2022"": 1, ""2023"": 1, ""2025"": 1}","{""2019"": 0.001698, ""2020"": 0.001531, ""2022"": 0.00156, ""2023"": 0.001742, ""2025"": 0.001828}",0.001672,3.256e-05,Thermo Fisher Scientific,Cat#AM1907,1
exendin-4,5,"2019,2021,2022,2023,2025","{""2019"": 1, ""2021"": 1, ""2022"": 1, ""2023"": 1, ""2025"": 1}","{""2019"": 0.001698, ""2021"": 0.001339, ""2022"": 0.00156, ""2023"": 0.001742, ""2025"": 0.001828}",0.001633,3.973e-05,Sigma-Aldrich,Cat#E7144,3
l-glutamine 200mm,5,"2019,2021,2022,2023,2025","{""2019"": 1, ""2021"": 1, ""2022"": 1, ""2023"": 1, ""2025"": 1}","{""2019"": 0.001698, ""2021"": 0.001339, ""2022"": 0.00156, ""2023"": 0.001742, ""2025"": 0.001828}",0.001633,3.973e-05,EuroClone,Cat# ECB3000D,4
diazoxide,5,"2019,2020,2021,2023,2025","{""2019"": 1, ""2020"": 1, ""2021"": 1, ""2023"": 1, ""2025"": 1}","{""2019"": 0.001698, ""2020"": 0.001531, ""2021"": 0.001339, ""2023"": 0.001742, ""2025"": 0.001828}",0.001628,4.254e-05,Sigma,D9035,1
tpck-trypsin,6,"2019,2020,2021,2022,2023,2025","{""2019"": 1, ""2020"": 1, ""2021"": 1, ""2022"": 1, ""2023"": 1, ""2025"": 1}","{""2019"": 0.001698, ""2020"": 0.001531, ""2021"": 0.001339, ""2022"": 0.00156, ""2023"": 0.001742, ""2025"": 0.001828}",0.001616,4.134e-05,Thermo Fisher Scientific,Cat# 20233,3
irdye 800cw streptavidin,5,"2020,2021,2022,2023,2025","{""2020"": 1, ""2021"": 1, ""2022"": 1, ""2023"": 1, ""2025"": 1}","{""2020"": 0.001531, ""2021"": 0.001339, ""2022"": 0.00156, ""2023"": 0.001742, ""2025"": 0.001828}",0.0016,8.277e-05,LI-COR Biosciences,Cat#: 926-32230,3
chitinase,5,"2020,2021,2022,2023,2025","{""2020"": 1, ""2021"": 1, ""2022"": 1, ""2023"": 1, ""2025"": 1}","{""2020"": 0.001531, ""2021"": 0.001339, ""2022"": 0.00156, ""2023"": 0.001742, ""2025"": 0.001828}",0.0016,8.277e-05,Sigma-Aldrich,Cat#C6137,2
middlebrook 7h9 broth,5,"2019,2020,2021,2022,2025","{""2019"": 1, ""2020"": 1, ""2021"": 1, ""2022"": 1, ""2025"": 1}","{""2019"": 0.001698, ""2020"": 0.001531, ""2021"": 0.001339, ""2022"": 0.00156, ""2025"": 0.001828}",0.001591,3.6e-05,Fischer Scientific,Cat# 271310,5
phenol red,5,"2019,2020,2021,2022,2025","{""2019"": 1, ""2020"": 1, ""2021"": 1, ""2022"": 1, ""2025"": 1}","{""2019"": 0.001698, ""2020"": 0.001531, ""2021"": 0.001339, ""2022"": 0.00156, ""2025"": 0.001828}",0.001591,3.6e-05,Sigma-Aldrich,P3532,2
l-buthionine-sulfoximine,5,"2019,2020,2021,2022,2023","{""2019"": 1, ""2020"": 1, ""2021"": 1, ""2022"": 1, ""2023"": 1}","{""2019"": 0.001698, ""2020"": 0.001531, ""2021"": 0.001339, ""2022"": 0.00156, ""2023"": 0.001742}",0.001574,1.174e-05,Sigma-Aldrich,B2515,1
dorsomorphin dihydrochloride,5,"2019,2020,2021,2022,2023","{""2019"": 1, ""2020"": 1, ""2021"": 1, ""2022"": 1, ""2023"": 1}","{""2019"": 0.001698, ""2020"": 0.001531, ""2021"": 0.001339, ""2022"": 0.00156, ""2023"": 0.001742}",0.001574,1.174e-05,R&D Systems,#3093/50,2
